FECHA (YYMMDD);HORA (HHMM);Registros validados;Registros preliminares;Registros no validados;
220401;0100;;;;
220401;0200;;;;
220401;0300;;;;
220401;0400;;;;
220401;0500;;;;
220401;0600;;;;
220401;0700;;;;
220401;0800;;;;
220401;0900;;;;
220401;1000;;;;
220401;1100;;;;
220401;1200;;;;
220401;1300;;;;
220401;1400;;;;
220401;1500;;;;
220401;1600;;;;
220401;1700;;;;
220401;1800;;;;
220401;1900;;;;
220401;2000;;;;
220401;2100;;;;
220401;2200;;;;
220401;2300;;;;
220402;0000;;;;
220402;0100;;;;
220402;0200;;;;
220402;0300;;;;
220402;0400;;;;
220402;0500;;;;
220402;0600;;;;
220402;0700;;;;
220402;0800;;;;
220402;0900;;;;
220402;1000;;;;
220402;1100;;;;
220402;1200;;;;
220402;1300;;;;
220402;1400;;;;
220402;1500;;;;
220402;1600;;;;
220402;1700;;;;
220402;1800;;;;
220402;1900;;;;
220402;2000;;;;
220402;2100;;;;
220402;2200;;;;
220402;2300;;;;
220403;0000;;;;
220403;0100;;;;
220403;0200;;;;
220403;0300;;;;
220403;0400;;;;
220403;0500;;;;
220403;0600;;;;
220403;0700;;;;
220403;0800;;;;
220403;0900;;;;
220403;1000;;;;
220403;1100;;;;
220403;1200;;;;
220403;1300;;;;
220403;1400;;;;
220403;1500;;;;
220403;1600;;;;
220403;1700;;;;
220403;1800;;;;
220403;1900;;;;
220403;2000;;;;
220403;2100;;;;
220403;2200;;;;
220403;2300;;;;
220404;0000;;;;
220404;0100;;;;
220404;0200;;;;
220404;0300;;;;
220404;0400;;;;
220404;0500;;;;
220404;0600;;;;
220404;0700;;;;
220404;0800;;;;
220404;0900;;;;
220404;1000;;;;
220404;1100;;;;
220404;1200;;;;
220404;1300;;;;
220404;1400;;;;
220404;1500;;;;
220404;1600;;;;
220404;1700;;;;
220404;1800;;;;
220404;1900;;;;
220404;2000;;;;
220404;2100;;;;
220404;2200;;;;
220404;2300;;;;
220405;0000;;;;
220405;0100;;;;
220405;0200;;;;
220405;0300;;;;
220405;0400;;;;
220405;0500;;;;
220405;0600;;;;
220405;0700;;;;
220405;0800;;;;
220405;0900;;;;
220405;1000;;;;
220405;1100;;;;
220405;1200;;;;
220405;1300;;;;
220405;1400;;;;
220405;1500;;;;
220405;1600;;;;
220405;1700;;;;
220405;1800;;;;
220405;1900;;;;
220405;2000;;;;
220405;2100;;;;
220405;2200;;;;
220405;2300;;;;
220406;0000;;;;
220406;0100;;;;
220406;0200;;;;
220406;0300;;;;
220406;0400;;;;
220406;0500;;;;
220406;0600;;;;
220406;0700;;;;
220406;0800;;;;
220406;0900;;;;
220406;1000;;;;
220406;1100;;;;
220406;1200;;;;
220406;1300;;;;
220406;1400;;;;
220406;1500;;;;
220406;1600;;;;
220406;1700;;;;
220406;1800;;;;
220406;1900;;;;
220406;2000;;;;
220406;2100;;;;
220406;2200;;;;
220406;2300;;;;
220407;0000;;;;
220407;0100;;;;
220407;0200;;;;
220407;0300;;;;
220407;0400;;;;
220407;0500;;;;
220407;0600;;;;
220407;0700;;;;
220407;0800;;;;
220407;0900;;;;
220407;1000;;;;
220407;1100;;;;
220407;1200;;;;
220407;1300;;;;
220407;1400;;;;
220407;1500;;;;
220407;1600;;;;
220407;1700;;;;
220407;1800;;;;
220407;1900;;;;
220407;2000;;;;
220407;2100;;;;
220407;2200;;;;
220407;2300;;;;
220408;0000;;;;
220408;0100;;;;
220408;0200;;;;
220408;0300;;;;
220408;0400;;;;
220408;0500;;;;
220408;0600;;;;
220408;0700;;;;
220408;0800;;;;
220408;0900;;;;
220408;1000;;;;
220408;1100;;;;
220408;1200;;;;
220408;1300;;;;
220408;1400;;;;
220408;1500;;;;
220408;1600;;;;
220408;1700;;;;
220408;1800;;;;
220408;1900;;;;
220408;2000;;;;
220408;2100;;;;
220408;2200;;;;
220408;2300;;;;
220409;0000;;;;
220409;0100;;;;
220409;0200;;;;
220409;0300;;;;
220409;0400;;;;
220409;0500;;;;
220409;0600;;;;
220409;0700;;;;
220409;0800;;;;
220409;0900;;;;
220409;1000;;;;
220409;1100;;;;
220409;1200;;;;
220409;1300;;;;
220409;1400;;;;
220409;1500;;;;
220409;1600;;;;
220409;1700;;;;
220409;1800;;;;
220409;1900;;;;
220409;2000;;;;
220409;2100;;;;
220409;2200;;;;
220409;2300;;;;
220410;0000;;;;
220410;0100;;;;
220410;0200;;;;
220410;0300;;;;
220410;0400;;;;
220410;0500;;;;
220410;0600;;;;
220410;0700;;;;
220410;0800;;;;
220410;0900;;;;
220410;1000;;;;
220410;1100;;;;
220410;1200;;;;
220410;1300;;;;
220410;1400;;;;
220410;1500;;;;
220410;1600;;;;
220410;1700;;;;
220410;1800;;;;
220410;1900;;;;
220410;2000;;;;
220410;2100;;;;
220410;2200;;;;
220410;2300;;;;
220411;0000;;;;
220411;0100;;;;
220411;0200;;;;
220411;0300;;;;
220411;0400;;;;
220411;0500;;;;
220411;0600;;;;
220411;0700;;;;
220411;0800;;;;
220411;0900;;;;
220411;1000;3;;;
220411;1100;2;;;
220411;1200;2;;;
220411;1300;1;;;
220411;1400;1;;;
220411;1500;1;;;
220411;1600;3;;;
220411;1700;8;;;
220411;1800;15;;;
220411;1900;13;;;
220411;2000;12;;;
220411;2100;7;;;
220411;2200;10;;;
220411;2300;11;;;
220412;0000;9;;;
220412;0100;13;;;
220412;0200;13;;;
220412;0300;13;;;
220412;0400;17;;;
220412;0500;18;;;
220412;0600;21;;;
220412;0700;17;;;
220412;0800;17;;;
220412;0900;21;;;
220412;1000;20;;;
220412;1100;14;;;
220412;1200;17;;;
220412;1300;15;;;
220412;1400;14;;;
220412;1500;12;;;
220412;1600;12;;;
220412;1700;11;;;
220412;1800;8;;;
220412;1900;12;;;
220412;2000;12;;;
220412;2100;12;;;
220412;2200;18;;;
220412;2300;24;;;
220413;0000;33;;;
220413;0100;32;;;
220413;0200;32;;;
220413;0300;30;;;
220413;0400;22;;;
220413;0500;26;;;
220413;0600;35;;;
220413;0700;35;;;
220413;0800;31;;;
220413;0900;29;;;
220413;1000;30;;;
220413;1100;21;;;
220413;1200;15;;;
220413;1300;22;;;
220413;1400;24;;;
220413;1500;24;;;
220413;1600;12;;;
220413;1700;9;;;
220413;1800;19;;;
220413;1900;13;;;
220413;2000;36;;;
220413;2100;30;;;
220413;2200;33;;;
220413;2300;58;;;
220414;0000;55;;;
220414;0100;58;;;
220414;0200;41;;;
220414;0300;39;;;
220414;0400;27;;;
220414;0500;34;;;
220414;0600;39;;;
220414;0700;48;;;
220414;0800;43;;;
220414;0900;44;;;
220414;1000;41;;;
220414;1100;22;;;
220414;1200;15;;;
220414;1300;19;;;
220414;1400;14;;;
220414;1500;17;;;
220414;1600;23;;;
220414;1700;31;;;
220414;1800;16;;;
220414;1900;15;;;
220414;2000;19;;;
220414;2100;19;;;
220414;2200;15;;;
220414;2300;15;;;
220415;0000;14;;;
220415;0100;13;;;
220415;0200;12;;;
220415;0300;15;;;
220415;0400;16;;;
220415;0500;12;;;
220415;0600;11;;;
220415;0700;16;;;
220415;0800;16;;;
220415;0900;9;;;
220415;1000;16;;;
220415;1100;21;;;
220415;1200;23;;;
220415;1300;24;;;
220415;1400;28;;;
220415;1500;20;;;
220415;1600;19;;;
220415;1700;16;;;
220415;1800;16;;;
220415;1900;15;;;
220415;2000;17;;;
220415;2100;19;;;
220415;2200;17;;;
220415;2300;31;;;
220416;0000;42;;;
220416;0100;37;;;
220416;0200;34;;;
220416;0300;35;;;
220416;0400;35;;;
220416;0500;40;;;
220416;0600;47;;;
220416;0700;45;;;
220416;0800;40;;;
220416;0900;42;;;
220416;1000;44;;;
220416;1100;42;;;
220416;1200;37;;;
220416;1300;33;;;
220416;1400;27;;;
220416;1500;20;;;
220416;1600;16;;;
220416;1700;20;;;
220416;1800;20;;;
220416;1900;24;;;
220416;2000;26;;;
220416;2100;29;;;
220416;2200;27;;;
220416;2300;56;;;
220417;0000;54;;;
220417;0100;78;;;
220417;0200;85;;;
220417;0300;80;;;
220417;0400;54;;;
220417;0500;55;;;
220417;0600;40;;;
220417;0700;29;;;
220417;0800;35;;;
220417;0900;34;;;
220417;1000;34;;;
220417;1100;35;;;
220417;1200;39;;;
220417;1300;37;;;
220417;1400;27;;;
220417;1500;18;;;
220417;1600;26;;;
220417;1700;19;;;
220417;1800;23;;;
220417;1900;15;;;
220417;2000;21;;;
220417;2100;24;;;
220417;2200;25;;;
220417;2300;25;;;
220418;0000;25;;;
220418;0100;27;;;
220418;0200;24;;;
220418;0300;26;;;
220418;0400;20;;;
220418;0500;28;;;
220418;0600;46;;;
220418;0700;55;;;
220418;0800;61;;;
220418;0900;66;;;
220418;1000;45;;;
220418;1100;40;;;
220418;1200;42;;;
220418;1300;32;;;
220418;1400;26;;;
220418;1500;25;;;
220418;1600;23;;;
220418;1700;;;;
220418;1800;;;;
220418;1900;20;;;
220418;2000;25;;;
220418;2100;31;;;
220418;2200;24;;;
220418;2300;22;;;
220419;0000;25;;;
220419;0100;36;;;
220419;0200;45;;;
220419;0300;33;;;
220419;0400;41;;;
220419;0500;53;;;
220419;0600;53;;;
220419;0700;58;;;
220419;0800;59;;;
220419;0900;68;;;
220419;1000;58;;;
220419;1100;37;;;
220419;1200;31;;;
220419;1300;39;;;
220419;1400;32;;;
220419;1500;24;;;
220419;1600;21;;;
220419;1700;16;;;
220419;1800;23;;;
220419;1900;18;;;
220419;2000;17;;;
220419;2100;10;;;
220419;2200;14;;;
220419;2300;16;;;
220420;0000;12;;;
220420;0100;20;;;
220420;0200;17;;;
220420;0300;15;;;
220420;0400;19;;;
220420;0500;25;;;
220420;0600;31;;;
220420;0700;42;;;
220420;0800;40;;;
220420;0900;34;;;
220420;1000;25;;;
220420;1100;27;;;
220420;1200;26;;;
220420;1300;28;;;
220420;1400;25;;;
220420;1500;22;;;
220420;1600;21;;;
220420;1700;17;;;
220420;1800;18;;;
220420;1900;13;;;
220420;2000;18;;;
220420;2100;22;;;
220420;2200;18;;;
220420;2300;12;;;
220421;0000;25;;;
220421;0100;25;;;
220421;0200;34;;;
220421;0300;32;;;
220421;0400;44;;;
220421;0500;37;;;
220421;0600;31;;;
220421;0700;41;;;
220421;0800;40;;;
220421;0900;35;;;
220421;1000;41;;;
220421;1100;36;;;
220421;1200;29;;;
220421;1300;34;;;
220421;1400;27;;;
220421;1500;24;;;
220421;1600;22;;;
220421;1700;19;;;
220421;1800;21;;;
220421;1900;25;;;
220421;2000;25;;;
220421;2100;20;;;
220421;2200;22;;;
220421;2300;27;;;
220422;0000;24;;;
220422;0100;29;;;
220422;0200;35;;;
220422;0300;36;;;
220422;0400;31;;;
220422;0500;29;;;
220422;0600;23;;;
220422;0700;26;;;
220422;0800;41;;;
220422;0900;45;;;
220422;1000;46;;;
220422;1100;39;;;
220422;1200;24;;;
220422;1300;21;;;
220422;1400;16;;;
220422;1500;11;;;
220422;1600;12;;;
220422;1700;15;;;
220422;1800;10;;;
220422;1900;12;;;
220422;2000;23;;;
220422;2100;28;;;
220422;2200;36;;;
220422;2300;44;;;
220423;0000;63;;;
220423;0100;56;;;
220423;0200;51;;;
220423;0300;49;;;
220423;0400;44;;;
220423;0500;36;;;
220423;0600;33;;;
220423;0700;35;;;
220423;0800;40;;;
220423;0900;51;;;
220423;1000;38;;;
220423;1100;26;;;
220423;1200;28;;;
220423;1300;17;;;
220423;1400;5;;;
220423;1500;8;;;
220423;1600;9;;;
220423;1700;9;;;
220423;1800;9;;;
220423;1900;7;;;
220423;2000;6;;;
220423;2100;17;;;
220423;2200;13;;;
220423;2300;9;;;
220424;0000;22;;;
220424;0100;29;;;
220424;0200;26;;;
220424;0300;20;;;
220424;0400;21;;;
220424;0500;26;;;
220424;0600;29;;;
220424;0700;34;;;
220424;0800;33;;;
220424;0900;22;;;
220424;1000;14;;;
220424;1100;8;;;
220424;1200;7;;;
220424;1300;6;;;
220424;1400;9;;;
220424;1500;8;;;
220424;1600;5;;;
220424;1700;4;;;
220424;1800;5;;;
220424;1900;4;;;
220424;2000;5;;;
220424;2100;8;;;
220424;2200;9;;;
220424;2300;9;;;
220425;0000;7;;;
220425;0100;9;;;
220425;0200;8;;;
220425;0300;5;;;
220425;0400;5;;;
220425;0500;8;;;
220425;0600;11;;;
220425;0700;20;;;
220425;0800;30;;;
220425;0900;14;;;
220425;1000;13;;;
220425;1100;20;;;
220425;1200;6;;;
220425;1300;9;;;
220425;1400;6;;;
220425;1500;6;;;
220425;1600;7;;;
220425;1700;8;;;
220425;1800;10;;;
220425;1900;7;;;
220425;2000;4;;;
220425;2100;8;;;
220425;2200;10;;;
220425;2300;7;;;
220426;0000;4;;;
220426;0100;3;;;
220426;0200;8;;;
220426;0300;8;;;
220426;0400;8;;;
220426;0500;7;;;
220426;0600;4;;;
220426;0700;2;;;
220426;0800;7;;;
220426;0900;6;;;
220426;1000;4;;;
220426;1100;5;;;
220426;1200;11;;;
220426;1300;8;;;
220426;1400;8;;;
220426;1500;8;;;
220426;1600;7;;;
220426;1700;7;;;
220426;1800;6;;;
220426;1900;8;;;
220426;2000;9;;;
220426;2100;7;;;
220426;2200;8;;;
220426;2300;14;;;
220427;0000;8;;;
220427;0100;11;;;
220427;0200;7;;;
220427;0300;5;;;
220427;0400;15;;;
220427;0500;16;;;
220427;0600;17;;;
220427;0700;19;;;
220427;0800;25;;;
220427;0900;26;;;
220427;1000;21;;;
220427;1100;19;;;
220427;1200;14;;;
220427;1300;10;;;
220427;1400;7;;;
220427;1500;6;;;
220427;1600;7;;;
220427;1700;11;;;
220427;1800;14;;;
220427;1900;34;;;
220427;2000;37;;;
220427;2100;43;;;
220427;2200;42;;;
220427;2300;59;;;
220428;0000;71;;;
220428;0100;63;;;
220428;0200;38;;;
220428;0300;30;;;
220428;0400;37;;;
220428;0500;25;;;
220428;0600;33;;;
220428;0700;43;;;
220428;0800;38;;;
220428;0900;53;;;
220428;1000;40;;;
220428;1100;46;;;
220428;1200;39;;;
220428;1300;38;;;
220428;1400;41;;;
220428;1500;43;;;
220428;1600;20;;;
220428;1700;19;;;
220428;1800;31;;;
220428;1900;31;;;
220428;2000;37;;;
220428;2100;49;;;
220428;2200;64;;;
220428;2300;50;;;
220429;0000;48;;;
220429;0100;65;;;
220429;0200;63;;;
220429;0300;69;;;
220429;0400;62;;;
220429;0500;52;;;
220429;0600;46;;;
220429;0700;55;;;
220429;0800;61;;;
220429;0900;55;;;
220429;1000;64;;;
220429;1100;59;;;
220429;1200;53;;;
220429;1300;48;;;
220429;1400;40;;;
220429;1500;47;;;
220429;1600;33;;;
220429;1700;30;;;
220429;1800;17;;;
220429;1900;20;;;
220429;2000;34;;;
220429;2100;39;;;
220429;2200;35;;;
220429;2300;20;;;
220430;0000;49;;;
220430;0100;58;;;
220430;0200;42;;;
220430;0300;40;;;
220430;0400;45;;;
220430;0500;59;;;
220430;0600;55;;;
220430;0700;50;;;
220430;0800;46;;;
220430;0900;33;;;
220430;1000;35;;;
220430;1100;35;;;
220430;1200;41;;;
220430;1300;35;;;
220430;1400;24;;;
220430;1500;16;;;
220430;1600;23;;;
220430;1700;32;;;
220430;1800;39;;;
220430;1900;43;;;
220430;2000;67;;;
220430;2100;54;;;
220430;2200;41;;;
220430;2300;69;;;
220501;0000;86;;;
220501;0100;111;;;
220501;0200;82;;;
220501;0300;78;;;
220501;0400;71;;;
220501;0500;62;;;
220501;0600;57;;;
220501;0700;61;;;
220501;0800;46;;;
220501;0900;58;;;
220501;1000;46;;;
220501;1100;42;;;
220501;1200;42;;;
220501;1300;28;;;
220501;1400;23;;;
220501;1500;24;;;
220501;1600;20;;;
220501;1700;19;;;
220501;1800;20;;;
220501;1900;17;;;
220501;2000;18;;;
220501;2100;31;;;
220501;2200;30;;;
220501;2300;21;;;
220502;0000;21;;;
220502;0100;17;;;
220502;0200;19;;;
220502;0300;17;;;
220502;0400;24;;;
220502;0500;29;;;
220502;0600;40;;;
220502;0700;50;;;
220502;0800;39;;;
220502;0900;38;;;
220502;1000;34;;;
220502;1100;38;;;
220502;1200;33;;;
220502;1300;38;;;
220502;1400;35;;;
220502;1500;21;;;
220502;1600;14;;;
220502;1700;26;;;
220502;1800;28;;;
220502;1900;25;;;
220502;2000;28;;;
220502;2100;26;;;
220502;2200;30;;;
220502;2300;41;;;
220503;0000;49;;;
220503;0100;54;;;
220503;0200;46;;;
220503;0300;36;;;
220503;0400;43;;;
220503;0500;42;;;
220503;0600;55;;;
220503;0700;52;;;
220503;0800;53;;;
220503;0900;56;;;
220503;1000;47;;;
220503;1100;38;;;
220503;1200;55;;;
220503;1300;47;;;
220503;1400;39;;;
220503;1500;46;;;
220503;1600;41;;;
220503;1700;36;;;
220503;1800;34;;;
220503;1900;14;;;
220503;2000;22;;;
220503;2100;27;;;
220503;2200;60;;;
220503;2300;65;;;
220504;0000;61;;;
220504;0100;49;;;
220504;0200;44;;;
220504;0300;38;;;
220504;0400;36;;;
220504;0500;37;;;
220504;0600;29;;;
220504;0700;45;;;
220504;0800;60;;;
220504;0900;39;;;
220504;1000;42;;;
220504;1100;61;;;
220504;1200;34;;;
220504;1300;20;;;
220504;1400;21;;;
220504;1500;31;;;
220504;1600;26;;;
220504;1700;34;;;
220504;1800;36;;;
220504;1900;37;;;
220504;2000;31;;;
220504;2100;35;;;
220504;2200;33;;;
220504;2300;31;;;
220505;0000;24;;;
220505;0100;22;;;
220505;0200;21;;;
220505;0300;22;;;
220505;0400;28;;;
220505;0500;30;;;
220505;0600;31;;;
220505;0700;27;;;
220505;0800;31;;;
220505;0900;34;;;
220505;1000;47;;;
220505;1100;51;;;
220505;1200;58;;;
220505;1300;56;;;
220505;1400;46;;;
220505;1500;51;;;
220505;1600;50;;;
220505;1700;47;;;
220505;1800;46;;;
220505;1900;52;;;
220505;2000;57;;;
220505;2100;64;;;
220505;2200;64;;;
220505;2300;49;;;
220506;0000;49;;;
220506;0100;52;;;
220506;0200;62;;;
220506;0300;51;;;
220506;0400;45;;;
220506;0500;52;;;
220506;0600;51;;;
220506;0700;42;;;
220506;0800;35;;;
220506;0900;58;;;
220506;1000;80;;;
220506;1100;94;;;
220506;1200;95;;;
220506;1300;80;;;
220506;1400;75;;;
220506;1500;74;;;
220506;1600;53;;;
220506;1700;53;;;
220506;1800;68;;;
220506;1900;51;;;
220506;2000;52;;;
220506;2100;60;;;
220506;2200;61;;;
220506;2300;84;;;
220507;0000;86;;;
220507;0100;91;;;
220507;0200;91;;;
220507;0300;79;;;
220507;0400;74;;;
220507;0500;63;;;
220507;0600;61;;;
220507;0700;64;;;
220507;0800;57;;;
220507;0900;69;;;
220507;1000;63;;;
220507;1100;47;;;
220507;1200;34;;;
220507;1300;27;;;
220507;1400;33;;;
220507;1500;36;;;
220507;1600;35;;;
220507;1700;42;;;
220507;1800;39;;;
220507;1900;42;;;
220507;2000;40;;;
220507;2100;40;;;
220507;2200;35;;;
220507;2300;34;;;
220508;0000;28;;;
220508;0100;28;;;
220508;0200;27;;;
220508;0300;31;;;
220508;0400;33;;;
220508;0500;30;;;
220508;0600;31;;;
220508;0700;23;;;
220508;0800;28;;;
220508;0900;23;;;
220508;1000;24;;;
220508;1100;16;;;
220508;1200;18;;;
220508;1300;20;;;
220508;1400;26;;;
220508;1500;30;;;
220508;1600;27;;;
220508;1700;30;;;
220508;1800;34;;;
220508;1900;37;;;
220508;2000;37;;;
220508;2100;39;;;
220508;2200;37;;;
220508;2300;45;;;
220509;0000;43;;;
220509;0100;35;;;
220509;0200;42;;;
220509;0300;50;;;
220509;0400;45;;;
220509;0500;43;;;
220509;0600;49;;;
220509;0700;52;;;
220509;0800;66;;;
220509;0900;56;;;
220509;1000;50;;;
220509;1100;;;;
220509;1200;;;;
220509;1300;62;;;
220509;1400;57;;;
220509;1500;46;;;
220509;1600;44;;;
220509;1700;37;;;
220509;1800;39;;;
220509;1900;44;;;
220509;2000;48;;;
220509;2100;44;;;
220509;2200;50;;;
220509;2300;55;;;
220510;0000;62;;;
220510;0100;53;;;
220510;0200;57;;;
220510;0300;47;;;
220510;0400;43;;;
220510;0500;58;;;
220510;0600;66;;;
220510;0700;64;;;
220510;0800;63;;;
220510;0900;67;;;
220510;1000;68;;;
220510;1100;72;;;
220510;1200;64;;;
220510;1300;63;;;
220510;1400;45;;;
220510;1500;52;;;
220510;1600;41;;;
220510;1700;43;;;
220510;1800;48;;;
220510;1900;56;;;
220510;2000;70;;;
220510;2100;67;;;
220510;2200;77;;;
220510;2300;92;;;
220511;0000;65;;;
220511;0100;53;;;
220511;0200;62;;;
220511;0300;62;;;
220511;0400;69;;;
220511;0500;67;;;
220511;0600;72;;;
220511;0700;73;;;
220511;0800;;;;
220511;0900;;;;
220511;1000;;;;
220511;1100;71;;;
220511;1200;80;;;
220511;1300;57;;;
220511;1400;55;;;
220511;1500;57;;;
220511;1600;59;;;
220511;1700;49;;;
220511;1800;47;;;
220511;1900;50;;;
220511;2000;54;;;
220511;2100;51;;;
220511;2200;64;;;
220511;2300;70;;;
220512;0000;52;;;
220512;0100;63;;;
220512;0200;44;;;
220512;0300;55;;;
220512;0400;50;;;
220512;0500;61;;;
220512;0600;53;;;
220512;0700;73;;;
220512;0800;73;;;
220512;0900;65;;;
220512;1000;74;;;
220512;1100;87;;;
220512;1200;59;;;
220512;1300;51;;;
220512;1400;37;;;
220512;1500;52;;;
220512;1600;59;;;
220512;1700;56;;;
220512;1800;50;;;
220512;1900;47;;;
220512;2000;44;;;
220512;2100;49;;;
220512;2200;48;;;
220512;2300;60;;;
220513;0000;61;;;
220513;0100;57;;;
220513;0200;64;;;
220513;0300;70;;;
220513;0400;70;;;
220513;0500;63;;;
220513;0600;69;;;
220513;0700;68;;;
220513;0800;86;;;
220513;0900;73;;;
220513;1000;74;;;
220513;1100;77;;;
220513;1200;65;;;
220513;1300;61;;;
220513;1400;62;;;
220513;1500;52;;;
220513;1600;35;;;
220513;1700;49;;;
220513;1800;40;;;
220513;1900;29;;;
220513;2000;36;;;
220513;2100;36;;;
220513;2200;41;;;
220513;2300;58;;;
220514;0000;68;;;
220514;0100;82;;;
220514;0200;71;;;
220514;0300;59;;;
220514;0400;53;;;
220514;0500;57;;;
220514;0600;57;;;
220514;0700;63;;;
220514;0800;63;;;
220514;0900;67;;;
220514;1000;66;;;
220514;1100;63;;;
220514;1200;63;;;
220514;1300;65;;;
220514;1400;66;;;
220514;1500;43;;;
220514;1600;33;;;
220514;1700;28;;;
220514;1800;32;;;
220514;1900;31;;;
220514;2000;49;;;
220514;2100;105;;;
220514;2200;121;;;
220514;2300;138;;;
220515;0000;121;;;
220515;0100;129;;;
220515;0200;122;;;
220515;0300;120;;;
220515;0400;92;;;
220515;0500;66;;;
220515;0600;60;;;
220515;0700;64;;;
220515;0800;55;;;
220515;0900;57;;;
220515;1000;67;;;
220515;1100;65;;;
220515;1200;58;;;
220515;1300;40;;;
220515;1400;17;;;
220515;1500;26;;;
220515;1600;36;;;
220515;1700;29;;;
220515;1800;42;;;
220515;1900;47;;;
220515;2000;47;;;
220515;2100;60;;;
220515;2200;59;;;
220515;2300;91;;;
220516;0000;95;;;
220516;0100;83;;;
220516;0200;79;;;
220516;0300;69;;;
220516;0400;64;;;
220516;0500;61;;;
220516;0600;66;;;
220516;0700;67;;;
220516;0800;80;;;
220516;0900;80;;;
220516;1000;68;;;
220516;1100;63;;;
220516;1200;68;;;
220516;1300;57;;;
220516;1400;57;;;
220516;1500;48;;;
220516;1600;41;;;
220516;1700;41;;;
220516;1800;35;;;
220516;1900;45;;;
220516;2000;45;;;
220516;2100;48;;;
220516;2200;73;;;
220516;2300;73;;;
220517;0000;81;;;
220517;0100;77;;;
220517;0200;83;;;
220517;0300;76;;;
220517;0400;84;;;
220517;0500;80;;;
220517;0600;82;;;
220517;0700;96;;;
220517;0800;101;;;
220517;0900;116;;;
220517;1000;91;;;
220517;1100;90;;;
220517;1200;86;;;
220517;1300;99;;;
220517;1400;83;;;
220517;1500;74;;;
220517;1600;63;;;
220517;1700;58;;;
220517;1800;58;;;
220517;1900;51;;;
220517;2000;44;;;
220517;2100;43;;;
220517;2200;47;;;
220517;2300;55;;;
220518;0000;72;;;
220518;0100;88;;;
220518;0200;89;;;
220518;0300;88;;;
220518;0400;75;;;
220518;0500;91;;;
220518;0600;76;;;
220518;0700;93;;;
220518;0800;77;;;
220518;0900;67;;;
220518;1000;83;;;
220518;1100;92;;;
220518;1200;97;;;
220518;1300;89;;;
220518;1400;95;;;
220518;1500;89;;;
220518;1600;89;;;
220518;1700;85;;;
220518;1800;73;;;
220518;1900;50;;;
220518;2000;45;;;
220518;2100;39;;;
220518;2200;38;;;
220518;2300;44;;;
220519;0000;45;;;
220519;0100;48;;;
220519;0200;48;;;
220519;0300;46;;;
220519;0400;50;;;
220519;0500;54;;;
220519;0600;58;;;
220519;0700;62;;;
220519;0800;66;;;
220519;0900;64;;;
220519;1000;22;;;
220519;1100;16;;;
220519;1200;;;;
220519;1300;19;;;
220519;1400;19;;;
220519;1500;24;;;
220519;1600;22;;;
220519;1700;20;;;
220519;1800;26;;;
220519;1900;26;;;
220519;2000;35;;;
220519;2100;34;;;
220519;2200;50;;;
220519;2300;53;;;
220520;0000;51;;;
220520;0100;56;;;
220520;0200;45;;;
220520;0300;53;;;
220520;0400;55;;;
220520;0500;40;;;
220520;0600;39;;;
220520;0700;46;;;
220520;0800;61;;;
220520;0900;68;;;
220520;1000;57;;;
220520;1100;41;;;
220520;1200;19;;;
220520;1300;6;;;
220520;1400;7;;;
220520;1500;9;;;
220520;1600;7;;;
220520;1700;9;;;
220520;1800;7;;;
220520;1900;21;;;
220520;2000;25;;;
220520;2100;39;;;
220520;2200;41;;;
220520;2300;52;;;
220521;0000;58;;;
220521;0100;24;;;
220521;0200;17;;;
220521;0300;31;;;
220521;0400;26;;;
220521;0500;40;;;
220521;0600;43;;;
220521;0700;52;;;
220521;0800;42;;;
220521;0900;36;;;
220521;1000;31;;;
220521;1100;46;;;
220521;1200;46;;;
220521;1300;29;;;
220521;1400;37;;;
220521;1500;36;;;
220521;1600;27;;;
220521;1700;20;;;
220521;1800;27;;;
220521;1900;55;;;
220521;2000;67;;;
220521;2100;51;;;
220521;2200;67;;;
220521;2300;86;;;
220522;0000;91;;;
220522;0100;110;;;
220522;0200;94;;;
220522;0300;73;;;
220522;0400;68;;;
220522;0500;60;;;
220522;0600;61;;;
220522;0700;57;;;
220522;0800;56;;;
220522;0900;65;;;
220522;1000;58;;;
220522;1100;38;;;
220522;1200;25;;;
220522;1300;34;;;
220522;1400;44;;;
220522;1500;28;;;
220522;1600;27;;;
220522;1700;22;;;
220522;1800;25;;;
220522;1900;18;;;
220522;2000;16;;;
220522;2100;28;;;
220522;2200;30;;;
220522;2300;17;;;
220523;0000;22;;;
220523;0100;22;;;
220523;0200;22;;;
220523;0300;21;;;
220523;0400;23;;;
220523;0500;27;;;
220523;0600;29;;;
220523;0700;29;;;
220523;0800;22;;;
220523;0900;32;;;
220523;1000;31;;;
220523;1100;33;;;
220523;1200;19;;;
220523;1300;26;;;
220523;1400;21;;;
220523;1500;11;;;
220523;1600;19;;;
220523;1700;17;;;
220523;1800;9;;;
220523;1900;10;;;
220523;2000;12;;;
220523;2100;14;;;
220523;2200;23;;;
220523;2300;24;;;
220524;0000;27;;;
220524;0100;34;;;
220524;0200;48;;;
220524;0300;47;;;
220524;0400;56;;;
220524;0500;56;;;
220524;0600;37;;;
220524;0700;50;;;
220524;0800;40;;;
220524;0900;39;;;
220524;1000;39;;;
220524;1100;36;;;
220524;1200;23;;;
220524;1300;27;;;
220524;1400;25;;;
220524;1500;19;;;
220524;1600;10;;;
220524;1700;18;;;
220524;1800;22;;;
220524;1900;27;;;
220524;2000;17;;;
220524;2100;28;;;
220524;2200;24;;;
220524;2300;35;;;
220525;0000;43;;;
220525;0100;48;;;
220525;0200;55;;;
220525;0300;47;;;
220525;0400;46;;;
220525;0500;44;;;
220525;0600;49;;;
220525;0700;50;;;
220525;0800;57;;;
220525;0900;64;;;
220525;1000;53;;;
220525;1100;72;;;
220525;1200;37;;;
220525;1300;34;;;
220525;1400;29;;;
220525;1500;29;;;
220525;1600;30;;;
220525;1700;24;;;
220525;1800;19;;;
220525;1900;39;;;
220525;2000;42;;;
220525;2100;49;;;
220525;2200;47;;;
220525;2300;47;;;
220526;0000;61;;;
220526;0100;59;;;
220526;0200;56;;;
220526;0300;61;;;
220526;0400;60;;;
220526;0500;58;;;
220526;0600;58;;;
220526;0700;66;;;
220526;0800;64;;;
220526;0900;66;;;
220526;1000;51;;;
220526;1100;61;;;
220526;1200;73;;;
220526;1300;70;;;
220526;1400;45;;;
220526;1500;31;;;
220526;1600;13;;;
220526;1700;25;;;
220526;1800;27;;;
220526;1900;28;;;
220526;2000;31;;;
220526;2100;46;;;
220526;2200;32;;;
220526;2300;42;;;
220527;0000;41;;;
220527;0100;52;;;
220527;0200;53;;;
220527;0300;55;;;
220527;0400;54;;;
220527;0500;62;;;
220527;0600;76;;;
220527;0700;64;;;
220527;0800;70;;;
220527;0900;58;;;
220527;1000;64;;;
220527;1100;75;;;
220527;1200;62;;;
220527;1300;73;;;
220527;1400;76;;;
220527;1500;80;;;
220527;1600;84;;;
220527;1700;109;;;
220527;1800;103;;;
220527;1900;100;;;
220527;2000;108;;;
220527;2100;108;;;
220527;2200;115;;;
220527;2300;122;;;
220528;0000;126;;;
220528;0100;146;;;
220528;0200;142;;;
220528;0300;149;;;
220528;0400;154;;;
220528;0500;148;;;
220528;0600;144;;;
220528;0700;116;;;
220528;0800;117;;;
220528;0900;107;;;
220528;1000;111;;;
220528;1100;130;;;
220528;1200;138;;;
220528;1300;139;;;
220528;1400;105;;;
220528;1500;90;;;
220528;1600;89;;;
220528;1700;67;;;
220528;1800;60;;;
220528;1900;52;;;
220528;2000;38;;;
220528;2100;41;;;
220528;2200;46;;;
220528;2300;51;;;
220529;0000;62;;;
220529;0100;73;;;
220529;0200;70;;;
220529;0300;57;;;
220529;0400;73;;;
220529;0500;84;;;
220529;0600;86;;;
220529;0700;90;;;
220529;0800;102;;;
220529;0900;97;;;
220529;1000;88;;;
220529;1100;85;;;
220529;1200;81;;;
220529;1300;59;;;
220529;1400;44;;;
220529;1500;31;;;
220529;1600;41;;;
220529;1700;51;;;
220529;1800;50;;;
220529;1900;38;;;
220529;2000;52;;;
220529;2100;38;;;
220529;2200;55;;;
220529;2300;43;;;
220530;0000;64;;;
220530;0100;72;;;
220530;0200;68;;;
220530;0300;84;;;
220530;0400;80;;;
220530;0500;66;;;
220530;0600;56;;;
220530;0700;66;;;
220530;0800;87;;;
220530;0900;85;;;
220530;1000;82;;;
220530;1100;57;;;
220530;1200;51;;;
220530;1300;48;;;
220530;1400;42;;;
220530;1500;34;;;
220530;1600;33;;;
220530;1700;38;;;
220530;1800;47;;;
220530;1900;52;;;
220530;2000;59;;;
220530;2100;87;;;
220530;2200;67;;;
220530;2300;67;;;
220531;0000;81;;;
220531;0100;93;;;
220531;0200;92;;;
220531;0300;83;;;
220531;0400;98;;;
220531;0500;68;;;
220531;0600;60;;;
220531;0700;76;;;
220531;0800;66;;;
220531;0900;88;;;
220531;1000;66;;;
220531;1100;57;;;
220531;1200;54;;;
220531;1300;51;;;
220531;1400;40;;;
220531;1500;34;;;
220531;1600;26;;;
220531;1700;31;;;
220531;1800;29;;;
220531;1900;38;;;
220531;2000;34;;;
220531;2100;39;;;
220531;2200;43;;;
220531;2300;39;;;
220601;0000;42;;;
220601;0100;50;;;
220601;0200;96;;;
220601;0300;68;;;
220601;0400;66;;;
220601;0500;78;;;
220601;0600;95;;;
220601;0700;103;;;
220601;0800;94;;;
220601;0900;73;;;
220601;1000;52;;;
220601;1100;29;;;
220601;1200;27;;;
220601;1300;25;;;
220601;1400;20;;;
220601;1500;19;;;
220601;1600;17;;;
220601;1700;12;;;
220601;1800;12;;;
220601;1900;20;;;
220601;2000;15;;;
220601;2100;10;;;
220601;2200;8;;;
220601;2300;14;;;
220602;0000;15;;;
220602;0100;19;;;
220602;0200;14;;;
220602;0300;18;;;
220602;0400;20;;;
220602;0500;24;;;
220602;0600;21;;;
220602;0700;22;;;
220602;0800;23;;;
220602;0900;31;;;
220602;1000;34;;;
220602;1100;42;;;
220602;1200;33;;;
220602;1300;40;;;
220602;1400;45;;;
220602;1500;44;;;
220602;1600;33;;;
220602;1700;38;;;
220602;1800;47;;;
220602;1900;52;;;
220602;2000;67;;;
220602;2100;61;;;
220602;2200;72;;;
220602;2300;68;;;
220603;0000;79;;;
220603;0100;75;;;
220603;0200;78;;;
220603;0300;77;;;
220603;0400;61;;;
220603;0500;76;;;
220603;0600;61;;;
220603;0700;63;;;
220603;0800;59;;;
220603;0900;22;;;
220603;1000;35;;;
220603;1100;26;;;
220603;1200;38;;;
220603;1300;36;;;
220603;1400;18;;;
220603;1500;18;;;
220603;1600;24;;;
220603;1700;20;;;
220603;1800;29;;;
220603;1900;28;;;
220603;2000;28;;;
220603;2100;30;;;
220603;2200;38;;;
220603;2300;40;;;
220604;0000;7;;;
220604;0100;9;;;
220604;0200;16;;;
220604;0300;25;;;
220604;0400;18;;;
220604;0500;17;;;
220604;0600;13;;;
220604;0700;14;;;
220604;0800;9;;;
220604;0900;12;;;
220604;1000;17;;;
220604;1100;8;;;
220604;1200;16;;;
220604;1300;18;;;
220604;1400;18;;;
220604;1500;18;;;
220604;1600;10;;;
220604;1700;15;;;
220604;1800;21;;;
220604;1900;19;;;
220604;2000;16;;;
220604;2100;18;;;
220604;2200;13;;;
220604;2300;12;;;
220605;0000;6;;;
220605;0100;3;;;
220605;0200;15;;;
220605;0300;17;;;
220605;0400;20;;;
220605;0500;18;;;
220605;0600;13;;;
220605;0700;12;;;
220605;0800;14;;;
220605;0900;9;;;
220605;1000;18;;;
220605;1100;8;;;
220605;1200;6;;;
220605;1300;4;;;
220605;1400;4;;;
220605;1500;3;;;
220605;1600;3;;;
220605;1700;3;;;
220605;1800;8;;;
220605;1900;25;;;
220605;2000;29;;;
220605;2100;17;;;
220605;2200;48;;;
220605;2300;40;;;
220606;0000;46;;;
220606;0100;46;;;
220606;0200;31;;;
220606;0300;24;;;
220606;0400;26;;;
220606;0500;21;;;
220606;0600;27;;;
220606;0700;27;;;
220606;0800;44;;;
220606;0900;39;;;
220606;1000;36;;;
220606;1100;42;;;
220606;1200;23;;;
220606;1300;36;;;
220606;1400;24;;;
220606;1500;20;;;
220606;1600;22;;;
220606;1700;31;;;
220606;1800;26;;;
220606;1900;33;;;
220606;2000;34;;;
220606;2100;79;;;
220606;2200;80;;;
220606;2300;89;;;
220607;0000;89;;;
220607;0100;87;;;
220607;0200;80;;;
220607;0300;57;;;
220607;0400;54;;;
220607;0500;60;;;
220607;0600;49;;;
220607;0700;56;;;
220607;0800;64;;;
220607;0900;73;;;
220607;1000;60;;;
220607;1100;46;;;
220607;1200;50;;;
220607;1300;53;;;
220607;1400;62;;;
220607;1500;51;;;
220607;1600;41;;;
220607;1700;47;;;
220607;1800;48;;;
220607;1900;36;;;
220607;2000;39;;;
220607;2100;50;;;
220607;2200;37;;;
220607;2300;44;;;
220608;0000;51;;;
220608;0100;63;;;
220608;0200;65;;;
220608;0300;62;;;
220608;0400;59;;;
220608;0500;57;;;
220608;0600;59;;;
220608;0700;89;;;
220608;0800;76;;;
220608;0900;87;;;
220608;1000;73;;;
220608;1100;59;;;
220608;1200;62;;;
220608;1300;42;;;
220608;1400;34;;;
220608;1500;37;;;
220608;1600;49;;;
220608;1700;36;;;
220608;1800;36;;;
220608;1900;40;;;
220608;2000;45;;;
220608;2100;41;;;
220608;2200;20;;;
220608;2300;23;;;
220609;0000;27;;;
220609;0100;32;;;
220609;0200;30;;;
220609;0300;35;;;
220609;0400;36;;;
220609;0500;32;;;
220609;0600;30;;;
220609;0700;34;;;
220609;0800;39;;;
220609;0900;38;;;
220609;1000;53;;;
220609;1100;67;;;
220609;1200;66;;;
220609;1300;72;;;
220609;1400;79;;;
220609;1500;78;;;
220609;1600;75;;;
220609;1700;78;;;
220609;1800;90;;;
220609;1900;94;;;
220609;2000;46;;;
220609;2100;73;;;
220609;2200;89;;;
220609;2300;107;;;
220610;0000;117;;;
220610;0100;111;;;
220610;0200;110;;;
220610;0300;92;;;
220610;0400;89;;;
220610;0500;83;;;
220610;0600;76;;;
220610;0700;78;;;
220610;0800;102;;;
220610;0900;105;;;
220610;1000;89;;;
220610;1100;77;;;
220610;1200;93;;;
220610;1300;47;;;
220610;1400;48;;;
220610;1500;21;;;
220610;1600;33;;;
220610;1700;54;;;
220610;1800;91;;;
220610;1900;117;;;
220610;2000;134;;;
220610;2100;122;;;
220610;2200;97;;;
220610;2300;105;;;
220611;0000;94;;;
220611;0100;78;;;
220611;0200;70;;;
220611;0300;67;;;
220611;0400;56;;;
220611;0500;46;;;
220611;0600;51;;;
220611;0700;50;;;
220611;0800;57;;;
220611;0900;61;;;
220611;1000;49;;;
220611;1100;39;;;
220611;1200;33;;;
220611;1300;36;;;
220611;1400;55;;;
220611;1500;71;;;
220611;1600;69;;;
220611;1700;71;;;
220611;1800;80;;;
220611;1900;59;;;
220611;2000;69;;;
220611;2100;63;;;
220611;2200;75;;;
220611;2300;78;;;
220612;0000;75;;;
220612;0100;59;;;
220612;0200;94;;;
220612;0300;104;;;
220612;0400;104;;;
220612;0500;120;;;
220612;0600;38;;;
220612;0700;40;;;
220612;0800;48;;;
220612;0900;46;;;
220612;1000;68;;;
220612;1100;71;;;
220612;1200;82;;;
220612;1300;86;;;
220612;1400;74;;;
220612;1500;88;;;
220612;1600;99;;;
220612;1700;80;;;
220612;1800;74;;;
220612;1900;81;;;
220612;2000;71;;;
220612;2100;45;;;
220612;2200;39;;;
220612;2300;32;;;
220613;0000;38;;;
220613;0100;39;;;
220613;0200;41;;;
220613;0300;39;;;
220613;0400;31;;;
220613;0500;36;;;
220613;0600;45;;;
220613;0700;36;;;
220613;0800;40;;;
220613;0900;56;;;
220613;1000;87;;;
220613;1100;89;;;
220613;1200;87;;;
220613;1300;85;;;
220613;1400;67;;;
220613;1500;69;;;
220613;1600;68;;;
220613;1700;52;;;
220613;1800;48;;;
220613;1900;43;;;
220613;2000;47;;;
220613;2100;58;;;
220613;2200;47;;;
220613;2300;39;;;
220614;0000;47;;;
220614;0100;40;;;
220614;0200;46;;;
220614;0300;44;;;
220614;0400;45;;;
220614;0500;48;;;
220614;0600;44;;;
220614;0700;52;;;
220614;0800;50;;;
220614;0900;46;;;
220614;1000;42;;;
220614;1100;49;;;
220614;1200;41;;;
220614;1300;42;;;
220614;1400;45;;;
220614;1500;44;;;
220614;1600;58;;;
220614;1700;58;;;
220614;1800;62;;;
220614;1900;69;;;
220614;2000;79;;;
220614;2100;63;;;
220614;2200;72;;;
220614;2300;78;;;
220615;0000;83;;;
220615;0100;78;;;
220615;0200;80;;;
220615;0300;75;;;
220615;0400;58;;;
220615;0500;56;;;
220615;0600;55;;;
220615;0700;51;;;
220615;0800;71;;;
220615;0900;91;;;
220615;1000;90;;;
220615;1100;80;;;
220615;1200;67;;;
220615;1300;54;;;
220615;1400;54;;;
220615;1500;38;;;
220615;1600;31;;;
220615;1700;27;;;
220615;1800;32;;;
220615;1900;45;;;
220615;2000;55;;;
220615;2100;82;;;
220615;2200;61;;;
220615;2300;74;;;
220616;0000;71;;;
220616;0100;73;;;
220616;0200;72;;;
220616;0300;69;;;
220616;0400;67;;;
220616;0500;65;;;
220616;0600;57;;;
220616;0700;44;;;
220616;0800;37;;;
220616;0900;45;;;
220616;1000;56;;;
220616;1100;53;;;
220616;1200;54;;;
220616;1300;41;;;
220616;1400;35;;;
220616;1500;28;;;
220616;1600;35;;;
220616;1700;28;;;
220616;1800;18;;;
220616;1900;19;;;
220616;2000;28;;;
220616;2100;31;;;
220616;2200;43;;;
220616;2300;50;;;
220617;0000;47;;;
220617;0100;58;;;
220617;0200;58;;;
220617;0300;60;;;
220617;0400;53;;;
220617;0500;48;;;
220617;0600;47;;;
220617;0700;48;;;
220617;0800;58;;;
220617;0900;65;;;
220617;1000;72;;;
220617;1100;59;;;
220617;1200;44;;;
220617;1300;35;;;
220617;1400;43;;;
220617;1500;42;;;
220617;1600;38;;;
220617;1700;39;;;
220617;1800;42;;;
220617;1900;51;;;
220617;2000;51;;;
220617;2100;57;;;
220617;2200;72;;;
220617;2300;66;;;
220618;0000;102;;;
220618;0100;96;;;
220618;0200;113;;;
220618;0300;90;;;
220618;0400;99;;;
220618;0500;94;;;
220618;0600;101;;;
220618;0700;96;;;
220618;0800;99;;;
220618;0900;102;;;
220618;1000;84;;;
220618;1100;64;;;
220618;1200;61;;;
220618;1300;60;;;
220618;1400;50;;;
220618;1500;59;;;
220618;1600;63;;;
220618;1700;68;;;
220618;1800;79;;;
220618;1900;92;;;
220618;2000;85;;;
220618;2100;88;;;
220618;2200;109;;;
220618;2300;132;;;
220619;0000;174;;;
220619;0100;188;;;
220619;0200;180;;;
220619;0300;170;;;
220619;0400;128;;;
220619;0500;122;;;
220619;0600;125;;;
220619;0700;104;;;
220619;0800;101;;;
220619;0900;79;;;
220619;1000;84;;;
220619;1100;76;;;
220619;1200;74;;;
220619;1300;73;;;
220619;1400;94;;;
220619;1500;71;;;
220619;1600;58;;;
220619;1700;58;;;
220619;1800;81;;;
220619;1900;98;;;
220619;2000;127;;;
220619;2100;122;;;
220619;2200;135;;;
220619;2300;127;;;
220620;0000;126;;;
220620;0100;133;;;
220620;0200;140;;;
220620;0300;124;;;
220620;0400;115;;;
220620;0500;108;;;
220620;0600;106;;;
220620;0700;102;;;
220620;0800;116;;;
220620;0900;110;;;
220620;1000;104;;;
220620;1100;112;;;
220620;1200;103;;;
220620;1300;70;;;
220620;1400;58;;;
220620;1500;37;;;
220620;1600;26;;;
220620;1700;25;;;
220620;1800;28;;;
220620;1900;27;;;
220620;2000;28;;;
220620;2100;52;;;
220620;2200;52;;;
220620;2300;64;;;
220621;0000;77;;;
220621;0100;69;;;
220621;0200;84;;;
220621;0300;76;;;
220621;0400;70;;;
220621;0500;70;;;
220621;0600;60;;;
220621;0700;61;;;
220621;0800;66;;;
220621;0900;59;;;
220621;1000;50;;;
220621;1100;53;;;
220621;1200;50;;;
220621;1300;49;;;
220621;1400;56;;;
220621;1500;45;;;
220621;1600;32;;;
220621;1700;25;;;
220621;1800;24;;;
220621;1900;24;;;
220621;2000;20;;;
220621;2100;35;;;
220621;2200;42;;;
220621;2300;54;;;
220622;0000;57;;;
220622;0100;59;;;
220622;0200;48;;;
220622;0300;60;;;
220622;0400;39;;;
220622;0500;48;;;
220622;0600;48;;;
220622;0700;57;;;
220622;0800;57;;;
220622;0900;69;;;
220622;1000;68;;;
220622;1100;68;;;
220622;1200;74;;;
220622;1300;40;;;
220622;1400;23;;;
220622;1500;33;;;
220622;1600;36;;;
220622;1700;38;;;
220622;1800;39;;;
220622;1900;40;;;
220622;2000;55;;;
220622;2100;28;;;
220622;2200;37;;;
220622;2300;34;;;
220623;0000;48;;;
220623;0100;32;;;
220623;0200;15;;;
220623;0300;10;;;
220623;0400;12;;;
220623;0500;14;;;
220623;0600;20;;;
220623;0700;24;;;
220623;0800;24;;;
220623;0900;18;;;
220623;1000;13;;;
220623;1100;13;;;
220623;1200;7;;;
220623;1300;2;;;
220623;1400;3;;;
220623;1500;6;;;
220623;1600;5;;;
220623;1700;7;;;
220623;1800;7;;;
220623;1900;9;;;
220623;2000;29;;;
220623;2100;30;;;
220623;2200;36;;;
220623;2300;43;;;
220624;0000;49;;;
220624;0100;45;;;
220624;0200;38;;;
220624;0300;36;;;
220624;0400;35;;;
220624;0500;37;;;
220624;0600;36;;;
220624;0700;25;;;
220624;0800;37;;;
220624;0900;42;;;
220624;1000;31;;;
220624;1100;26;;;
220624;1200;25;;;
220624;1300;31;;;
220624;1400;29;;;
220624;1500;31;;;
220624;1600;22;;;
220624;1700;35;;;
220624;1800;61;;;
220624;1900;61;;;
220624;2000;89;;;
220624;2100;80;;;
220624;2200;74;;;
220624;2300;87;;;
220625;0000;117;;;
220625;0100;102;;;
220625;0200;92;;;
220625;0300;82;;;
220625;0400;68;;;
220625;0500;66;;;
220625;0600;88;;;
220625;0700;76;;;
220625;0800;66;;;
220625;0900;54;;;
220625;1000;47;;;
220625;1100;38;;;
220625;1200;36;;;
220625;1300;18;;;
220625;1400;18;;;
220625;1500;15;;;
220625;1600;13;;;
220625;1700;15;;;
220625;1800;35;;;
220625;1900;61;;;
220625;2000;83;;;
220625;2100;114;;;
220625;2200;141;;;
220625;2300;163;;;
220626;0000;145;;;
220626;0100;132;;;
220626;0200;132;;;
220626;0300;115;;;
220626;0400;32;;;
220626;0500;41;;;
220626;0600;46;;;
220626;0700;38;;;
220626;0800;38;;;
220626;0900;28;;;
220626;1000;35;;;
220626;1100;54;;;
220626;1200;65;;;
220626;1300;57;;;
220626;1400;59;;;
220626;1500;50;;;
220626;1600;46;;;
220626;1700;41;;;
220626;1800;75;;;
220626;1900;96;;;
220626;2000;148;;;
220626;2100;137;;;
220626;2200;139;;;
220626;2300;121;;;
220627;0000;95;;;
220627;0100;84;;;
220627;0200;77;;;
220627;0300;73;;;
220627;0400;68;;;
220627;0500;67;;;
220627;0600;51;;;
220627;0700;55;;;
220627;0800;62;;;
220627;0900;55;;;
220627;1000;41;;;
220627;1100;42;;;
220627;1200;20;;;
220627;1300;14;;;
220627;1400;11;;;
220627;1500;7;;;
220627;1600;21;;;
220627;1700;18;;;
220627;1800;4;;;
220627;1900;8;;;
220627;2000;12;;;
220627;2100;20;;;
220627;2200;22;;;
220627;2300;22;;;
220628;0000;27;;;
220628;0100;25;;;
220628;0200;25;;;
220628;0300;32;;;
220628;0400;23;;;
220628;0500;24;;;
220628;0600;45;;;
220628;0700;36;;;
220628;0800;35;;;
220628;0900;29;;;
220628;1000;43;;;
220628;1100;29;;;
220628;1200;13;;;
220628;1300;22;;;
220628;1400;13;;;
220628;1500;21;;;
220628;1600;18;;;
220628;1700;30;;;
220628;1800;35;;;
220628;1900;64;;;
220628;2000;81;;;
220628;2100;83;;;
220628;2200;73;;;
220628;2300;85;;;
220629;0000;78;;;
220629;0100;67;;;
220629;0200;63;;;
220629;0300;49;;;
220629;0400;54;;;
220629;0500;61;;;
220629;0600;55;;;
220629;0700;68;;;
220629;0800;69;;;
220629;0900;71;;;
220629;1000;72;;;
220629;1100;45;;;
220629;1200;43;;;
220629;1300;31;;;
220629;1400;30;;;
220629;1500;24;;;
220629;1600;23;;;
220629;1700;25;;;
220629;1800;25;;;
220629;1900;26;;;
220629;2000;37;;;
220629;2100;37;;;
220629;2200;43;;;
220629;2300;39;;;
220630;0000;37;;;
220630;0100;45;;;
220630;0200;53;;;
220630;0300;55;;;
220630;0400;58;;;
220630;0500;51;;;
220630;0600;43;;;
220630;0700;46;;;
220630;0800;57;;;
220630;0900;56;;;
220630;1000;50;;;
220630;1100;47;;;
220630;1200;42;;;
220630;1300;26;;;
220630;1400;36;;;
220630;1500;18;;;
220630;1600;21;;;
220630;1700;26;;;
220630;1800;34;;;
220630;1900;38;;;
220630;2000;35;;;
220630;2100;29;;;
220630;2200;18;;;
220630;2300;17;;;
220701;0000;13;;;
220701;0100;11;;;
220701;0200;13;;;
220701;0300;23;;;
220701;0400;25;;;
220701;0500;24;;;
220701;0600;18;;;
220701;0700;5;;;
220701;0800;11;;;
220701;0900;11;;;
220701;1000;6;;;
220701;1100;9;;;
220701;1200;7;;;
220701;1300;4;;;
220701;1400;4;;;
220701;1500;4;;;
220701;1600;3;;;
220701;1700;5;;;
220701;1800;8;;;
220701;1900;9;;;
220701;2000;8;;;
220701;2100;18;;;
220701;2200;24;;;
220701;2300;20;;;
220702;0000;29;;;
220702;0100;46;;;
220702;0200;48;;;
220702;0300;53;;;
220702;0400;42;;;
220702;0500;34;;;
220702;0600;39;;;
220702;0700;45;;;
220702;0800;45;;;
220702;0900;35;;;
220702;1000;28;;;
220702;1100;27;;;
220702;1200;25;;;
220702;1300;21;;;
220702;1400;25;;;
220702;1500;12;;;
220702;1600;14;;;
220702;1700;10;;;
220702;1800;15;;;
220702;1900;33;;;
220702;2000;39;;;
220702;2100;138;;;
220702;2200;66;;;
220702;2300;73;;;
220703;0000;94;;;
220703;0100;148;;;
220703;0200;125;;;
220703;0300;114;;;
220703;0400;113;;;
220703;0500;94;;;
220703;0600;72;;;
220703;0700;72;;;
220703;0800;69;;;
220703;0900;84;;;
220703;1000;74;;;
220703;1100;84;;;
220703;1200;79;;;
220703;1300;80;;;
220703;1400;81;;;
220703;1500;84;;;
220703;1600;73;;;
220703;1700;50;;;
220703;1800;59;;;
220703;1900;66;;;
220703;2000;70;;;
220703;2100;80;;;
220703;2200;72;;;
220703;2300;111;;;
220704;0000;122;;;
220704;0100;128;;;
220704;0200;107;;;
220704;0300;120;;;
220704;0400;117;;;
220704;0500;115;;;
220704;0600;90;;;
220704;0700;70;;;
220704;0800;66;;;
220704;0900;48;;;
220704;1000;61;;;
220704;1100;58;;;
220704;1200;37;;;
220704;1300;44;;;
220704;1400;33;;;
220704;1500;17;;;
220704;1600;18;;;
220704;1700;19;;;
220704;1800;38;;;
220704;1900;45;;;
220704;2000;76;;;
220704;2100;88;;;
220704;2200;104;;;
220704;2300;88;;;
220705;0000;83;;;
220705;0100;68;;;
220705;0200;64;;;
220705;0300;74;;;
220705;0400;71;;;
220705;0500;47;;;
220705;0600;47;;;
220705;0700;36;;;
220705;0800;45;;;
220705;0900;62;;;
220705;1000;58;;;
220705;1100;43;;;
220705;1200;41;;;
220705;1300;43;;;
220705;1400;32;;;
220705;1500;32;;;
220705;1600;27;;;
220705;1700;27;;;
220705;1800;30;;;
220705;1900;37;;;
220705;2000;37;;;
220705;2100;63;;;
220705;2200;71;;;
220705;2300;84;;;
220706;0000;85;;;
220706;0100;85;;;
220706;0200;83;;;
220706;0300;76;;;
220706;0400;69;;;
220706;0500;56;;;
220706;0600;68;;;
220706;0700;74;;;
220706;0800;52;;;
220706;0900;44;;;
220706;1000;51;;;
220706;1100;48;;;
220706;1200;45;;;
220706;1300;19;;;
220706;1400;17;;;
220706;1500;18;;;
220706;1600;13;;;
220706;1700;16;;;
220706;1800;16;;;
220706;1900;10;;;
220706;2000;21;;;
220706;2100;39;;;
220706;2200;26;;;
220706;2300;36;;;
220707;0000;55;;;
220707;0100;45;;;
220707;0200;43;;;
220707;0300;30;;;
220707;0400;26;;;
220707;0500;32;;;
220707;0600;31;;;
220707;0700;31;;;
220707;0800;30;;;
220707;0900;41;;;
220707;1000;40;;;
220707;1100;44;;;
220707;1200;38;;;
220707;1300;43;;;
220707;1400;53;;;
220707;1500;49;;;
220707;1600;54;;;
220707;1700;57;;;
220707;1800;73;;;
220707;1900;53;;;
220707;2000;85;;;
220707;2100;121;;;
220707;2200;141;;;
220707;2300;144;;;
220708;0000;127;;;
220708;0100;116;;;
220708;0200;96;;;
220708;0300;91;;;
220708;0400;78;;;
220708;0500;80;;;
220708;0600;63;;;
220708;0700;62;;;
220708;0800;53;;;
220708;0900;41;;;
220708;1000;40;;;
220708;1100;34;;;
220708;1200;24;;;
220708;1300;17;;;
220708;1400;17;;;
220708;1500;17;;;
220708;1600;18;;;
220708;1700;17;;;
220708;1800;17;;;
220708;1900;17;;;
220708;2000;14;;;
220708;2100;16;;;
220708;2200;12;;;
220708;2300;15;;;
220709;0000;15;;;
220709;0100;16;;;
220709;0200;21;;;
220709;0300;16;;;
220709;0400;17;;;
220709;0500;21;;;
220709;0600;16;;;
220709;0700;18;;;
220709;0800;22;;;
220709;0900;23;;;
220709;1000;30;;;
220709;1100;18;;;
220709;1200;19;;;
220709;1300;10;;;
220709;1400;11;;;
220709;1500;8;;;
220709;1600;6;;;
220709;1700;6;;;
220709;1800;5;;;
220709;1900;7;;;
220709;2000;10;;;
220709;2100;12;;;
220709;2200;9;;;
220709;2300;7;;;
220710;0000;5;;;
220710;0100;8;;;
220710;0200;10;;;
220710;0300;10;;;
220710;0400;10;;;
220710;0500;12;;;
220710;0600;11;;;
220710;0700;9;;;
220710;0800;6;;;
220710;0900;6;;;
220710;1000;6;;;
220710;1100;6;;;
220710;1200;5;;;
220710;1300;6;;;
220710;1400;4;;;
220710;1500;8;;;
220710;1600;6;;;
220710;1700;11;;;
220710;1800;8;;;
220710;1900;9;;;
220710;2000;11;;;
220710;2100;15;;;
220710;2200;16;;;
220710;2300;15;;;
220711;0000;13;;;
220711;0100;17;;;
220711;0200;17;;;
220711;0300;19;;;
220711;0400;22;;;
220711;0500;22;;;
220711;0600;18;;;
220711;0700;14;;;
220711;0800;12;;;
220711;0900;15;;;
220711;1000;11;;;
220711;1100;15;;;
220711;1200;9;;;
220711;1300;7;;;
220711;1400;7;;;
220711;1500;9;;;
220711;1600;9;;;
220711;1700;15;;;
220711;1800;26;;;
220711;1900;39;;;
220711;2000;32;;;
220711;2100;56;;;
220711;2200;59;;;
220711;2300;81;;;
220712;0000;60;;;
220712;0100;26;;;
220712;0200;18;;;
220712;0300;19;;;
220712;0400;20;;;
220712;0500;16;;;
220712;0600;33;;;
220712;0700;37;;;
220712;0800;49;;;
220712;0900;41;;;
220712;1000;36;;;
220712;1100;33;;;
220712;1200;33;;;
220712;1300;27;;;
220712;1400;25;;;
220712;1500;23;;;
220712;1600;20;;;
220712;1700;25;;;
220712;1800;28;;;
220712;1900;38;;;
220712;2000;52;;;
220712;2100;74;;;
220712;2200;53;;;
220712;2300;74;;;
220713;0000;95;;;
220713;0100;78;;;
220713;0200;75;;;
220713;0300;62;;;
220713;0400;50;;;
220713;0500;47;;;
220713;0600;53;;;
220713;0700;49;;;
220713;0800;58;;;
220713;0900;63;;;
220713;1000;68;;;
220713;1100;55;;;
220713;1200;25;;;
220713;1300;17;;;
220713;1400;12;;;
220713;1500;18;;;
220713;1600;17;;;
220713;1700;18;;;
220713;1800;15;;;
220713;1900;25;;;
220713;2000;24;;;
220713;2100;28;;;
220713;2200;21;;;
220713;2300;29;;;
220714;0000;30;;;
220714;0100;26;;;
220714;0200;30;;;
220714;0300;2;;;
220714;0400;5;;;
220714;0500;4;;;
220714;0600;6;;;
220714;0700;5;;;
220714;0800;8;;;
220714;0900;11;;;
220714;1000;39;;;
220714;1100;18;;;
220714;1200;15;;;
220714;1300;8;;;
220714;1400;4;;;
220714;1500;2;;;
220714;1600;2;;;
220714;1700;10;;;
220714;1800;11;;;
220714;1900;13;;;
220714;2000;10;;;
220714;2100;9;;;
220714;2200;13;;;
220714;2300;18;;;
220715;0000;21;;;
220715;0100;24;;;
220715;0200;25;;;
220715;0300;28;;;
220715;0400;16;;;
220715;0500;22;;;
220715;0600;25;;;
220715;0700;31;;;
220715;0800;32;;;
220715;0900;30;;;
220715;1000;33;;;
220715;1100;28;;;
220715;1200;23;;;
220715;1300;13;;;
220715;1400;11;;;
220715;1500;18;;;
220715;1600;6;;;
220715;1700;5;;;
220715;1800;10;;;
220715;1900;15;;;
220715;2000;13;;;
220715;2100;9;;;
220715;2200;7;;;
220715;2300;9;;;
220716;0000;11;;;
220716;0100;11;;;
220716;0200;18;;;
220716;0300;15;;;
220716;0400;18;;;
220716;0500;23;;;
220716;0600;26;;;
220716;0700;29;;;
220716;0800;42;;;
220716;0900;29;;;
220716;1000;26;;;
220716;1100;18;;;
220716;1200;8;;;
220716;1300;9;;;
220716;1400;9;;;
220716;1500;16;;;
220716;1600;14;;;
220716;1700;11;;;
220716;1800;15;;;
220716;1900;40;;;
220716;2000;89;;;
220716;2100;105;;;
220716;2200;133;;;
220716;2300;65;;;
220717;0000;68;;;
220717;0100;62;;;
220717;0200;63;;;
220717;0300;51;;;
220717;0400;44;;;
220717;0500;50;;;
220717;0600;58;;;
220717;0700;57;;;
220717;0800;59;;;
220717;0900;45;;;
220717;1000;44;;;
220717;1100;31;;;
220717;1200;34;;;
220717;1300;38;;;
220717;1400;45;;;
220717;1500;45;;;
220717;1600;45;;;
220717;1700;41;;;
220717;1800;50;;;
220717;1900;65;;;
220717;2000;71;;;
220717;2100;72;;;
220717;2200;85;;;
220717;2300;91;;;
220718;0000;89;;;
220718;0100;85;;;
220718;0200;70;;;
220718;0300;69;;;
220718;0400;59;;;
220718;0500;53;;;
220718;0600;46;;;
220718;0700;46;;;
220718;0800;43;;;
220718;0900;60;;;
220718;1000;57;;;
220718;1100;37;;;
220718;1200;38;;;
220718;1300;24;;;
220718;1400;27;;;
220718;1500;23;;;
220718;1600;25;;;
220718;1700;24;;;
220718;1800;32;;;
220718;1900;67;;;
220718;2000;91;;;
220718;2100;93;;;
220718;2200;87;;;
220718;2300;92;;;
220719;0000;77;;;
220719;0100;73;;;
220719;0200;48;;;
220719;0300;44;;;
220719;0400;41;;;
220719;0500;40;;;
220719;0600;37;;;
220719;0700;49;;;
220719;0800;47;;;
220719;0900;51;;;
220719;1000;50;;;
220719;1100;44;;;
220719;1200;40;;;
220719;1300;32;;;
220719;1400;26;;;
220719;1500;42;;;
220719;1600;37;;;
220719;1700;37;;;
220719;1800;45;;;
220719;1900;66;;;
220719;2000;104;;;
220719;2100;102;;;
220719;2200;90;;;
220719;2300;57;;;
220720;0000;57;;;
220720;0100;79;;;
220720;0200;61;;;
220720;0300;60;;;
220720;0400;54;;;
220720;0500;57;;;
220720;0600;57;;;
220720;0700;61;;;
220720;0800;60;;;
220720;0900;70;;;
220720;1000;50;;;
220720;1100;37;;;
220720;1200;38;;;
220720;1300;40;;;
220720;1400;38;;;
220720;1500;40;;;
220720;1600;34;;;
220720;1700;28;;;
220720;1800;39;;;
220720;1900;44;;;
220720;2000;62;;;
220720;2100;65;;;
220720;2200;54;;;
220720;2300;43;;;
220721;0000;57;;;
220721;0100;56;;;
220721;0200;53;;;
220721;0300;43;;;
220721;0400;51;;;
220721;0500;50;;;
220721;0600;50;;;
220721;0700;58;;;
220721;0800;66;;;
220721;0900;68;;;
220721;1000;68;;;
220721;1100;60;;;
220721;1200;53;;;
220721;1300;56;;;
220721;1400;38;;;
220721;1500;23;;;
220721;1600;28;;;
220721;1700;34;;;
220721;1800;43;;;
220721;1900;63;;;
220721;2000;81;;;
220721;2100;65;;;
220721;2200;67;;;
220721;2300;88;;;
220722;0000;79;;;
220722;0100;74;;;
220722;0200;68;;;
220722;0300;63;;;
220722;0400;62;;;
220722;0500;51;;;
220722;0600;48;;;
220722;0700;65;;;
220722;0800;60;;;
220722;0900;67;;;
220722;1000;52;;;
220722;1100;53;;;
220722;1200;35;;;
220722;1300;50;;;
220722;1400;54;;;
220722;1500;;;;
220722;1600;;;;
220722;1700;;;;
220722;1800;34;;;
220722;1900;53;;;
220722;2000;24;;;
220722;2100;42;;;
220722;2200;80;;;
220722;2300;85;;;
220723;0000;100;;;
220723;0100;118;;;
220723;0200;93;;;
220723;0300;91;;;
220723;0400;76;;;
220723;0500;59;;;
220723;0600;58;;;
220723;0700;64;;;
220723;0800;66;;;
220723;0900;59;;;
220723;1000;55;;;
220723;1100;56;;;
220723;1200;48;;;
220723;1300;39;;;
220723;1400;37;;;
220723;1500;42;;;
220723;1600;40;;;
220723;1700;26;;;
220723;1800;32;;;
220723;1900;44;;;
220723;2000;57;;;
220723;2100;83;;;
220723;2200;67;;;
220723;2300;37;;;
220724;0000;82;;;
220724;0100;79;;;
220724;0200;48;;;
220724;0300;56;;;
220724;0400;46;;;
220724;0500;43;;;
220724;0600;45;;;
220724;0700;61;;;
220724;0800;59;;;
220724;0900;54;;;
220724;1000;57;;;
220724;1100;53;;;
220724;1200;51;;;
220724;1300;49;;;
220724;1400;37;;;
220724;1500;25;;;
220724;1600;22;;;
220724;1700;17;;;
220724;1800;27;;;
220724;1900;38;;;
220724;2000;38;;;
220724;2100;45;;;
220724;2200;49;;;
220724;2300;55;;;
220725;0000;47;;;
220725;0100;41;;;
220725;0200;37;;;
220725;0300;24;;;
220725;0400;32;;;
220725;0500;30;;;
220725;0600;23;;;
220725;0700;28;;;
220725;0800;29;;;
220725;0900;34;;;
220725;1000;35;;;
220725;1100;44;;;
220725;1200;45;;;
220725;1300;46;;;
220725;1400;37;;;
220725;1500;19;;;
220725;1600;17;;;
220725;1700;17;;;
220725;1800;17;;;
220725;1900;19;;;
220725;2000;20;;;
220725;2100;23;;;
220725;2200;38;;;
220725;2300;29;;;
220726;0000;43;;;
220726;0100;37;;;
220726;0200;46;;;
220726;0300;40;;;
220726;0400;45;;;
220726;0500;41;;;
220726;0600;46;;;
220726;0700;45;;;
220726;0800;58;;;
220726;0900;43;;;
220726;1000;45;;;
220726;1100;46;;;
220726;1200;40;;;
220726;1300;26;;;
220726;1400;19;;;
220726;1500;17;;;
220726;1600;10;;;
220726;1700;10;;;
220726;1800;13;;;
220726;1900;16;;;
220726;2000;18;;;
220726;2100;13;;;
220726;2200;9;;;
220726;2300;10;;;
220727;0000;14;;;
220727;0100;13;;;
220727;0200;19;;;
220727;0300;34;;;
220727;0400;32;;;
220727;0500;29;;;
220727;0600;20;;;
220727;0700;16;;;
220727;0800;15;;;
220727;0900;13;;;
220727;1000;19;;;
220727;1100;24;;;
220727;1200;26;;;
220727;1300;25;;;
220727;1400;25;;;
220727;1500;24;;;
220727;1600;17;;;
220727;1700;24;;;
220727;1800;30;;;
220727;1900;27;;;
220727;2000;43;;;
220727;2100;36;;;
220727;2200;30;;;
220727;2300;24;;;
220728;0000;15;;;
220728;0100;12;;;
220728;0200;20;;;
220728;0300;15;;;
220728;0400;17;;;
220728;0500;34;;;
220728;0600;38;;;
220728;0700;31;;;
220728;0800;55;;;
220728;0900;35;;;
220728;1000;31;;;
220728;1100;30;;;
220728;1200;40;;;
220728;1300;29;;;
220728;1400;24;;;
220728;1500;9;;;
220728;1600;9;;;
220728;1700;21;;;
220728;1800;24;;;
220728;1900;53;;;
220728;2000;39;;;
220728;2100;53;;;
220728;2200;66;;;
220728;2300;68;;;
220729;0000;77;;;
220729;0100;64;;;
220729;0200;57;;;
220729;0300;54;;;
220729;0400;48;;;
220729;0500;47;;;
220729;0600;47;;;
220729;0700;58;;;
220729;0800;64;;;
220729;0900;66;;;
220729;1000;66;;;
220729;1100;43;;;
220729;1200;39;;;
220729;1300;28;;;
220729;1400;31;;;
220729;1500;33;;;
220729;1600;32;;;
220729;1700;23;;;
220729;1800;30;;;
220729;1900;26;;;
220729;2000;37;;;
220729;2100;30;;;
220729;2200;39;;;
220729;2300;48;;;
220730;0000;47;;;
220730;0100;71;;;
220730;0200;64;;;
220730;0300;37;;;
220730;0400;30;;;
220730;0500;35;;;
220730;0600;24;;;
220730;0700;20;;;
220730;0800;26;;;
220730;0900;21;;;
220730;1000;26;;;
220730;1100;33;;;
220730;1200;41;;;
220730;1300;45;;;
220730;1400;46;;;
220730;1500;35;;;
220730;1600;31;;;
220730;1700;26;;;
220730;1800;34;;;
220730;1900;29;;;
220730;2000;43;;;
220730;2100;36;;;
220730;2200;32;;;
220730;2300;47;;;
220731;0000;47;;;
220731;0100;45;;;
220731;0200;44;;;
220731;0300;45;;;
220731;0400;50;;;
220731;0500;53;;;
220731;0600;47;;;
220731;0700;52;;;
220731;0800;56;;;
220731;0900;54;;;
220731;1000;53;;;
220731;1100;54;;;
220731;1200;49;;;
220731;1300;51;;;
220731;1400;49;;;
220731;1500;45;;;
220731;1600;41;;;
220731;1700;41;;;
220731;1800;38;;;
220731;1900;44;;;
220731;2000;56;;;
220731;2100;42;;;
220731;2200;54;;;
220731;2300;79;;;
220801;0000;49;;;
220801;0100;81;;;
220801;0200;80;;;
220801;0300;106;;;
220801;0400;101;;;
220801;0500;88;;;
220801;0600;87;;;
220801;0700;61;;;
220801;0800;18;;;
220801;0900;39;;;
220801;1000;56;;;
220801;1100;35;;;
220801;1200;49;;;
220801;1300;44;;;
220801;1400;36;;;
220801;1500;40;;;
220801;1600;32;;;
220801;1700;33;;;
220801;1800;27;;;
220801;1900;26;;;
220801;2000;38;;;
220801;2100;45;;;
220801;2200;50;;;
220801;2300;60;;;
220802;0000;66;;;
220802;0100;64;;;
220802;0200;66;;;
220802;0300;66;;;
220802;0400;64;;;
220802;0500;71;;;
220802;0600;77;;;
220802;0700;72;;;
220802;0800;65;;;
220802;0900;65;;;
220802;1000;68;;;
220802;1100;58;;;
220802;1200;56;;;
220802;1300;55;;;
220802;1400;61;;;
220802;1500;57;;;
220802;1600;56;;;
220802;1700;52;;;
220802;1800;63;;;
220802;1900;65;;;
220802;2000;63;;;
220802;2100;60;;;
220802;2200;84;;;
220802;2300;93;;;
220803;0000;86;;;
220803;0100;88;;;
220803;0200;95;;;
220803;0300;86;;;
220803;0400;83;;;
220803;0500;118;;;
220803;0600;101;;;
220803;0700;73;;;
220803;0800;82;;;
220803;0900;69;;;
220803;1000;43;;;
220803;1100;41;;;
220803;1200;33;;;
220803;1300;33;;;
220803;1400;28;;;
220803;1500;25;;;
220803;1600;24;;;
220803;1700;20;;;
220803;1800;20;;;
220803;1900;20;;;
220803;2000;9;;;
220803;2100;9;;;
220803;2200;10;;;
220803;2300;11;;;
220804;0000;13;;;
220804;0100;14;;;
220804;0200;27;;;
220804;0300;25;;;
220804;0400;38;;;
220804;0500;41;;;
220804;0600;49;;;
220804;0700;68;;;
220804;0800;68;;;
220804;0900;45;;;
220804;1000;37;;;
220804;1100;38;;;
220804;1200;37;;;
220804;1300;48;;;
220804;1400;46;;;
220804;1500;32;;;
220804;1600;33;;;
220804;1700;42;;;
220804;1800;48;;;
220804;1900;39;;;
220804;2000;41;;;
220804;2100;39;;;
220804;2200;57;;;
220804;2300;47;;;
220805;0000;37;;;
220805;0100;64;;;
220805;0200;55;;;
220805;0300;104;;;
220805;0400;81;;;
220805;0500;81;;;
220805;0600;59;;;
220805;0700;65;;;
220805;0800;69;;;
220805;0900;58;;;
220805;1000;55;;;
220805;1100;44;;;
220805;1200;48;;;
220805;1300;46;;;
220805;1400;28;;;
220805;1500;23;;;
220805;1600;16;;;
220805;1700;18;;;
220805;1800;21;;;
220805;1900;27;;;
220805;2000;32;;;
220805;2100;24;;;
220805;2200;27;;;
220805;2300;18;;;
220806;0000;17;;;
220806;0100;24;;;
220806;0200;18;;;
220806;0300;18;;;
220806;0400;19;;;
220806;0500;34;;;
220806;0600;26;;;
220806;0700;27;;;
220806;0800;33;;;
220806;0900;29;;;
220806;1000;31;;;
220806;1100;36;;;
220806;1200;37;;;
220806;1300;31;;;
220806;1400;33;;;
220806;1500;32;;;
220806;1600;39;;;
220806;1700;30;;;
220806;1800;22;;;
220806;1900;11;;;
220806;2000;8;;;
220806;2100;6;;;
220806;2200;7;;;
220806;2300;7;;;
220807;0000;4;;;
220807;0100;6;;;
220807;0200;6;;;
220807;0300;4;;;
220807;0400;4;;;
220807;0500;9;;;
220807;0600;11;;;
220807;0700;10;;;
220807;0800;11;;;
220807;0900;19;;;
220807;1000;11;;;
220807;1100;10;;;
220807;1200;10;;;
220807;1300;8;;;
220807;1400;7;;;
220807;1500;8;;;
220807;1600;6;;;
220807;1700;7;;;
220807;1800;5;;;
220807;1900;7;;;
220807;2000;10;;;
220807;2100;15;;;
220807;2200;26;;;
220807;2300;21;;;
220808;0000;33;;;
220808;0100;28;;;
220808;0200;40;;;
220808;0300;38;;;
220808;0400;36;;;
220808;0500;35;;;
220808;0600;29;;;
220808;0700;26;;;
220808;0800;24;;;
220808;0900;29;;;
220808;1000;27;;;
220808;1100;27;;;
220808;1200;24;;;
220808;1300;27;;;
220808;1400;26;;;
220808;1500;20;;;
220808;1600;17;;;
220808;1700;17;;;
220808;1800;26;;;
220808;1900;47;;;
220808;2000;33;;;
220808;2100;40;;;
220808;2200;63;;;
220808;2300;72;;;
220809;0000;61;;;
220809;0100;48;;;
220809;0200;48;;;
220809;0300;53;;;
220809;0400;39;;;
220809;0500;34;;;
220809;0600;33;;;
220809;0700;37;;;
220809;0800;57;;;
220809;0900;48;;;
220809;1000;41;;;
220809;1100;43;;;
220809;1200;42;;;
220809;1300;33;;;
220809;1400;36;;;
220809;1500;22;;;
220809;1600;30;;;
220809;1700;19;;;
220809;1800;31;;;
220809;1900;49;;;
220809;2000;82;;;
220809;2100;94;;;
220809;2200;96;;;
220809;2300;96;;;
220810;0000;88;;;
220810;0100;56;;;
220810;0200;39;;;
220810;0300;44;;;
220810;0400;35;;;
220810;0500;31;;;
220810;0600;38;;;
220810;0700;56;;;
220810;0800;64;;;
220810;0900;48;;;
220810;1000;41;;;
220810;1100;33;;;
220810;1200;33;;;
220810;1300;30;;;
220810;1400;19;;;
220810;1500;13;;;
220810;1600;10;;;
220810;1700;11;;;
220810;1800;21;;;
220810;1900;20;;;
220810;2000;30;;;
220810;2100;45;;;
220810;2200;46;;;
220810;2300;73;;;
220811;0000;71;;;
220811;0100;30;;;
220811;0200;24;;;
220811;0300;32;;;
220811;0400;37;;;
220811;0500;38;;;
220811;0600;47;;;
220811;0700;46;;;
220811;0800;71;;;
220811;0900;50;;;
220811;1000;50;;;
220811;1100;41;;;
220811;1200;44;;;
220811;1300;43;;;
220811;1400;41;;;
220811;1500;31;;;
220811;1600;33;;;
220811;1700;33;;;
220811;1800;37;;;
220811;1900;26;;;
220811;2000;23;;;
220811;2100;25;;;
220811;2200;24;;;
220811;2300;21;;;
220812;0000;17;;;
220812;0100;17;;;
220812;0200;15;;;
220812;0300;18;;;
220812;0400;17;;;
220812;0500;15;;;
220812;0600;16;;;
220812;0700;16;;;
220812;0800;20;;;
220812;0900;17;;;
220812;1000;17;;;
220812;1100;19;;;
220812;1200;26;;;
220812;1300;24;;;
220812;1400;24;;;
220812;1500;23;;;
220812;1600;18;;;
220812;1700;22;;;
220812;1800;18;;;
220812;1900;19;;;
220812;2000;21;;;
220812;2100;45;;;
220812;2200;54;;;
220812;2300;50;;;
220813;0000;67;;;
220813;0100;74;;;
220813;0200;77;;;
220813;0300;75;;;
220813;0400;72;;;
220813;0500;72;;;
220813;0600;72;;;
220813;0700;79;;;
220813;0800;60;;;
220813;0900;47;;;
220813;1000;53;;;
220813;1100;40;;;
220813;1200;39;;;
220813;1300;31;;;
220813;1400;27;;;
220813;1500;28;;;
220813;1600;18;;;
220813;1700;16;;;
220813;1800;14;;;
220813;1900;22;;;
220813;2000;25;;;
220813;2100;41;;;
220813;2200;65;;;
220813;2300;25;;;
220814;0000;41;;;
220814;0100;55;;;
220814;0200;55;;;
220814;0300;96;;;
220814;0400;87;;;
220814;0500;49;;;
220814;0600;57;;;
220814;0700;54;;;
220814;0800;60;;;
220814;0900;52;;;
220814;1000;44;;;
220814;1100;21;;;
220814;1200;7;;;
220814;1300;21;;;
220814;1400;15;;;
220814;1500;23;;;
220814;1600;17;;;
220814;1700;11;;;
220814;1800;11;;;
220814;1900;9;;;
220814;2000;6;;;
220814;2100;7;;;
220814;2200;10;;;
220814;2300;8;;;
220815;0000;4;;;
220815;0100;1;;;
220815;0200;2;;;
220815;0300;2;;;
220815;0400;1;;;
220815;0500;5;;;
220815;0600;5;;;
220815;0700;10;;;
220815;0800;9;;;
220815;0900;5;;;
220815;1000;5;;;
220815;1100;3;;;
220815;1200;1;;;
220815;1300;12;;;
220815;1400;7;;;
220815;1500;4;;;
220815;1600;4;;;
220815;1700;8;;;
220815;1800;11;;;
220815;1900;11;;;
220815;2000;13;;;
220815;2100;12;;;
220815;2200;14;;;
220815;2300;20;;;
220816;0000;23;;;
220816;0100;23;;;
220816;0200;17;;;
220816;0300;13;;;
220816;0400;15;;;
220816;0500;12;;;
220816;0600;25;;;
220816;0700;19;;;
220816;0800;19;;;
220816;0900;22;;;
220816;1000;23;;;
220816;1100;25;;;
220816;1200;33;;;
220816;1300;32;;;
220816;1400;34;;;
220816;1500;51;;;
220816;1600;62;;;
220816;1700;54;;;
220816;1800;33;;;
220816;1900;16;;;
220816;2000;18;;;
220816;2100;24;;;
220816;2200;23;;;
220816;2300;24;;;
220817;0000;15;;;
220817;0100;15;;;
220817;0200;19;;;
220817;0300;17;;;
220817;0400;15;;;
220817;0500;14;;;
220817;0600;14;;;
220817;0700;22;;;
220817;0800;19;;;
220817;0900;13;;;
220817;1000;20;;;
220817;1100;17;;;
220817;1200;17;;;
220817;1300;20;;;
220817;1400;18;;;
220817;1500;19;;;
220817;1600;17;;;
220817;1700;20;;;
220817;1800;13;;;
220817;1900;21;;;
220817;2000;22;;;
220817;2100;17;;;
220817;2200;25;;;
220817;2300;24;;;
220818;0000;36;;;
220818;0100;25;;;
220818;0200;26;;;
220818;0300;22;;;
220818;0400;20;;;
220818;0500;30;;;
220818;0600;50;;;
220818;0700;67;;;
220818;0800;67;;;
220818;0900;40;;;
220818;1000;41;;;
220818;1100;35;;;
220818;1200;40;;;
220818;1300;41;;;
220818;1400;42;;;
220818;1500;23;;;
220818;1600;5;;;
220818;1700;9;;;
220818;1800;17;;;
220818;1900;41;;;
220818;2000;45;;;
220818;2100;62;;;
220818;2200;25;;;
220818;2300;33;;;
220819;0000;42;;;
220819;0100;55;;;
220819;0200;62;;;
220819;0300;54;;;
220819;0400;52;;;
220819;0500;48;;;
220819;0600;51;;;
220819;0700;57;;;
220819;0800;57;;;
220819;0900;44;;;
220819;1000;50;;;
220819;1100;54;;;
220819;1200;36;;;
220819;1300;36;;;
220819;1400;44;;;
220819;1500;26;;;
220819;1600;30;;;
220819;1700;30;;;
220819;1800;34;;;
220819;1900;41;;;
220819;2000;50;;;
220819;2100;89;;;
220819;2200;92;;;
220819;2300;117;;;
220820;0000;105;;;
220820;0100;83;;;
220820;0200;73;;;
220820;0300;63;;;
220820;0400;52;;;
220820;0500;59;;;
220820;0600;49;;;
220820;0700;48;;;
220820;0800;51;;;
220820;0900;43;;;
220820;1000;46;;;
220820;1100;46;;;
220820;1200;48;;;
220820;1300;37;;;
220820;1400;51;;;
220820;1500;30;;;
220820;1600;20;;;
220820;1700;26;;;
220820;1800;35;;;
220820;1900;35;;;
220820;2000;47;;;
220820;2100;57;;;
220820;2200;100;;;
220820;2300;81;;;
220821;0000;97;;;
220821;0100;88;;;
220821;0200;88;;;
220821;0300;89;;;
220821;0400;82;;;
220821;0500;68;;;
220821;0600;58;;;
220821;0700;53;;;
220821;0800;44;;;
220821;0900;66;;;
220821;1000;67;;;
220821;1100;47;;;
220821;1200;49;;;
220821;1300;40;;;
220821;1400;30;;;
220821;1500;31;;;
220821;1600;27;;;
220821;1700;21;;;
220821;1800;21;;;
220821;1900;22;;;
220821;2000;28;;;
220821;2100;19;;;
220821;2200;24;;;
220821;2300;12;;;
220822;0000;10;;;
220822;0100;10;;;
220822;0200;14;;;
220822;0300;14;;;
220822;0400;19;;;
220822;0500;19;;;
220822;0600;23;;;
220822;0700;21;;;
220822;0800;20;;;
220822;0900;19;;;
220822;1000;24;;;
220822;1100;30;;;
220822;1200;39;;;
220822;1300;37;;;
220822;1400;44;;;
220822;1500;51;;;
220822;1600;39;;;
220822;1700;27;;;
220822;1800;50;;;
220822;1900;44;;;
220822;2000;40;;;
220822;2100;46;;;
220822;2200;47;;;
220822;2300;48;;;
220823;0000;57;;;
220823;0100;63;;;
220823;0200;62;;;
220823;0300;50;;;
220823;0400;53;;;
220823;0500;56;;;
220823;0600;60;;;
220823;0700;56;;;
220823;0800;59;;;
220823;0900;69;;;
220823;1000;62;;;
220823;1100;54;;;
220823;1200;58;;;
220823;1300;66;;;
220823;1400;54;;;
220823;1500;64;;;
220823;1600;57;;;
220823;1700;54;;;
220823;1800;50;;;
220823;1900;51;;;
220823;2000;55;;;
220823;2100;44;;;
220823;2200;42;;;
220823;2300;42;;;
220824;0000;44;;;
220824;0100;42;;;
220824;0200;43;;;
220824;0300;41;;;
220824;0400;51;;;
220824;0500;53;;;
220824;0600;62;;;
220824;0700;76;;;
220824;0800;77;;;
220824;0900;82;;;
220824;1000;88;;;
220824;1100;83;;;
220824;1200;92;;;
220824;1300;68;;;
220824;1400;66;;;
220824;1500;71;;;
220824;1600;48;;;
220824;1700;45;;;
220824;1800;47;;;
220824;1900;49;;;
220824;2000;41;;;
220824;2100;42;;;
220824;2200;49;;;
220824;2300;54;;;
220825;0000;50;;;
220825;0100;60;;;
220825;0200;55;;;
220825;0300;60;;;
220825;0400;52;;;
220825;0500;57;;;
220825;0600;67;;;
220825;0700;72;;;
220825;0800;82;;;
220825;0900;66;;;
220825;1000;59;;;
220825;1100;71;;;
220825;1200;69;;;
220825;1300;66;;;
220825;1400;59;;;
220825;1500;57;;;
220825;1600;41;;;
220825;1700;30;;;
220825;1800;38;;;
220825;1900;40;;;
220825;2000;60;;;
220825;2100;41;;;
220825;2200;46;;;
220825;2300;50;;;
220826;0000;63;;;
220826;0100;55;;;
220826;0200;64;;;
220826;0300;70;;;
220826;0400;57;;;
220826;0500;68;;;
220826;0600;56;;;
220826;0700;59;;;
220826;0800;59;;;
220826;0900;61;;;
220826;1000;78;;;
220826;1100;63;;;
220826;1200;54;;;
220826;1300;62;;;
220826;1400;50;;;
220826;1500;34;;;
220826;1600;36;;;
220826;1700;33;;;
220826;1800;30;;;
220826;1900;38;;;
220826;2000;35;;;
220826;2100;33;;;
220826;2200;38;;;
220826;2300;34;;;
220827;0000;24;;;
220827;0100;26;;;
220827;0200;23;;;
220827;0300;26;;;
220827;0400;27;;;
220827;0500;30;;;
220827;0600;43;;;
220827;0700;45;;;
220827;0800;42;;;
220827;0900;43;;;
220827;1000;50;;;
220827;1100;50;;;
220827;1200;49;;;
220827;1300;39;;;
220827;1400;28;;;
220827;1500;14;;;
220827;1600;9;;;
220827;1700;10;;;
220827;1800;12;;;
220827;1900;23;;;
220827;2000;32;;;
220827;2100;62;;;
220827;2200;47;;;
220827;2300;34;;;
220828;0000;58;;;
220828;0100;61;;;
220828;0200;78;;;
220828;0300;89;;;
220828;0400;79;;;
220828;0500;86;;;
220828;0600;68;;;
220828;0700;57;;;
220828;0800;48;;;
220828;0900;50;;;
220828;1000;45;;;
220828;1100;53;;;
220828;1200;34;;;
220828;1300;20;;;
220828;1400;18;;;
220828;1500;27;;;
220828;1600;23;;;
220828;1700;27;;;
220828;1800;36;;;
220828;1900;49;;;
220828;2000;42;;;
220828;2100;37;;;
220828;2200;37;;;
220828;2300;54;;;
220829;0000;49;;;
220829;0100;40;;;
220829;0200;29;;;
220829;0300;27;;;
220829;0400;29;;;
220829;0500;46;;;
220829;0600;31;;;
220829;0700;43;;;
220829;0800;39;;;
220829;0900;44;;;
220829;1000;30;;;
220829;1100;28;;;
220829;1200;29;;;
220829;1300;28;;;
220829;1400;23;;;
220829;1500;22;;;
220829;1600;21;;;
220829;1700;27;;;
220829;1800;25;;;
220829;1900;23;;;
220829;2000;24;;;
220829;2100;20;;;
220829;2200;18;;;
220829;2300;18;;;
220830;0000;24;;;
220830;0100;17;;;
220830;0200;19;;;
220830;0300;19;;;
220830;0400;23;;;
220830;0500;19;;;
220830;0600;21;;;
220830;0700;21;;;
220830;0800;23;;;
220830;0900;25;;;
220830;1000;31;;;
220830;1100;35;;;
220830;1200;43;;;
220830;1300;35;;;
220830;1400;14;;;
220830;1500;13;;;
220830;1600;20;;;
220830;1700;20;;;
220830;1800;21;;;
220830;1900;19;;;
220830;2000;20;;;
220830;2100;24;;;
220830;2200;23;;;
220830;2300;23;;;
220831;0000;22;;;
220831;0100;35;;;
220831;0200;34;;;
220831;0300;30;;;
220831;0400;26;;;
220831;0500;21;;;
220831;0600;17;;;
220831;0700;20;;;
220831;0800;19;;;
220831;0900;13;;;
220831;1000;13;;;
220831;1100;16;;;
220831;1200;23;;;
220831;1300;18;;;
220831;1400;14;;;
220831;1500;10;;;
220831;1600;16;;;
220831;1700;17;;;
220831;1800;16;;;
220831;1900;16;;;
220831;2000;17;;;
220831;2100;19;;;
220831;2200;13;;;
220831;2300;19;;;
220901;0000;20;;;
220901;0100;22;;;
220901;0200;11;;;
220901;0300;22;;;
220901;0400;15;;;
220901;0500;15;;;
220901;0600;17;;;
220901;0700;16;;;
220901;0800;23;;;
220901;0900;27;;;
220901;1000;24;;;
220901;1100;27;;;
220901;1200;32;;;
220901;1300;29;;;
220901;1400;36;;;
220901;1500;33;;;
220901;1600;31;;;
220901;1700;28;;;
220901;1800;23;;;
220901;1900;26;;;
220901;2000;27;;;
220901;2100;39;;;
220901;2200;42;;;
220901;2300;55;;;
220902;0000;61;;;
220902;0100;63;;;
220902;0200;57;;;
220902;0300;59;;;
220902;0400;51;;;
220902;0500;47;;;
220902;0600;56;;;
220902;0700;62;;;
220902;0800;59;;;
220902;0900;60;;;
220902;1000;66;;;
220902;1100;53;;;
220902;1200;42;;;
220902;1300;38;;;
220902;1400;45;;;
220902;1500;43;;;
220902;1600;36;;;
220902;1700;32;;;
220902;1800;43;;;
220902;1900;44;;;
220902;2000;45;;;
220902;2100;63;;;
220902;2200;89;;;
220902;2300;93;;;
220903;0000;89;;;
220903;0100;76;;;
220903;0200;71;;;
220903;0300;54;;;
220903;0400;55;;;
220903;0500;75;;;
220903;0600;71;;;
220903;0700;67;;;
220903;0800;59;;;
220903;0900;54;;;
220903;1000;53;;;
220903;1100;47;;;
220903;1200;31;;;
220903;1300;28;;;
220903;1400;20;;;
220903;1500;18;;;
220903;1600;25;;;
220903;1700;32;;;
220903;1800;30;;;
220903;1900;25;;;
220903;2000;60;;;
220903;2100;67;;;
220903;2200;61;;;
220903;2300;122;;;
220904;0000;112;;;
220904;0100;110;;;
220904;0200;104;;;
220904;0300;79;;;
220904;0400;74;;;
220904;0500;73;;;
220904;0600;62;;;
220904;0700;57;;;
220904;0800;49;;;
220904;0900;51;;;
220904;1000;44;;;
220904;1100;35;;;
220904;1200;32;;;
220904;1300;21;;;
220904;1400;28;;;
220904;1500;27;;;
220904;1600;19;;;
220904;1700;22;;;
220904;1800;24;;;
220904;1900;26;;;
220904;2000;46;;;
220904;2100;54;;;
220904;2200;54;;;
220904;2300;58;;;
220905;0000;80;;;
220905;0100;53;;;
220905;0200;57;;;
220905;0300;39;;;
220905;0400;37;;;
220905;0500;35;;;
220905;0600;36;;;
220905;0700;53;;;
220905;0800;43;;;
220905;0900;36;;;
220905;1000;47;;;
220905;1100;41;;;
220905;1200;27;;;
220905;1300;21;;;
220905;1400;27;;;
220905;1500;26;;;
220905;1600;28;;;
220905;1700;32;;;
220905;1800;26;;;
220905;1900;33;;;
220905;2000;28;;;
220905;2100;29;;;
220905;2200;46;;;
220905;2300;52;;;
220906;0000;64;;;
220906;0100;48;;;
220906;0200;54;;;
220906;0300;53;;;
220906;0400;44;;;
220906;0500;54;;;
220906;0600;58;;;
220906;0700;70;;;
220906;0800;74;;;
220906;0900;61;;;
220906;1000;43;;;
220906;1100;52;;;
220906;1200;37;;;
220906;1300;32;;;
220906;1400;26;;;
220906;1500;18;;;
220906;1600;25;;;
220906;1700;24;;;
220906;1800;27;;;
220906;1900;24;;;
220906;2000;20;;;
220906;2100;23;;;
220906;2200;22;;;
220906;2300;15;;;
220907;0000;12;;;
220907;0100;18;;;
220907;0200;18;;;
220907;0300;16;;;
220907;0400;19;;;
220907;0500;7;;;
220907;0600;6;;;
220907;0700;7;;;
220907;0800;11;;;
220907;0900;13;;;
220907;1000;17;;;
220907;1100;14;;;
220907;1200;11;;;
220907;1300;13;;;
220907;1400;13;;;
220907;1500;10;;;
220907;1600;13;;;
220907;1700;10;;;
220907;1800;7;;;
220907;1900;12;;;
220907;2000;10;;;
220907;2100;6;;;
220907;2200;8;;;
220907;2300;6;;;
220908;0000;5;;;
220908;0100;2;;;
220908;0200;6;;;
220908;0300;6;;;
220908;0400;2;;;
220908;0500;2;;;
220908;0600;1;;;
220908;0700;5;;;
220908;0800;3;;;
220908;0900;5;;;
220908;1000;8;;;
220908;1100;9;;;
220908;1200;8;;;
220908;1300;7;;;
220908;1400;6;;;
220908;1500;10;;;
220908;1600;8;;;
220908;1700;6;;;
220908;1800;12;;;
220908;1900;18;;;
220908;2000;14;;;
220908;2100;26;;;
220908;2200;35;;;
220908;2300;25;;;
220909;0000;55;;;
220909;0100;50;;;
220909;0200;54;;;
220909;0300;50;;;
220909;0400;35;;;
220909;0500;44;;;
220909;0600;33;;;
220909;0700;46;;;
220909;0800;34;;;
220909;0900;33;;;
220909;1000;28;;;
220909;1100;25;;;
220909;1200;21;;;
220909;1300;28;;;
220909;1400;35;;;
220909;1500;18;;;
220909;1600;23;;;
220909;1700;20;;;
220909;1800;20;;;
220909;1900;26;;;
220909;2000;32;;;
220909;2100;41;;;
220909;2200;52;;;
220909;2300;73;;;
220910;0000;78;;;
220910;0100;78;;;
220910;0200;88;;;
220910;0300;80;;;
220910;0400;71;;;
220910;0500;55;;;
220910;0600;60;;;
220910;0700;63;;;
220910;0800;50;;;
220910;0900;44;;;
220910;1000;42;;;
220910;1100;31;;;
220910;1200;38;;;
220910;1300;16;;;
220910;1400;12;;;
220910;1500;16;;;
220910;1600;16;;;
220910;1700;17;;;
220910;1800;15;;;
220910;1900;15;;;
220910;2000;17;;;
220910;2100;13;;;
220910;2200;18;;;
220910;2300;17;;;
220911;0000;15;;;
220911;0100;15;;;
220911;0200;11;;;
220911;0300;14;;;
220911;0400;10;;;
220911;0500;11;;;
220911;0600;9;;;
220911;0700;6;;;
220911;0800;6;;;
220911;0900;7;;;
220911;1000;5;;;
220911;1100;4;;;
220911;1200;5;;;
220911;1300;7;;;
220911;1400;10;;;
220911;1500;12;;;
220911;1600;10;;;
220911;1700;11;;;
220911;1800;10;;;
220911;1900;13;;;
220911;2000;13;;;
220911;2100;15;;;
220911;2200;24;;;
220911;2300;14;;;
220912;0000;25;;;
220912;0100;44;;;
220912;0200;63;;;
220912;0300;51;;;
220912;0400;43;;;
220912;0500;42;;;
220912;0600;62;;;
220912;0700;66;;;
220912;0800;56;;;
220912;0900;42;;;
220912;1000;37;;;
220912;1100;28;;;
220912;1200;23;;;
220912;1300;22;;;
220912;1400;14;;;
220912;1500;12;;;
220912;1600;16;;;
220912;1700;8;;;
220912;1800;14;;;
220912;1900;11;;;
220912;2000;12;;;
220912;2100;11;;;
220912;2200;17;;;
220912;2300;10;;;
220913;0000;10;;;
220913;0100;16;;;
220913;0200;9;;;
220913;0300;10;;;
220913;0400;17;;;
220913;0500;14;;;
220913;0600;13;;;
220913;0700;14;;;
220913;0800;11;;;
220913;0900;10;;;
220913;1000;19;;;
220913;1100;11;;;
220913;1200;10;;;
220913;1300;17;;;
220913;1400;20;;;
220913;1500;25;;;
220913;1600;20;;;
220913;1700;20;;;
220913;1800;22;;;
220913;1900;22;;;
220913;2000;18;;;
220913;2100;18;;;
220913;2200;21;;;
220913;2300;18;;;
220914;0000;22;;;
220914;0100;27;;;
220914;0200;27;;;
220914;0300;38;;;
220914;0400;36;;;
220914;0500;36;;;
220914;0600;42;;;
220914;0700;54;;;
220914;0800;47;;;
220914;0900;34;;;
220914;1000;42;;;
220914;1100;40;;;
220914;1200;42;;;
220914;1300;40;;;
220914;1400;27;;;
220914;1500;18;;;
220914;1600;17;;;
220914;1700;24;;;
220914;1800;13;;;
220914;1900;19;;;
220914;2000;25;;;
220914;2100;28;;;
220914;2200;42;;;
220914;2300;52;;;
220915;0000;58;;;
220915;0100;52;;;
220915;0200;41;;;
220915;0300;42;;;
220915;0400;39;;;
220915;0500;40;;;
220915;0600;46;;;
220915;0700;63;;;
220915;0800;58;;;
220915;0900;37;;;
220915;1000;25;;;
220915;1100;32;;;
220915;1200;39;;;
220915;1300;29;;;
220915;1400;29;;;
220915;1500;24;;;
220915;1600;23;;;
220915;1700;19;;;
220915;1800;21;;;
220915;1900;21;;;
220915;2000;25;;;
220915;2100;18;;;
220915;2200;22;;;
220915;2300;23;;;
220916;0000;20;;;
220916;0100;24;;;
220916;0200;16;;;
220916;0300;20;;;
220916;0400;12;;;
220916;0500;12;;;
220916;0600;21;;;
220916;0700;14;;;
220916;0800;28;;;
220916;0900;17;;;
220916;1000;19;;;
220916;1100;20;;;
220916;1200;18;;;
220916;1300;13;;;
220916;1400;15;;;
220916;1500;14;;;
220916;1600;12;;;
220916;1700;10;;;
220916;1800;12;;;
220916;1900;12;;;
220916;2000;10;;;
220916;2100;15;;;
220916;2200;20;;;
220916;2300;30;;;
220917;0000;29;;;
220917;0100;30;;;
220917;0200;31;;;
220917;0300;22;;;
220917;0400;19;;;
220917;0500;23;;;
220917;0600;18;;;
220917;0700;9;;;
220917;0800;11;;;
220917;0900;11;;;
220917;1000;7;;;
220917;1100;17;;;
220917;1200;20;;;
220917;1300;17;;;
220917;1400;23;;;
220917;1500;21;;;
220917;1600;14;;;
220917;1700;10;;;
220917;1800;10;;;
220917;1900;6;;;
220917;2000;5;;;
220917;2100;6;;;
220917;2200;5;;;
220917;2300;5;;;
220918;0000;5;;;
220918;0100;2;;;
220918;0200;1;;;
220918;0300;8;;;
220918;0400;7;;;
220918;0500;3;;;
220918;0600;2;;;
220918;0700;3;;;
220918;0800;6;;;
220918;0900;6;;;
220918;1000;7;;;
220918;1100;10;;;
220918;1200;6;;;
220918;1300;11;;;
220918;1400;8;;;
220918;1500;8;;;
220918;1600;9;;;
220918;1700;7;;;
220918;1800;8;;;
220918;1900;6;;;
220918;2000;9;;;
220918;2100;8;;;
220918;2200;8;;;
220918;2300;16;;;
220919;0000;15;;;
220919;0100;13;;;
220919;0200;17;;;
220919;0300;17;;;
220919;0400;14;;;
220919;0500;16;;;
220919;0600;17;;;
220919;0700;19;;;
220919;0800;15;;;
220919;0900;19;;;
220919;1000;21;;;
220919;1100;22;;;
220919;1200;13;;;
220919;1300;14;;;
220919;1400;12;;;
220919;1500;9;;;
220919;1600;9;;;
220919;1700;13;;;
220919;1800;10;;;
220919;1900;10;;;
220919;2000;8;;;
220919;2100;11;;;
220919;2200;10;;;
220919;2300;13;;;
220920;0000;9;;;
220920;0100;15;;;
220920;0200;11;;;
220920;0300;10;;;
220920;0400;8;;;
220920;0500;7;;;
220920;0600;9;;;
220920;0700;8;;;
220920;0800;13;;;
220920;0900;10;;;
220920;1000;12;;;
220920;1100;12;;;
220920;1200;10;;;
220920;1300;12;;;
220920;1400;8;;;
220920;1500;8;;;
220920;1600;8;;;
220920;1700;11;;;
220920;1800;8;;;
220920;1900;4;;;
220920;2000;4;;;
220920;2100;7;;;
220920;2200;8;;;
220920;2300;8;;;
220921;0000;5;;;
220921;0100;4;;;
220921;0200;3;;;
220921;0300;6;;;
220921;0400;7;;;
220921;0500;7;;;
220921;0600;12;;;
220921;0700;15;;;
220921;0800;17;;;
220921;0900;9;;;
220921;1000;8;;;
220921;1100;11;;;
220921;1200;15;;;
220921;1300;8;;;
220921;1400;4;;;
220921;1500;1;;;
220921;1600;2;;;
220921;1700;5;;;
220921;1800;4;;;
220921;1900;5;;;
220921;2000;10;;;
220921;2100;12;;;
220921;2200;17;;;
220921;2300;27;;;
220922;0000;23;;;
220922;0100;31;;;
220922;0200;36;;;
220922;0300;34;;;
220922;0400;29;;;
220922;0500;28;;;
220922;0600;24;;;
220922;0700;43;;;
220922;0800;22;;;
220922;0900;14;;;
220922;1000;20;;;
220922;1100;15;;;
220922;1200;17;;;
220922;1300;10;;;
220922;1400;6;;;
220922;1500;5;;;
220922;1600;9;;;
220922;1700;7;;;
220922;1800;6;;;
220922;1900;13;;;
220922;2000;12;;;
220922;2100;10;;;
220922;2200;14;;;
220922;2300;15;;;
220923;0000;22;;;
220923;0100;21;;;
220923;0200;23;;;
220923;0300;25;;;
220923;0400;30;;;
220923;0500;29;;;
220923;0600;38;;;
220923;0700;30;;;
220923;0800;21;;;
220923;0900;24;;;
220923;1000;25;;;
220923;1100;28;;;
220923;1200;26;;;
220923;1300;;;;
220923;1400;;;;
220923;1500;22;;;
220923;1600;20;;;
220923;1700;13;;;
220923;1800;11;;;
220923;1900;14;;;
220923;2000;10;;;
220923;2100;13;;;
220923;2200;14;;;
220923;2300;17;;;
220924;0000;14;;;
220924;0100;10;;;
220924;0200;9;;;
220924;0300;17;;;
220924;0400;10;;;
220924;0500;10;;;
220924;0600;14;;;
220924;0700;13;;;
220924;0800;15;;;
220924;0900;20;;;
220924;1000;15;;;
220924;1100;17;;;
220924;1200;13;;;
220924;1300;11;;;
220924;1400;8;;;
220924;1500;6;;;
220924;1600;5;;;
220924;1700;11;;;
220924;1800;9;;;
220924;1900;8;;;
220924;2000;12;;;
220924;2100;12;;;
220924;2200;11;;;
220924;2300;9;;;
220925;0000;9;;;
220925;0100;9;;;
220925;0200;8;;;
220925;0300;7;;;
220925;0400;10;;;
220925;0500;13;;;
220925;0600;8;;;
220925;0700;7;;;
220925;0800;8;;;
220925;0900;13;;;
220925;1000;19;;;
220925;1100;19;;;
220925;1200;21;;;
220925;1300;16;;;
220925;1400;19;;;
220925;1500;8;;;
220925;1600;11;;;
220925;1700;9;;;
220925;1800;9;;;
220925;1900;7;;;
220925;2000;14;;;
220925;2100;16;;;
220925;2200;10;;;
220925;2300;11;;;
220926;0000;8;;;
220926;0100;11;;;
220926;0200;8;;;
220926;0300;6;;;
220926;0400;10;;;
220926;0500;11;;;
220926;0600;14;;;
220926;0700;17;;;
220926;0800;15;;;
220926;0900;14;;;
220926;1000;14;;;
220926;1100;25;;;
220926;1200;27;;;
220926;1300;21;;;
220926;1400;13;;;
220926;1500;16;;;
220926;1600;16;;;
220926;1700;7;;;
220926;1800;6;;;
220926;1900;10;;;
220926;2000;13;;;
220926;2100;10;;;
220926;2200;8;;;
220926;2300;12;;;
220927;0000;8;;;
220927;0100;8;;;
220927;0200;10;;;
220927;0300;11;;;
220927;0400;14;;;
220927;0500;19;;;
220927;0600;31;;;
220927;0700;28;;;
220927;0800;16;;;
220927;0900;21;;;
220927;1000;23;;;
220927;1100;35;;;
220927;1200;29;;;
220927;1300;16;;;
220927;1400;15;;;
220927;1500;14;;;
220927;1600;12;;;
220927;1700;9;;;
220927;1800;12;;;
220927;1900;14;;;
220927;2000;11;;;
220927;2100;10;;;
220927;2200;14;;;
220927;2300;16;;;
220928;0000;15;;;
220928;0100;14;;;
220928;0200;11;;;
220928;0300;18;;;
220928;0400;16;;;
220928;0500;21;;;
220928;0600;30;;;
220928;0700;26;;;
220928;0800;22;;;
220928;0900;27;;;
220928;1000;29;;;
220928;1100;15;;;
220928;1200;14;;;
220928;1300;16;;;
220928;1400;15;;;
220928;1500;10;;;
220928;1600;14;;;
220928;1700;12;;;
220928;1800;17;;;
220928;1900;17;;;
220928;2000;11;;;
220928;2100;12;;;
220928;2200;12;;;
220928;2300;15;;;
220929;0000;19;;;
220929;0100;12;;;
220929;0200;19;;;
220929;0300;19;;;
220929;0400;22;;;
220929;0500;29;;;
220929;0600;29;;;
220929;0700;34;;;
220929;0800;39;;;
220929;0900;42;;;
220929;1000;38;;;
220929;1100;42;;;
220929;1200;39;;;
220929;1300;29;;;
220929;1400;22;;;
220929;1500;19;;;
220929;1600;19;;;
220929;1700;12;;;
220929;1800;20;;;
220929;1900;15;;;
220929;2000;21;;;
220929;2100;22;;;
220929;2200;22;;;
220929;2300;24;;;
220930;0000;25;;;
220930;0100;24;;;
220930;0200;29;;;
220930;0300;37;;;
220930;0400;27;;;
220930;0500;37;;;
220930;0600;32;;;
220930;0700;36;;;
220930;0800;41;;;
220930;0900;45;;;
220930;1000;42;;;
220930;1100;46;;;
220930;1200;44;;;
220930;1300;46;;;
220930;1400;32;;;
220930;1500;33;;;
220930;1600;22;;;
220930;1700;17;;;
220930;1800;18;;;
220930;1900;17;;;
220930;2000;19;;;
220930;2100;19;;;
220930;2200;21;;;
220930;2300;26;;;
221001;0000;34;;;
221001;0100;33;;;
221001;0200;35;;;
221001;0300;42;;;
221001;0400;46;;;
221001;0500;57;;;
221001;0600;51;;;
221001;0700;49;;;
221001;0800;44;;;
221001;0900;37;;;
221001;1000;27;;;
221001;1100;33;;;
221001;1200;24;;;
221001;1300;19;;;
221001;1400;18;;;
221001;1500;15;;;
221001;1600;17;;;
221001;1700;15;;;
221001;1800;19;;;
221001;1900;14;;;
221001;2000;16;;;
221001;2100;22;;;
221001;2200;22;;;
221001;2300;21;;;
221002;0000;11;;;
221002;0100;16;;;
221002;0200;16;;;
221002;0300;10;;;
221002;0400;17;;;
221002;0500;29;;;
221002;0600;40;;;
221002;0700;39;;;
221002;0800;42;;;
221002;0900;33;;;
221002;1000;30;;;
221002;1100;25;;;
221002;1200;25;;;
221002;1300;21;;;
221002;1400;16;;;
221002;1500;17;;;
221002;1600;19;;;
221002;1700;15;;;
221002;1800;19;;;
221002;1900;13;;;
221002;2000;16;;;
221002;2100;19;;;
221002;2200;26;;;
221002;2300;22;;;
221003;0000;19;;;
221003;0100;13;;;
221003;0200;16;;;
221003;0300;14;;;
221003;0400;12;;;
221003;0500;23;;;
221003;0600;9;;;
221003;0700;9;;;
221003;0800;10;;;
221003;0900;12;;;
221003;1000;13;;;
221003;1100;15;;;
221003;1200;11;;;
221003;1300;8;;;
221003;1400;9;;;
221003;1500;7;;;
221003;1600;7;;;
221003;1700;6;;;
221003;1800;8;;;
221003;1900;10;;;
221003;2000;10;;;
221003;2100;9;;;
221003;2200;10;;;
221003;2300;8;;;
221004;0000;5;;;
221004;0100;7;;;
221004;0200;12;;;
221004;0300;12;;;
221004;0400;11;;;
221004;0500;12;;;
221004;0600;10;;;
221004;0700;10;;;
221004;0800;11;;;
221004;0900;10;;;
221004;1000;16;;;
221004;1100;20;;;
221004;1200;23;;;
221004;1300;25;;;
221004;1400;15;;;
221004;1500;11;;;
221004;1600;8;;;
221004;1700;5;;;
221004;1800;5;;;
221004;1900;5;;;
221004;2000;6;;;
221004;2100;8;;;
221004;2200;6;;;
221004;2300;5;;;
221005;0000;8;;;
221005;0100;7;;;
221005;0200;4;;;
221005;0300;5;;;
221005;0400;9;;;
221005;0500;8;;;
221005;0600;11;;;
221005;0700;9;;;
221005;0800;13;;;
221005;0900;20;;;
221005;1000;23;;;
221005;1100;18;;;
221005;1200;18;;;
221005;1300;16;;;
221005;1400;13;;;
221005;1500;11;;;
221005;1600;10;;;
221005;1700;11;;;
221005;1800;8;;;
221005;1900;10;;;
221005;2000;7;;;
221005;2100;5;;;
221005;2200;4;;;
221005;2300;16;;;
221006;0000;17;;;
221006;0100;22;;;
221006;0200;19;;;
221006;0300;13;;;
221006;0400;12;;;
221006;0500;10;;;
221006;0600;18;;;
221006;0700;32;;;
221006;0800;18;;;
221006;0900;15;;;
221006;1000;20;;;
221006;1100;24;;;
221006;1200;23;;;
221006;1300;11;;;
221006;1400;13;;;
221006;1500;16;;;
221006;1600;9;;;
221006;1700;13;;;
221006;1800;11;;;
221006;1900;9;;;
221006;2000;14;;;
221006;2100;14;;;
221006;2200;18;;;
221006;2300;17;;;
221007;0000;14;;;
221007;0100;22;;;
221007;0200;27;;;
221007;0300;25;;;
221007;0400;24;;;
221007;0500;29;;;
221007;0600;34;;;
221007;0700;37;;;
221007;0800;40;;;
221007;0900;39;;;
221007;1000;30;;;
221007;1100;18;;;
221007;1200;12;;;
221007;1300;10;;;
221007;1400;10;;;
221007;1500;9;;;
221007;1600;5;;;
221007;1700;6;;;
221007;1800;6;;;
221007;1900;5;;;
221007;2000;7;;;
221007;2100;7;;;
221007;2200;7;;;
221007;2300;6;;;
221008;0000;2;;;
221008;0100;2;;;
221008;0200;6;;;
221008;0300;3;;;
221008;0400;1;;;
221008;0500;1;;;
221008;0600;3;;;
221008;0700;6;;;
221008;0800;6;;;
221008;0900;7;;;
221008;1000;7;;;
221008;1100;5;;;
221008;1200;3;;;
221008;1300;3;;;
221008;1400;6;;;
221008;1500;6;;;
221008;1600;5;;;
221008;1700;8;;;
221008;1800;6;;;
221008;1900;6;;;
221008;2000;7;;;
221008;2100;8;;;
221008;2200;8;;;
221008;2300;7;;;
221009;0000;18;;;
221009;0100;8;;;
221009;0200;20;;;
221009;0300;16;;;
221009;0400;27;;;
221009;0500;25;;;
221009;0600;21;;;
221009;0700;18;;;
221009;0800;9;;;
221009;0900;10;;;
221009;1000;18;;;
221009;1100;13;;;
221009;1200;12;;;
221009;1300;9;;;
221009;1400;5;;;
221009;1500;11;;;
221009;1600;9;;;
221009;1700;5;;;
221009;1800;5;;;
221009;1900;7;;;
221009;2000;6;;;
221009;2100;8;;;
221009;2200;8;;;
221009;2300;5;;;
221010;0000;13;;;
221010;0100;9;;;
221010;0200;19;;;
221010;0300;14;;;
221010;0400;23;;;
221010;0500;21;;;
221010;0600;14;;;
221010;0700;9;;;
221010;0800;8;;;
221010;0900;8;;;
221010;1000;6;;;
221010;1100;6;;;
221010;1200;12;;;
221010;1300;12;;;
221010;1400;13;;;
221010;1500;11;;;
221010;1600;11;;;
221010;1700;14;;;
221010;1800;13;;;
221010;1900;12;;;
221010;2000;12;;;
221010;2100;14;;;
221010;2200;12;;;
221010;2300;10;;;
221011;0000;10;;;
221011;0100;10;;;
221011;0200;10;;;
221011;0300;9;;;
221011;0400;13;;;
221011;0500;20;;;
221011;0600;29;;;
221011;0700;36;;;
221011;0800;42;;;
221011;0900;26;;;
221011;1000;22;;;
221011;1100;18;;;
221011;1200;17;;;
221011;1300;20;;;
221011;1400;21;;;
221011;1500;10;;;
221011;1600;20;;;
221011;1700;11;;;
221011;1800;11;;;
221011;1900;10;;;
221011;2000;16;;;
221011;2100;13;;;
221011;2200;11;;;
221011;2300;14;;;
221012;0000;16;;;
221012;0100;11;;;
221012;0200;11;;;
221012;0300;12;;;
221012;0400;21;;;
221012;0500;27;;;
221012;0600;26;;;
221012;0700;30;;;
221012;0800;29;;;
221012;0900;28;;;
221012;1000;29;;;
221012;1100;34;;;
221012;1200;15;;;
221012;1300;19;;;
221012;1400;15;;;
221012;1500;10;;;
221012;1600;7;;;
221012;1700;5;;;
221012;1800;7;;;
221012;1900;12;;;
221012;2000;12;;;
221012;2100;12;;;
221012;2200;10;;;
221012;2300;14;;;
221013;0000;11;;;
221013;0100;7;;;
221013;0200;10;;;
221013;0300;11;;;
221013;0400;9;;;
221013;0500;20;;;
221013;0600;20;;;
221013;0700;24;;;
221013;0800;15;;;
221013;0900;14;;;
221013;1000;24;;;
221013;1100;18;;;
221013;1200;12;;;
221013;1300;14;;;
221013;1400;12;;;
221013;1500;13;;;
221013;1600;8;;;
221013;1700;6;;;
221013;1800;6;;;
221013;1900;8;;;
221013;2000;9;;;
221013;2100;14;;;
221013;2200;13;;;
221013;2300;16;;;
221014;0000;16;;;
221014;0100;9;;;
221014;0200;18;;;
221014;0300;17;;;
221014;0400;25;;;
221014;0500;23;;;
221014;0600;31;;;
221014;0700;28;;;
221014;0800;29;;;
221014;0900;21;;;
221014;1000;21;;;
221014;1100;26;;;
221014;1200;12;;;
221014;1300;12;;;
221014;1400;10;;;
221014;1500;9;;;
221014;1600;7;;;
221014;1700;8;;;
221014;1800;11;;;
221014;1900;14;;;
221014;2000;18;;;
221014;2100;10;;;
221014;2200;16;;;
221014;2300;20;;;
221015;0000;24;;;
221015;0100;31;;;
221015;0200;34;;;
221015;0300;27;;;
221015;0400;24;;;
221015;0500;40;;;
221015;0600;51;;;
221015;0700;46;;;
221015;0800;36;;;
221015;0900;31;;;
221015;1000;24;;;
221015;1100;21;;;
221015;1200;18;;;
221015;1300;24;;;
221015;1400;12;;;
221015;1500;13;;;
221015;1600;14;;;
221015;1700;13;;;
221015;1800;8;;;
221015;1900;11;;;
221015;2000;15;;;
221015;2100;9;;;
221015;2200;9;;;
221015;2300;12;;;
221016;0000;16;;;
221016;0100;14;;;
221016;0200;19;;;
221016;0300;21;;;
221016;0400;22;;;
221016;0500;23;;;
221016;0600;24;;;
221016;0700;30;;;
221016;0800;26;;;
221016;0900;21;;;
221016;1000;20;;;
221016;1100;20;;;
221016;1200;12;;;
221016;1300;15;;;
221016;1400;10;;;
221016;1500;10;;;
221016;1600;8;;;
221016;1700;16;;;
221016;1800;8;;;
221016;1900;10;;;
221016;2000;9;;;
221016;2100;9;;;
221016;2200;5;;;
221016;2300;4;;;
221017;0000;8;;;
221017;0100;7;;;
221017;0200;9;;;
221017;0300;7;;;
221017;0400;7;;;
221017;0500;4;;;
221017;0600;10;;;
221017;0700;12;;;
221017;0800;15;;;
221017;0900;14;;;
221017;1000;11;;;
221017;1100;13;;;
221017;1200;10;;;
221017;1300;7;;;
221017;1400;9;;;
221017;1500;9;;;
221017;1600;8;;;
221017;1700;10;;;
221017;1800;9;;;
221017;1900;7;;;
221017;2000;10;;;
221017;2100;6;;;
221017;2200;4;;;
221017;2300;3;;;
221018;0000;4;;;
221018;0100;3;;;
221018;0200;11;;;
221018;0300;10;;;
221018;0400;9;;;
221018;0500;5;;;
221018;0600;11;;;
221018;0700;14;;;
221018;0800;16;;;
221018;0900;19;;;
221018;1000;25;;;
221018;1100;19;;;
221018;1200;17;;;
221018;1300;7;;;
221018;1400;11;;;
221018;1500;9;;;
221018;1600;6;;;
221018;1700;6;;;
221018;1800;4;;;
221018;1900;5;;;
221018;2000;8;;;
221018;2100;7;;;
221018;2200;5;;;
221018;2300;4;;;
221019;0000;4;;;
221019;0100;7;;;
221019;0200;6;;;
221019;0300;3;;;
221019;0400;4;;;
221019;0500;9;;;
221019;0600;16;;;
221019;0700;16;;;
221019;0800;17;;;
221019;0900;15;;;
221019;1000;15;;;
221019;1100;15;;;
221019;1200;8;;;
221019;1300;5;;;
221019;1400;9;;;
221019;1500;5;;;
221019;1600;8;;;
221019;1700;7;;;
221019;1800;5;;;
221019;1900;10;;;
221019;2000;7;;;
221019;2100;10;;;
221019;2200;7;;;
221019;2300;5;;;
221020;0000;10;;;
221020;0100;9;;;
221020;0200;9;;;
221020;0300;13;;;
221020;0400;19;;;
221020;0500;24;;;
221020;0600;25;;;
221020;0700;23;;;
221020;0800;23;;;
221020;0900;21;;;
221020;1000;16;;;
221020;1100;17;;;
221020;1200;13;;;
221020;1300;11;;;
221020;1400;11;;;
221020;1500;9;;;
221020;1600;6;;;
221020;1700;6;;;
221020;1800;6;;;
221020;1900;8;;;
221020;2000;15;;;
221020;2100;14;;;
221020;2200;12;;;
221020;2300;11;;;
221021;0000;12;;;
221021;0100;18;;;
221021;0200;26;;;
221021;0300;13;;;
221021;0400;18;;;
221021;0500;19;;;
221021;0600;26;;;
221021;0700;28;;;
221021;0800;24;;;
221021;0900;14;;;
221021;1000;23;;;
221021;1100;18;;;
221021;1200;7;;;
221021;1300;9;;;
221021;1400;6;;;
221021;1500;5;;;
221021;1600;6;;;
221021;1700;6;;;
221021;1800;7;;;
221021;1900;10;;;
221021;2000;6;;;
221021;2100;4;;;
221021;2200;6;;;
221021;2300;9;;;
221022;0000;15;;;
221022;0100;14;;;
221022;0200;10;;;
221022;0300;11;;;
221022;0400;16;;;
221022;0500;23;;;
221022;0600;34;;;
221022;0700;25;;;
221022;0800;18;;;
221022;0900;24;;;
221022;1000;20;;;
221022;1100;13;;;
221022;1200;13;;;
221022;1300;11;;;
221022;1400;10;;;
221022;1500;15;;;
221022;1600;9;;;
221022;1700;13;;;
221022;1800;11;;;
221022;1900;8;;;
221022;2000;6;;;
221022;2100;7;;;
221022;2200;4;;;
221022;2300;10;;;
221023;0000;12;;;
221023;0100;9;;;
221023;0200;12;;;
221023;0300;15;;;
221023;0400;22;;;
221023;0500;19;;;
221023;0600;19;;;
221023;0700;19;;;
221023;0800;17;;;
221023;0900;16;;;
221023;1000;18;;;
221023;1100;12;;;
221023;1200;14;;;
221023;1300;9;;;
221023;1400;11;;;
221023;1500;9;;;
221023;1600;9;;;
221023;1700;6;;;
221023;1800;6;;;
221023;1900;7;;;
221023;2000;10;;;
221023;2100;9;;;
221023;2200;11;;;
221023;2300;9;;;
221024;0000;8;;;
221024;0100;7;;;
221024;0200;10;;;
221024;0300;8;;;
221024;0400;13;;;
221024;0500;12;;;
221024;0600;26;;;
221024;0700;17;;;
221024;0800;18;;;
221024;0900;20;;;
221024;1000;15;;;
221024;1100;18;;;
221024;1200;13;;;
221024;1300;15;;;
221024;1400;11;;;
221024;1500;8;;;
221024;1600;6;;;
221024;1700;6;;;
221024;1800;10;;;
221024;1900;6;;;
221024;2000;6;;;
221024;2100;11;;;
221024;2200;9;;;
221024;2300;7;;;
221025;0000;11;;;
221025;0100;23;;;
221025;0200;13;;;
221025;0300;10;;;
221025;0400;11;;;
221025;0500;7;;;
221025;0600;14;;;
221025;0700;13;;;
221025;0800;9;;;
221025;0900;7;;;
221025;1000;9;;;
221025;1100;8;;;
221025;1200;8;;;
221025;1300;7;;;
221025;1400;9;;;
221025;1500;9;;;
221025;1600;5;;;
221025;1700;5;;;
221025;1800;5;;;
221025;1900;6;;;
221025;2000;6;;;
221025;2100;5;;;
221025;2200;5;;;
221025;2300;3;;;
221026;0000;1;;;
221026;0100;4;;;
221026;0200;6;;;
221026;0300;14;;;
221026;0400;9;;;
221026;0500;9;;;
221026;0600;9;;;
221026;0700;11;;;
221026;0800;10;;;
221026;0900;12;;;
221026;1000;16;;;
221026;1100;16;;;
221026;1200;19;;;
221026;1300;13;;;
221026;1400;10;;;
221026;1500;10;;;
221026;1600;9;;;
221026;1700;6;;;
221026;1800;6;;;
221026;1900;4;;;
221026;2000;6;;;
221026;2100;4;;;
221026;2200;6;;;
221026;2300;7;;;
221027;0000;8;;;
221027;0100;16;;;
221027;0200;10;;;
221027;0300;7;;;
221027;0400;26;;;
221027;0500;18;;;
221027;0600;34;;;
221027;0700;26;;;
221027;0800;17;;;
221027;0900;27;;;
221027;1000;24;;;
221027;1100;13;;;
221027;1200;10;;;
221027;1300;13;;;
221027;1400;8;;;
221027;1500;14;;;
221027;1600;8;;;
221027;1700;9;;;
221027;1800;8;;;
221027;1900;8;;;
221027;2000;5;;;
221027;2100;8;;;
221027;2200;5;;;
221027;2300;9;;;
221028;0000;16;;;
221028;0100;8;;;
221028;0200;6;;;
221028;0300;8;;;
221028;0400;12;;;
221028;0500;12;;;
221028;0600;17;;;
221028;0700;20;;;
221028;0800;29;;;
221028;0900;20;;;
221028;1000;18;;;
221028;1100;27;;;
221028;1200;19;;;
221028;1300;20;;;
221028;1400;14;;;
221028;1500;23;;;
221028;1600;26;;;
221028;1700;17;;;
221028;1800;25;;;
221028;1900;24;;;
221028;2000;22;;;
221028;2100;17;;;
221028;2200;16;;;
221028;2300;13;;;
221029;0000;13;;;
221029;0100;10;;;
221029;0200;16;;;
221029;0300;21;;;
221029;0400;27;;;
221029;0500;31;;;
221029;0600;37;;;
221029;0700;31;;;
221029;0800;26;;;
221029;0900;30;;;
221029;1000;20;;;
221029;1100;16;;;
221029;1200;10;;;
221029;1300;12;;;
221029;1400;7;;;
221029;1500;4;;;
221029;1600;4;;;
221029;1700;3;;;
221029;1800;6;;;
221029;1900;6;;;
221029;2000;6;;;
221029;2100;4;;;
221029;2200;2;;;
221029;2300;8;;;
221030;0000;7;;;
221030;0100;5;;;
221030;0200;2;;;
221030;0300;6;;;
221030;0400;8;;;
221030;0500;6;;;
221030;0600;5;;;
221030;0700;6;;;
221030;0800;4;;;
221030;0900;9;;;
221030;1000;10;;;
221030;1100;11;;;
221030;1200;13;;;
221030;1300;11;;;
221030;1400;9;;;
221030;1500;11;;;
221030;1600;8;;;
221030;1700;5;;;
221030;1800;4;;;
221030;1900;6;;;
221030;2000;7;;;
221030;2100;6;;;
221030;2200;10;;;
221030;2300;11;;;
221031;0000;9;;;
221031;0100;9;;;
221031;0200;12;;;
221031;0300;9;;;
221031;0400;8;;;
221031;0500;11;;;
221031;0600;24;;;
221031;0700;29;;;
221031;0800;14;;;
221031;0900;15;;;
221031;1000;14;;;
221031;1100;13;;;
221031;1200;14;;;
221031;1300;10;;;
221031;1400;5;;;
221031;1500;6;;;
221031;1600;7;;;
221031;1700;6;;;
221031;1800;4;;;
221031;1900;8;;;
221031;2000;10;;;
221031;2100;24;;;
221031;2200;46;;;
221031;2300;42;;;
221101;0000;38;;;
221101;0100;39;;;
221101;0200;40;;;
221101;0300;25;;;
221101;0400;19;;;
221101;0500;25;;;
221101;0600;20;;;
221101;0700;15;;;
221101;0800;16;;;
221101;0900;14;;;
221101;1000;13;;;
221101;1100;10;;;
221101;1200;10;;;
221101;1300;9;;;
221101;1400;9;;;
221101;1500;;;;
221101;1600;;;;
221101;1700;;;;
221101;1800;;;;
221101;1900;;;;
221101;2000;;;;
221101;2100;;;;
221101;2200;;;;
221101;2300;;;;
221102;0000;;;;
221102;0100;;;;
221102;0200;;;;
221102;0300;;;;
221102;0400;;;;
221102;0500;;;;
221102;0600;;;;
221102;0700;;;;
221102;0800;;;;
221102;0900;;;;
221102;1000;22;;;
221102;1100;19;;;
221102;1200;17;;;
221102;1300;13;;;
221102;1400;11;;;
221102;1500;10;;;
221102;1600;11;;;
221102;1700;17;;;
221102;1800;14;;;
221102;1900;10;;;
221102;2000;9;;;
221102;2100;8;;;
221102;2200;6;;;
221102;2300;7;;;
221103;0000;15;;;
221103;0100;10;;;
221103;0200;11;;;
221103;0300;14;;;
221103;0400;14;;;
221103;0500;12;;;
221103;0600;20;;;
221103;0700;24;;;
221103;0800;23;;;
221103;0900;28;;;
221103;1000;23;;;
221103;1100;18;;;
221103;1200;20;;;
221103;1300;16;;;
221103;1400;17;;;
221103;1500;15;;;
221103;1600;15;;;
221103;1700;18;;;
221103;1800;17;;;
221103;1900;15;;;
221103;2000;13;;;
221103;2100;14;;;
221103;2200;13;;;
221103;2300;16;;;
221104;0000;14;;;
221104;0100;19;;;
221104;0200;6;;;
221104;0300;18;;;
221104;0400;10;;;
221104;0500;20;;;
221104;0600;21;;;
221104;0700;23;;;
221104;0800;32;;;
221104;0900;34;;;
221104;1000;28;;;
221104;1100;23;;;
221104;1200;22;;;
221104;1300;26;;;
221104;1400;16;;;
221104;1500;21;;;
221104;1600;29;;;
221104;1700;15;;;
221104;1800;16;;;
221104;1900;11;;;
221104;2000;12;;;
221104;2100;10;;;
221104;2200;12;;;
221104;2300;9;;;
221105;0000;11;;;
221105;0100;8;;;
221105;0200;7;;;
221105;0300;9;;;
221105;0400;13;;;
221105;0500;14;;;
221105;0600;14;;;
221105;0700;22;;;
221105;0800;27;;;
221105;0900;23;;;
221105;1000;25;;;
221105;1100;19;;;
221105;1200;20;;;
221105;1300;15;;;
221105;1400;18;;;
221105;1500;11;;;
221105;1600;12;;;
221105;1700;14;;;
221105;1800;20;;;
221105;1900;20;;;
221105;2000;12;;;
221105;2100;9;;;
221105;2200;10;;;
221105;2300;9;;;
221106;0000;9;;;
221106;0100;9;;;
221106;0200;22;;;
221106;0300;9;;;
221106;0400;17;;;
221106;0500;8;;;
221106;0600;12;;;
221106;0700;26;;;
221106;0800;30;;;
221106;0900;20;;;
221106;1000;25;;;
221106;1100;26;;;
221106;1200;17;;;
221106;1300;16;;;
221106;1400;12;;;
221106;1500;13;;;
221106;1600;13;;;
221106;1700;9;;;
221106;1800;13;;;
221106;1900;17;;;
221106;2000;10;;;
221106;2100;10;;;
221106;2200;12;;;
221106;2300;13;;;
221107;0000;10;;;
221107;0100;13;;;
221107;0200;12;;;
221107;0300;10;;;
221107;0400;15;;;
221107;0500;14;;;
221107;0600;20;;;
221107;0700;21;;;
221107;0800;24;;;
221107;0900;30;;;
221107;1000;29;;;
221107;1100;43;;;
221107;1200;19;;;
221107;1300;38;;;
221107;1400;34;;;
221107;1500;20;;;
221107;1600;25;;;
221107;1700;19;;;
221107;1800;16;;;
221107;1900;17;;;
221107;2000;12;;;
221107;2100;14;;;
221107;2200;13;;;
221107;2300;8;;;
221108;0000;9;;;
221108;0100;14;;;
221108;0200;14;;;
221108;0300;14;;;
221108;0400;11;;;
221108;0500;21;;;
221108;0600;32;;;
221108;0700;17;;;
221108;0800;24;;;
221108;0900;24;;;
221108;1000;20;;;
221108;1100;20;;;
221108;1200;19;;;
221108;1300;16;;;
221108;1400;17;;;
221108;1500;14;;;
221108;1600;15;;;
221108;1700;10;;;
221108;1800;9;;;
221108;1900;9;;;
221108;2000;8;;;
221108;2100;9;;;
221108;2200;14;;;
221108;2300;12;;;
221109;0000;17;;;
221109;0100;10;;;
221109;0200;17;;;
221109;0300;17;;;
221109;0400;15;;;
221109;0500;18;;;
221109;0600;18;;;
221109;0700;6;;;
221109;0800;7;;;
221109;0900;7;;;
221109;1000;5;;;
221109;1100;6;;;
221109;1200;7;;;
221109;1300;9;;;
221109;1400;7;;;
221109;1500;9;;;
221109;1600;7;;;
221109;1700;7;;;
221109;1800;4;;;
221109;1900;3;;;
221109;2000;4;;;
221109;2100;2;;;
221109;2200;5;;;
221109;2300;4;;;
221110;0000;5;;;
221110;0100;6;;;
221110;0200;9;;;
221110;0300;19;;;
221110;0400;;;;
221110;0500;18;;;
221110;0600;21;;;
221110;0700;12;;;
221110;0800;24;;;
221110;0900;21;;;
221110;1000;19;;;
221110;1100;19;;;
221110;1200;12;;;
221110;1300;11;;;
221110;1400;7;;;
221110;1500;8;;;
221110;1600;11;;;
221110;1700;10;;;
221110;1800;9;;;
221110;1900;8;;;
221110;2000;5;;;
221110;2100;9;;;
221110;2200;6;;;
221110;2300;4;;;
221111;0000;7;;;
221111;0100;9;;;
221111;0200;6;;;
221111;0300;8;;;
221111;0400;5;;;
221111;0500;4;;;
221111;0600;10;;;
221111;0700;8;;;
221111;0800;13;;;
221111;0900;10;;;
221111;1000;9;;;
221111;1100;10;;;
221111;1200;13;;;
221111;1300;10;;;
221111;1400;10;;;
221111;1500;7;;;
221111;1600;8;;;
221111;1700;4;;;
221111;1800;2;;;
221111;1900;3;;;
221111;2000;3;;;
221111;2100;1;;;
221111;2200;5;;;
221111;2300;5;;;
221112;0000;4;;;
221112;0100;2;;;
221112;0200;2;;;
221112;0300;3;;;
221112;0400;3;;;
221112;0500;5;;;
221112;0600;10;;;
221112;0700;7;;;
221112;0800;3;;;
221112;0900;3;;;
221112;1000;4;;;
221112;1100;3;;;
221112;1200;2;;;
221112;1300;6;;;
221112;1400;6;;;
221112;1500;4;;;
221112;1600;5;;;
221112;1700;8;;;
221112;1800;7;;;
221112;1900;7;;;
221112;2000;7;;;
221112;2100;5;;;
221112;2200;7;;;
221112;2300;6;;;
221113;0000;6;;;
221113;0100;10;;;
221113;0200;14;;;
221113;0300;13;;;
221113;0400;18;;;
221113;0500;14;;;
221113;0600;13;;;
221113;0700;10;;;
221113;0800;8;;;
221113;0900;8;;;
221113;1000;8;;;
221113;1100;6;;;
221113;1200;9;;;
221113;1300;11;;;
221113;1400;7;;;
221113;1500;4;;;
221113;1600;3;;;
221113;1700;1;;;
221113;1800;5;;;
221113;1900;4;;;
221113;2000;5;;;
221113;2100;6;;;
221113;2200;3;;;
221113;2300;1;;;
221114;0000;2;;;
221114;0100;6;;;
221114;0200;14;;;
221114;0300;13;;;
221114;0400;13;;;
221114;0500;19;;;
221114;0600;25;;;
221114;0700;17;;;
221114;0800;13;;;
221114;0900;15;;;
221114;1000;12;;;
221114;1100;15;;;
221114;1200;10;;;
221114;1300;7;;;
221114;1400;4;;;
221114;1500;3;;;
221114;1600;2;;;
221114;1700;1;;;
221114;1800;3;;;
221114;1900;5;;;
221114;2000;12;;;
221114;2100;11;;;
221114;2200;12;;;
221114;2300;8;;;
221115;0000;13;;;
221115;0100;15;;;
221115;0200;25;;;
221115;0300;20;;;
221115;0400;19;;;
221115;0500;28;;;
221115;0600;36;;;
221115;0700;30;;;
221115;0800;24;;;
221115;0900;21;;;
221115;1000;11;;;
221115;1100;19;;;
221115;1200;9;;;
221115;1300;16;;;
221115;1400;5;;;
221115;1500;7;;;
221115;1600;7;;;
221115;1700;17;;;
221115;1800;12;;;
221115;1900;25;;;
221115;2000;14;;;
221115;2100;16;;;
221115;2200;9;;;
221115;2300;12;;;
221116;0000;14;;;
221116;0100;14;;;
221116;0200;13;;;
221116;0300;17;;;
221116;0400;10;;;
221116;0500;11;;;
221116;0600;21;;;
221116;0700;17;;;
221116;0800;23;;;
221116;0900;25;;;
221116;1000;19;;;
221116;1100;9;;;
221116;1200;13;;;
221116;1300;15;;;
221116;1400;14;;;
221116;1500;19;;;
221116;1600;13;;;
221116;1700;13;;;
221116;1800;18;;;
221116;1900;13;;;
221116;2000;15;;;
221116;2100;15;;;
221116;2200;10;;;
221116;2300;10;;;
221117;0000;15;;;
221117;0100;13;;;
221117;0200;11;;;
221117;0300;14;;;
221117;0400;11;;;
221117;0500;15;;;
221117;0600;19;;;
221117;0700;20;;;
221117;0800;20;;;
221117;0900;22;;;
221117;1000;27;;;
221117;1100;20;;;
221117;1200;18;;;
221117;1300;17;;;
221117;1400;16;;;
221117;1500;19;;;
221117;1600;18;;;
221117;1700;9;;;
221117;1800;13;;;
221117;1900;10;;;
221117;2000;13;;;
221117;2100;12;;;
221117;2200;8;;;
221117;2300;14;;;
221118;0000;12;;;
221118;0100;16;;;
221118;0200;15;;;
221118;0300;10;;;
221118;0400;15;;;
221118;0500;18;;;
221118;0600;16;;;
221118;0700;23;;;
221118;0800;28;;;
221118;0900;24;;;
221118;1000;22;;;
221118;1100;16;;;
221118;1200;20;;;
221118;1300;14;;;
221118;1400;16;;;
221118;1500;11;;;
221118;1600;7;;;
221118;1700;6;;;
221118;1800;12;;;
221118;1900;10;;;
221118;2000;13;;;
221118;2100;7;;;
221118;2200;11;;;
221118;2300;13;;;
221119;0000;8;;;
221119;0100;6;;;
221119;0200;7;;;
221119;0300;6;;;
221119;0400;9;;;
221119;0500;10;;;
221119;0600;9;;;
221119;0700;10;;;
221119;0800;8;;;
221119;0900;8;;;
221119;1000;13;;;
221119;1100;8;;;
221119;1200;8;;;
221119;1300;11;;;
221119;1400;11;;;
221119;1500;9;;;
221119;1600;11;;;
221119;1700;12;;;
221119;1800;7;;;
221119;1900;6;;;
221119;2000;7;;;
221119;2100;9;;;
221119;2200;11;;;
221119;2300;15;;;
221120;0000;9;;;
221120;0100;8;;;
221120;0200;12;;;
221120;0300;9;;;
221120;0400;14;;;
221120;0500;16;;;
221120;0600;18;;;
221120;0700;19;;;
221120;0800;16;;;
221120;0900;15;;;
221120;1000;20;;;
221120;1100;15;;;
221120;1200;9;;;
221120;1300;7;;;
221120;1400;6;;;
221120;1500;6;;;
221120;1600;7;;;
221120;1700;5;;;
221120;1800;4;;;
221120;1900;5;;;
221120;2000;6;;;
221120;2100;6;;;
221120;2200;10;;;
221120;2300;10;;;
221121;0000;8;;;
221121;0100;9;;;
221121;0200;11;;;
221121;0300;8;;;
221121;0400;13;;;
221121;0500;17;;;
221121;0600;20;;;
221121;0700;12;;;
221121;0800;15;;;
221121;0900;11;;;
221121;1000;13;;;
221121;1100;10;;;
221121;1200;16;;;
221121;1300;8;;;
221121;1400;7;;;
221121;1500;5;;;
221121;1600;17;;;
221121;1700;15;;;
221121;1800;15;;;
221121;1900;12;;;
221121;2000;15;;;
221121;2100;19;;;
221121;2200;14;;;
221121;2300;13;;;
221122;0000;20;;;
221122;0100;18;;;
221122;0200;16;;;
221122;0300;16;;;
221122;0400;17;;;
221122;0500;24;;;
221122;0600;33;;;
221122;0700;21;;;
221122;0800;17;;;
221122;0900;16;;;
221122;1000;18;;;
221122;1100;16;;;
221122;1200;13;;;
221122;1300;13;;;
221122;1400;13;;;
221122;1500;10;;;
221122;1600;13;;;
221122;1700;14;;;
221122;1800;20;;;
221122;1900;10;;;
221122;2000;15;;;
221122;2100;22;;;
221122;2200;21;;;
221122;2300;21;;;
221123;0000;23;;;
221123;0100;14;;;
221123;0200;21;;;
221123;0300;12;;;
221123;0400;23;;;
221123;0500;33;;;
221123;0600;51;;;
221123;0700;44;;;
221123;0800;48;;;
221123;0900;35;;;
221123;1000;33;;;
221123;1100;20;;;
221123;1200;;;;
221123;1300;14;;;
221123;1400;13;;;
221123;1500;17;;;
221123;1600;13;;;
221123;1700;13;;;
221123;1800;11;;;
221123;1900;11;;;
221123;2000;7;;;
221123;2100;10;;;
221123;2200;12;;;
221123;2300;13;;;
221124;0000;13;;;
221124;0100;10;;;
221124;0200;10;;;
221124;0300;10;;;
221124;0400;10;;;
221124;0500;20;;;
221124;0600;27;;;
221124;0700;31;;;
221124;0800;19;;;
221124;0900;15;;;
221124;1000;14;;;
221124;1100;12;;;
221124;1200;10;;;
221124;1300;12;;;
221124;1400;13;;;
221124;1500;11;;;
221124;1600;10;;;
221124;1700;7;;;
221124;1800;11;;;
221124;1900;8;;;
221124;2000;9;;;
221124;2100;15;;;
221124;2200;10;;;
221124;2300;14;;;
221125;0000;13;;;
221125;0100;16;;;
221125;0200;18;;;
221125;0300;18;;;
221125;0400;22;;;
221125;0500;24;;;
221125;0600;24;;;
221125;0700;23;;;
221125;0800;24;;;
221125;0900;23;;;
221125;1000;16;;;
221125;1100;15;;;
221125;1200;13;;;
221125;1300;11;;;
221125;1400;11;;;
221125;1500;11;;;
221125;1600;10;;;
221125;1700;10;;;
221125;1800;6;;;
221125;1900;9;;;
221125;2000;12;;;
221125;2100;8;;;
221125;2200;12;;;
221125;2300;11;;;
221126;0000;13;;;
221126;0100;20;;;
221126;0200;13;;;
221126;0300;8;;;
221126;0400;13;;;
221126;0500;22;;;
221126;0600;21;;;
221126;0700;23;;;
221126;0800;17;;;
221126;0900;19;;;
221126;1000;14;;;
221126;1100;12;;;
221126;1200;11;;;
221126;1300;13;;;
221126;1400;13;;;
221126;1500;9;;;
221126;1600;13;;;
221126;1700;12;;;
221126;1800;13;;;
221126;1900;11;;;
221126;2000;13;;;
221126;2100;9;;;
221126;2200;8;;;
221126;2300;9;;;
221127;0000;8;;;
221127;0100;9;;;
221127;0200;12;;;
221127;0300;11;;;
221127;0400;8;;;
221127;0500;11;;;
221127;0600;10;;;
221127;0700;10;;;
221127;0800;11;;;
221127;0900;15;;;
221127;1000;15;;;
221127;1100;15;;;
221127;1200;11;;;
221127;1300;11;;;
221127;1400;12;;;
221127;1500;10;;;
221127;1600;11;;;
221127;1700;9;;;
221127;1800;11;;;
221127;1900;12;;;
221127;2000;11;;;
221127;2100;12;;;
221127;2200;8;;;
221127;2300;8;;;
221128;0000;13;;;
221128;0100;16;;;
221128;0200;11;;;
221128;0300;10;;;
221128;0400;9;;;
221128;0500;9;;;
221128;0600;16;;;
221128;0700;19;;;
221128;0800;13;;;
221128;0900;15;;;
221128;1000;16;;;
221128;1100;16;;;
221128;1200;18;;;
221128;1300;11;;;
221128;1400;11;;;
221128;1500;15;;;
221128;1600;15;;;
221128;1700;11;;;
221128;1800;12;;;
221128;1900;9;;;
221128;2000;10;;;
221128;2100;7;;;
221128;2200;7;;;
221128;2300;8;;;
221129;0000;7;;;
221129;0100;6;;;
221129;0200;13;;;
221129;0300;15;;;
221129;0400;10;;;
221129;0500;16;;;
221129;0600;13;;;
221129;0700;16;;;
221129;0800;18;;;
221129;0900;20;;;
221129;1000;14;;;
221129;1100;17;;;
221129;1200;16;;;
221129;1300;13;;;
221129;1400;7;;;
221129;1500;7;;;
221129;1600;6;;;
221129;1700;13;;;
221129;1800;10;;;
221129;1900;9;;;
221129;2000;8;;;
221129;2100;6;;;
221129;2200;8;;;
221129;2300;9;;;
221130;0000;10;;;
221130;0100;11;;;
221130;0200;6;;;
221130;0300;10;;;
221130;0400;10;;;
221130;0500;11;;;
221130;0600;11;;;
221130;0700;11;;;
221130;0800;12;;;
221130;0900;19;;;
221130;1000;12;;;
221130;1100;15;;;
221130;1200;11;;;
221130;1300;7;;;
221130;1400;7;;;
221130;1500;5;;;
221130;1600;7;;;
221130;1700;7;;;
221130;1800;8;;;
221130;1900;11;;;
221130;2000;9;;;
221130;2100;10;;;
221130;2200;8;;;
221130;2300;9;;;
221201;0000;12;;;
221201;0100;9;;;
221201;0200;8;;;
221201;0300;11;;;
221201;0400;9;;;
221201;0500;9;;;
221201;0600;20;;;
221201;0700;19;;;
221201;0800;18;;;
221201;0900;13;;;
221201;1000;15;;;
221201;1100;12;;;
221201;1200;11;;;
221201;1300;11;;;
221201;1400;8;;;
221201;1500;11;;;
221201;1600;23;;;
221201;1700;6;;;
221201;1800;12;;;
221201;1900;11;;;
221201;2000;8;;;
221201;2100;10;;;
221201;2200;10;;;
221201;2300;12;;;
221202;0000;13;;;
221202;0100;13;;;
221202;0200;16;;;
221202;0300;7;;;
221202;0400;12;;;
221202;0500;14;;;
221202;0600;25;;;
221202;0700;23;;;
221202;0800;20;;;
221202;0900;19;;;
221202;1000;16;;;
221202;1100;14;;;
221202;1200;11;;;
221202;1300;9;;;
221202;1400;10;;;
221202;1500;15;;;
221202;1600;8;;;
221202;1700;16;;;
221202;1800;10;;;
221202;1900;8;;;
221202;2000;10;;;
221202;2100;10;;;
221202;2200;12;;;
221202;2300;12;;;
221203;0000;7;;;
221203;0100;17;;;
221203;0200;10;;;
221203;0300;12;;;
221203;0400;13;;;
221203;0500;15;;;
221203;0600;19;;;
221203;0700;18;;;
221203;0800;17;;;
221203;0900;14;;;
221203;1000;18;;;
221203;1100;15;;;
221203;1200;13;;;
221203;1300;8;;;
221203;1400;11;;;
221203;1500;14;;;
221203;1600;11;;;
221203;1700;9;;;
221203;1800;9;;;
221203;1900;11;;;
221203;2000;13;;;
221203;2100;14;;;
221203;2200;8;;;
221203;2300;11;;;
221204;0000;8;;;
221204;0100;5;;;
221204;0200;4;;;
221204;0300;7;;;
221204;0400;8;;;
221204;0500;9;;;
221204;0600;13;;;
221204;0700;13;;;
221204;0800;11;;;
221204;0900;9;;;
221204;1000;10;;;
221204;1100;14;;;
221204;1200;10;;;
221204;1300;8;;;
221204;1400;10;;;
221204;1500;8;;;
221204;1600;9;;;
221204;1700;5;;;
221204;1800;4;;;
221204;1900;14;;;
221204;2000;8;;;
221204;2100;5;;;
221204;2200;5;;;
221204;2300;7;;;
221205;0000;11;;;
221205;0100;13;;;
221205;0200;14;;;
221205;0300;12;;;
221205;0400;18;;;
221205;0500;19;;;
221205;0600;13;;;
221205;0700;16;;;
221205;0800;7;;;
221205;0900;14;;;
221205;1000;16;;;
221205;1100;14;;;
221205;1200;9;;;
221205;1300;13;;;
221205;1400;16;;;
221205;1500;15;;;
221205;1600;11;;;
221205;1700;9;;;
221205;1800;9;;;
221205;1900;9;;;
221205;2000;7;;;
221205;2100;5;;;
221205;2200;9;;;
221205;2300;8;;;
221206;0000;10;;;
221206;0100;7;;;
221206;0200;8;;;
221206;0300;9;;;
221206;0400;9;;;
221206;0500;13;;;
221206;0600;16;;;
221206;0700;18;;;
221206;0800;19;;;
221206;0900;46;;;
221206;1000;13;;;
221206;1100;13;;;
221206;1200;15;;;
221206;1300;17;;;
221206;1400;10;;;
221206;1500;14;;;
221206;1600;10;;;
221206;1700;12;;;
221206;1800;9;;;
221206;1900;8;;;
221206;2000;6;;;
221206;2100;8;;;
221206;2200;10;;;
221206;2300;11;;;
221207;0000;11;;;
221207;0100;8;;;
221207;0200;11;;;
221207;0300;10;;;
221207;0400;18;;;
221207;0500;22;;;
221207;0600;28;;;
221207;0700;28;;;
221207;0800;26;;;
221207;0900;17;;;
221207;1000;17;;;
221207;1100;10;;;
221207;1200;12;;;
221207;1300;33;;;
221207;1400;26;;;
221207;1500;18;;;
221207;1600;6;;;
221207;1700;4;;;
221207;1800;2;;;
221207;1900;4;;;
221207;2000;2;;;
221207;2100;6;;;
221207;2200;7;;;
221207;2300;5;;;
221208;0000;7;;;
221208;0100;6;;;
221208;0200;12;;;
221208;0300;8;;;
221208;0400;8;;;
221208;0500;11;;;
221208;0600;9;;;
221208;0700;19;;;
221208;0800;18;;;
221208;0900;17;;;
221208;1000;23;;;
221208;1100;33;;;
221208;1200;25;;;
221208;1300;22;;;
221208;1400;12;;;
221208;1500;8;;;
221208;1600;3;;;
221208;1700;4;;;
221208;1800;5;;;
221208;1900;6;;;
221208;2000;6;;;
221208;2100;4;;;
221208;2200;5;;;
221208;2300;4;;;
221209;0000;3;;;
221209;0100;1;;;
221209;0200;4;;;
221209;0300;3;;;
221209;0400;6;;;
221209;0500;6;;;
221209;0600;6;;;
221209;0700;6;;;
221209;0800;10;;;
221209;0900;17;;;
221209;1000;17;;;
221209;1100;13;;;
221209;1200;11;;;
221209;1300;12;;;
221209;1400;20;;;
221209;1500;19;;;
221209;1600;21;;;
221209;1700;12;;;
221209;1800;6;;;
221209;1900;2;;;
221209;2000;3;;;
221209;2100;4;;;
221209;2200;4;;;
221209;2300;3;;;
221210;0000;4;;;
221210;0100;3;;;
221210;0200;6;;;
221210;0300;4;;;
221210;0400;4;;;
221210;0500;8;;;
221210;0600;6;;;
221210;0700;10;;;
221210;0800;11;;;
221210;0900;11;;;
221210;1000;10;;;
221210;1100;8;;;
221210;1200;12;;;
221210;1300;9;;;
221210;1400;8;;;
221210;1500;16;;;
221210;1600;5;;;
221210;1700;8;;;
221210;1800;9;;;
221210;1900;10;;;
221210;2000;11;;;
221210;2100;10;;;
221210;2200;10;;;
221210;2300;8;;;
221211;0000;7;;;
221211;0100;6;;;
221211;0200;8;;;
221211;0300;9;;;
221211;0400;7;;;
221211;0500;9;;;
221211;0600;11;;;
221211;0700;11;;;
221211;0800;13;;;
221211;0900;11;;;
221211;1000;12;;;
221211;1100;9;;;
221211;1200;7;;;
221211;1300;7;;;
221211;1400;6;;;
221211;1500;10;;;
221211;1600;8;;;
221211;1700;9;;;
221211;1800;5;;;
221211;1900;6;;;
221211;2000;25;;;
221211;2100;14;;;
221211;2200;21;;;
221211;2300;19;;;
221212;0000;18;;;
221212;0100;16;;;
221212;0200;11;;;
221212;0300;7;;;
221212;0400;15;;;
221212;0500;14;;;
221212;0600;18;;;
221212;0700;7;;;
221212;0800;14;;;
221212;0900;12;;;
221212;1000;17;;;
221212;1100;23;;;
221212;1200;16;;;
221212;1300;18;;;
221212;1400;18;;;
221212;1500;11;;;
221212;1600;16;;;
221212;1700;12;;;
221212;1800;9;;;
221212;1900;9;;;
221212;2000;7;;;
221212;2100;7;;;
221212;2200;8;;;
221212;2300;7;;;
221213;0000;8;;;
221213;0100;12;;;
221213;0200;12;;;
221213;0300;15;;;
221213;0400;16;;;
221213;0500;23;;;
221213;0600;39;;;
221213;0700;22;;;
221213;0800;19;;;
221213;0900;21;;;
221213;1000;20;;;
221213;1100;12;;;
221213;1200;9;;;
221213;1300;13;;;
221213;1400;9;;;
221213;1500;9;;;
221213;1600;11;;;
221213;1700;12;;;
221213;1800;7;;;
221213;1900;4;;;
221213;2000;5;;;
221213;2100;5;;;
221213;2200;7;;;
221213;2300;11;;;
221214;0000;13;;;
221214;0100;12;;;
221214;0200;9;;;
221214;0300;20;;;
221214;0400;18;;;
221214;0500;20;;;
221214;0600;36;;;
221214;0700;20;;;
221214;0800;11;;;
221214;0900;7;;;
221214;1000;10;;;
221214;1100;10;;;
221214;1200;11;;;
221214;1300;17;;;
221214;1400;9;;;
221214;1500;6;;;
221214;1600;4;;;
221214;1700;6;;;
221214;1800;7;;;
221214;1900;8;;;
221214;2000;11;;;
221214;2100;14;;;
221214;2200;9;;;
221214;2300;10;;;
221215;0000;15;;;
221215;0100;14;;;
221215;0200;14;;;
221215;0300;11;;;
221215;0400;13;;;
221215;0500;24;;;
221215;0600;39;;;
221215;0700;19;;;
221215;0800;19;;;
221215;0900;;;;
221215;1000;;;;
221215;1100;;;;
221215;1200;28;;;
221215;1300;26;;;
221215;1400;21;;;
221215;1500;16;;;
221215;1600;17;;;
221215;1700;14;;;
221215;1800;45;;;
221215;1900;47;;;
221215;2000;64;;;
221215;2100;66;;;
221215;2200;75;;;
221215;2300;77;;;
221216;0000;91;;;
221216;0100;130;;;
221216;0200;172;;;
221216;0300;183;;;
221216;0400;256;;;
221216;0500;265;;;
221216;0600;305;;;
221216;0700;209;;;
221216;0800;119;;;
221216;0900;65;;;
221216;1000;93;;;
221216;1100;57;;;
221216;1200;43;;;
221216;1300;34;;;
221216;1400;21;;;
221216;1500;20;;;
221216;1600;18;;;
221216;1700;15;;;
221216;1800;13;;;
221216;1900;11;;;
221216;2000;17;;;
221216;2100;13;;;
221216;2200;17;;;
221216;2300;11;;;
221217;0000;14;;;
221217;0100;15;;;
221217;0200;14;;;
221217;0300;12;;;
221217;0400;19;;;
221217;0500;14;;;
221217;0600;22;;;
221217;0700;29;;;
221217;0800;27;;;
221217;0900;28;;;
221217;1000;24;;;
221217;1100;27;;;
221217;1200;19;;;
221217;1300;23;;;
221217;1400;16;;;
221217;1500;12;;;
221217;1600;11;;;
221217;1700;9;;;
221217;1800;8;;;
221217;1900;11;;;
221217;2000;10;;;
221217;2100;10;;;
221217;2200;8;;;
221217;2300;9;;;
221218;0000;8;;;
221218;0100;9;;;
221218;0200;15;;;
221218;0300;14;;;
221218;0400;16;;;
221218;0500;16;;;
221218;0600;19;;;
221218;0700;17;;;
221218;0800;25;;;
221218;0900;14;;;
221218;1000;16;;;
221218;1100;15;;;
221218;1200;16;;;
221218;1300;18;;;
221218;1400;6;;;
221218;1500;9;;;
221218;1600;9;;;
221218;1700;8;;;
221218;1800;12;;;
221218;1900;12;;;
221218;2000;9;;;
221218;2100;8;;;
221218;2200;9;;;
221218;2300;8;;;
221219;0000;6;;;
221219;0100;8;;;
221219;0200;12;;;
221219;0300;10;;;
221219;0400;10;;;
221219;0500;16;;;
221219;0600;10;;;
221219;0700;18;;;
221219;0800;13;;;
221219;0900;11;;;
221219;1000;11;;;
221219;1100;9;;;
221219;1200;13;;;
221219;1300;13;;;
221219;1400;13;;;
221219;1500;12;;;
221219;1600;9;;;
221219;1700;8;;;
221219;1800;6;;;
221219;1900;7;;;
221219;2000;4;;;
221219;2100;4;;;
221219;2200;4;;;
221219;2300;4;;;
221220;0000;3;;;
221220;0100;5;;;
221220;0200;3;;;
221220;0300;5;;;
221220;0400;6;;;
221220;0500;10;;;
221220;0600;10;;;
221220;0700;10;;;
221220;0800;10;;;
221220;0900;11;;;
221220;1000;10;;;
221220;1100;10;;;
221220;1200;8;;;
221220;1300;11;;;
221220;1400;12;;;
221220;1500;11;;;
221220;1600;10;;;
221220;1700;10;;;
221220;1800;9;;;
221220;1900;8;;;
221220;2000;7;;;
221220;2100;5;;;
221220;2200;5;;;
221220;2300;5;;;
221221;0000;6;;;
221221;0100;5;;;
221221;0200;5;;;
221221;0300;4;;;
221221;0400;10;;;
221221;0500;17;;;
221221;0600;15;;;
221221;0700;22;;;
221221;0800;14;;;
221221;0900;11;;;
221221;1000;10;;;
221221;1100;18;;;
221221;1200;13;;;
221221;1300;10;;;
221221;1400;11;;;
221221;1500;13;;;
221221;1600;15;;;
221221;1700;20;;;
221221;1800;13;;;
221221;1900;7;;;
221221;2000;6;;;
221221;2100;4;;;
221221;2200;3;;;
221221;2300;6;;;
221222;0000;4;;;
221222;0100;2;;;
221222;0200;6;;;
221222;0300;6;;;
221222;0400;6;;;
221222;0500;6;;;
221222;0600;7;;;
221222;0700;7;;;
221222;0800;11;;;
221222;0900;7;;;
221222;1000;25;;;
221222;1100;12;;;
221222;1200;7;;;
221222;1300;5;;;
221222;1400;7;;;
221222;1500;7;;;
221222;1600;12;;;
221222;1700;8;;;
221222;1800;4;;;
221222;1900;6;;;
221222;2000;5;;;
221222;2100;7;;;
221222;2200;5;;;
221222;2300;4;;;
221223;0000;6;;;
221223;0100;11;;;
221223;0200;9;;;
221223;0300;9;;;
221223;0400;8;;;
221223;0500;6;;;
221223;0600;12;;;
221223;0700;16;;;
221223;0800;14;;;
221223;0900;15;;;
221223;1000;12;;;
221223;1100;13;;;
221223;1200;9;;;
221223;1300;14;;;
221223;1400;8;;;
221223;1500;7;;;
221223;1600;6;;;
221223;1700;8;;;
221223;1800;7;;;
221223;1900;8;;;
221223;2000;9;;;
221223;2100;8;;;
221223;2200;9;;;
221223;2300;9;;;
221224;0000;13;;;
221224;0100;13;;;
221224;0200;15;;;
221224;0300;11;;;
221224;0400;16;;;
221224;0500;13;;;
221224;0600;13;;;
221224;0700;10;;;
221224;0800;13;;;
221224;0900;12;;;
221224;1000;11;;;
221224;1100;14;;;
221224;1200;15;;;
221224;1300;13;;;
221224;1400;11;;;
221224;1500;12;;;
221224;1600;11;;;
221224;1700;11;;;
221224;1800;11;;;
221224;1900;11;;;
221224;2000;10;;;
221224;2100;11;;;
221224;2200;8;;;
221224;2300;6;;;
221225;0000;6;;;
221225;0100;6;;;
221225;0200;2;;;
221225;0300;10;;;
221225;0400;11;;;
221225;0500;9;;;
221225;0600;14;;;
221225;0700;12;;;
221225;0800;11;;;
221225;0900;7;;;
221225;1000;13;;;
221225;1100;11;;;
221225;1200;14;;;
221225;1300;19;;;
221225;1400;15;;;
221225;1500;13;;;
221225;1600;19;;;
221225;1700;13;;;
221225;1800;12;;;
221225;1900;14;;;
221225;2000;13;;;
221225;2100;14;;;
221225;2200;11;;;
221225;2300;11;;;
221226;0000;7;;;
221226;0100;7;;;
221226;0200;7;;;
221226;0300;7;;;
221226;0400;9;;;
221226;0500;8;;;
221226;0600;9;;;
221226;0700;13;;;
221226;0800;13;;;
221226;0900;16;;;
221226;1000;15;;;
221226;1100;16;;;
221226;1200;14;;;
221226;1300;14;;;
221226;1400;13;;;
221226;1500;11;;;
221226;1600;12;;;
221226;1700;12;;;
221226;1800;11;;;
221226;1900;16;;;
221226;2000;11;;;
221226;2100;8;;;
221226;2200;11;;;
221226;2300;8;;;
221227;0000;10;;;
221227;0100;8;;;
221227;0200;10;;;
221227;0300;13;;;
221227;0400;12;;;
221227;0500;11;;;
221227;0600;19;;;
221227;0700;20;;;
221227;0800;21;;;
221227;0900;21;;;
221227;1000;18;;;
221227;1100;17;;;
221227;1200;13;;;
221227;1300;13;;;
221227;1400;12;;;
221227;1500;19;;;
221227;1600;13;;;
221227;1700;11;;;
221227;1800;13;;;
221227;1900;14;;;
221227;2000;11;;;
221227;2100;9;;;
221227;2200;11;;;
221227;2300;9;;;
221228;0000;7;;;
221228;0100;15;;;
221228;0200;13;;;
221228;0300;18;;;
221228;0400;18;;;
221228;0500;21;;;
221228;0600;26;;;
221228;0700;27;;;
221228;0800;28;;;
221228;0900;20;;;
221228;1000;20;;;
221228;1100;20;;;
221228;1200;12;;;
221228;1300;11;;;
221228;1400;12;;;
221228;1500;8;;;
221228;1600;14;;;
221228;1700;12;;;
221228;1800;13;;;
221228;1900;9;;;
221228;2000;17;;;
221228;2100;8;;;
221228;2200;7;;;
221228;2300;18;;;
221229;0000;17;;;
221229;0100;18;;;
221229;0200;15;;;
221229;0300;13;;;
221229;0400;28;;;
221229;0500;27;;;
221229;0600;26;;;
221229;0700;22;;;
221229;0800;18;;;
221229;0900;20;;;
221229;1000;21;;;
221229;1100;16;;;
221229;1200;14;;;
221229;1300;13;;;
221229;1400;18;;;
221229;1500;19;;;
221229;1600;22;;;
221229;1700;29;;;
221229;1800;16;;;
221229;1900;11;;;
221229;2000;14;;;
221229;2100;8;;;
221229;2200;10;;;
221229;2300;14;;;
221230;0000;9;;;
221230;0100;15;;;
221230;0200;16;;;
221230;0300;20;;;
221230;0400;20;;;
221230;0500;14;;;
221230;0600;19;;;
221230;0700;19;;;
221230;0800;22;;;
221230;0900;21;;;
221230;1000;13;;;
221230;1100;21;;;
221230;1200;19;;;
221230;1300;24;;;
221230;1400;18;;;
221230;1500;19;;;
221230;1600;17;;;
221230;1700;19;;;
221230;1800;18;;;
221230;1900;17;;;
221230;2000;13;;;
221230;2100;13;;;
221230;2200;15;;;
221230;2300;7;;;
221231;0000;11;;;
221231;0100;11;;;
221231;0200;8;;;
221231;0300;10;;;
221231;0400;12;;;
221231;0500;11;;;
221231;0600;12;;;
221231;0700;15;;;
221231;0800;14;;;
221231;0900;22;;;
221231;1000;20;;;
221231;1100;11;;;
221231;1200;18;;;
221231;1300;12;;;
221231;1400;11;;;
221231;1500;14;;;
221231;1600;10;;;
221231;1700;9;;;
221231;1800;18;;;
221231;1900;24;;;
221231;2000;13;;;
221231;2100;19;;;
221231;2200;12;;;
221231;2300;16;;;
230101;0000;15;;;
230101;0100;19;;;
230101;0200;14;;;
230101;0300;17;;;
230101;0400;23;;;
230101;0500;19;;;
230101;0600;23;;;
230101;0700;26;;;
230101;0800;26;;;
230101;0900;25;;;
230101;1000;23;;;
230101;1100;16;;;
230101;1200;10;;;
230101;1300;11;;;
230101;1400;12;;;
230101;1500;10;;;
230101;1600;7;;;
230101;1700;5;;;
230101;1800;7;;;
230101;1900;12;;;
230101;2000;9;;;
230101;2100;8;;;
230101;2200;6;;;
230101;2300;9;;;
230102;0000;11;;;
230102;0100;;;;
230102;0200;;;;
230102;0300;;;;
230102;0400;;;;
230102;0500;;;;
230102;0600;;;;
230102;0700;;;;
230102;0800;;;;
230102;0900;;;;
230102;1000;;;;
230102;1100;;;;
230102;1200;;;;
230102;1300;;;;
230102;1400;;;;
230102;1500;;;;
230102;1600;;;;
230102;1700;;;;
230102;1800;;;;
230102;1900;;;;
230102;2000;;;;
230102;2100;;;;
230102;2200;;;;
230102;2300;;;;
230103;0000;;;;
230103;0100;;;;
230103;0200;;;;
230103;0300;;;;
230103;0400;;;;
230103;0500;;;;
230103;0600;;;;
230103;0700;;;;
230103;0800;;;;
230103;0900;;;;
230103;1000;19;;;
230103;1100;10;;;
230103;1200;15;;;
230103;1300;12;;;
230103;1400;8;;;
230103;1500;7;;;
230103;1600;11;;;
230103;1700;13;;;
230103;1800;10;;;
230103;1900;13;;;
230103;2000;14;;;
230103;2100;11;;;
230103;2200;12;;;
230103;2300;9;;;
230104;0000;9;;;
230104;0100;9;;;
230104;0200;12;;;
230104;0300;11;;;
230104;0400;17;;;
230104;0500;26;;;
230104;0600;25;;;
230104;0700;11;;;
230104;0800;21;;;
230104;0900;22;;;
230104;1000;16;;;
230104;1100;14;;;
230104;1200;16;;;
230104;1300;13;;;
230104;1400;21;;;
230104;1500;25;;;
230104;1600;19;;;
230104;1700;17;;;
230104;1800;11;;;
230104;1900;20;;;
230104;2000;19;;;
230104;2100;21;;;
230104;2200;18;;;
230104;2300;14;;;
230105;0000;12;;;
230105;0100;15;;;
230105;0200;9;;;
230105;0300;11;;;
230105;0400;12;;;
230105;0500;17;;;
230105;0600;19;;;
230105;0700;19;;;
230105;0800;26;;;
230105;0900;25;;;
230105;1000;19;;;
230105;1100;15;;;
230105;1200;15;;;
230105;1300;16;;;
230105;1400;14;;;
230105;1500;16;;;
230105;1600;9;;;
230105;1700;10;;;
230105;1800;22;;;
230105;1900;11;;;
230105;2000;14;;;
230105;2100;12;;;
230105;2200;12;;;
230105;2300;9;;;
230106;0000;16;;;
230106;0100;12;;;
230106;0200;7;;;
230106;0300;8;;;
230106;0400;12;;;
230106;0500;14;;;
230106;0600;18;;;
230106;0700;18;;;
230106;0800;11;;;
230106;0900;14;;;
230106;1000;13;;;
230106;1100;16;;;
230106;1200;11;;;
230106;1300;11;;;
230106;1400;9;;;
230106;1500;12;;;
230106;1600;9;;;
230106;1700;6;;;
230106;1800;8;;;
230106;1900;13;;;
230106;2000;10;;;
230106;2100;9;;;
230106;2200;12;;;
230106;2300;12;;;
230107;0000;7;;;
230107;0100;9;;;
230107;0200;9;;;
230107;0300;10;;;
230107;0400;9;;;
230107;0500;15;;;
230107;0600;16;;;
230107;0700;19;;;
230107;0800;14;;;
230107;0900;13;;;
230107;1000;11;;;
230107;1100;14;;;
230107;1200;12;;;
230107;1300;13;;;
230107;1400;13;;;
230107;1500;13;;;
230107;1600;10;;;
230107;1700;16;;;
230107;1800;9;;;
230107;1900;9;;;
230107;2000;7;;;
230107;2100;5;;;
230107;2200;4;;;
230107;2300;8;;;
230108;0000;11;;;
230108;0100;12;;;
230108;0200;8;;;
230108;0300;6;;;
230108;0400;6;;;
230108;0500;7;;;
230108;0600;11;;;
230108;0700;13;;;
230108;0800;11;;;
230108;0900;11;;;
230108;1000;13;;;
230108;1100;8;;;
230108;1200;6;;;
230108;1300;16;;;
230108;1400;3;;;
230108;1500;5;;;
230108;1600;7;;;
230108;1700;12;;;
230108;1800;9;;;
230108;1900;9;;;
230108;2000;6;;;
230108;2100;9;;;
230108;2200;6;;;
230108;2300;7;;;
230109;0000;6;;;
230109;0100;8;;;
230109;0200;8;;;
230109;0300;5;;;
230109;0400;10;;;
230109;0500;10;;;
230109;0600;14;;;
230109;0700;11;;;
230109;0800;17;;;
230109;0900;13;;;
230109;1000;17;;;
230109;1100;15;;;
230109;1200;11;;;
230109;1300;9;;;
230109;1400;14;;;
230109;1500;13;;;
230109;1600;9;;;
230109;1700;13;;;
230109;1800;12;;;
230109;1900;8;;;
230109;2000;5;;;
230109;2100;6;;;
230109;2200;8;;;
230109;2300;6;;;
230110;0000;4;;;
230110;0100;5;;;
230110;0200;4;;;
230110;0300;5;;;
230110;0400;6;;;
230110;0500;11;;;
230110;0600;9;;;
230110;0700;6;;;
230110;0800;10;;;
230110;0900;8;;;
230110;1000;7;;;
230110;1100;10;;;
230110;1200;16;;;
230110;1300;10;;;
230110;1400;11;;;
230110;1500;7;;;
230110;1600;11;;;
230110;1700;10;;;
230110;1800;8;;;
230110;1900;4;;;
230110;2000;9;;;
230110;2100;11;;;
230110;2200;11;;;
230110;2300;20;;;
230111;0000;9;;;
230111;0100;6;;;
230111;0200;6;;;
230111;0300;13;;;
230111;0400;9;;;
230111;0500;8;;;
230111;0600;12;;;
230111;0700;15;;;
230111;0800;17;;;
230111;0900;14;;;
230111;1000;19;;;
230111;1100;20;;;
230111;1200;20;;;
230111;1300;12;;;
230111;1400;15;;;
230111;1500;13;;;
230111;1600;31;;;
230111;1700;16;;;
230111;1800;10;;;
230111;1900;8;;;
230111;2000;7;;;
230111;2100;6;;;
230111;2200;6;;;
230111;2300;7;;;
230112;0000;7;;;
230112;0100;8;;;
230112;0200;8;;;
230112;0300;10;;;
230112;0400;13;;;
230112;0500;11;;;
230112;0600;13;;;
230112;0700;17;;;
230112;0800;17;;;
230112;0900;16;;;
230112;1000;10;;;
230112;1100;10;;;
230112;1200;10;;;
230112;1300;7;;;
230112;1400;5;;;
230112;1500;7;;;
230112;1600;15;;;
230112;1700;10;;;
230112;1800;9;;;
230112;1900;11;;;
230112;2000;10;;;
230112;2100;6;;;
230112;2200;5;;;
230112;2300;4;;;
230113;0000;9;;;
230113;0100;8;;;
230113;0200;10;;;
230113;0300;12;;;
230113;0400;19;;;
230113;0500;12;;;
230113;0600;19;;;
230113;0700;24;;;
230113;0800;24;;;
230113;0900;25;;;
230113;1000;11;;;
230113;1100;14;;;
230113;1200;11;;;
230113;1300;6;;;
230113;1400;8;;;
230113;1500;10;;;
230113;1600;14;;;
230113;1700;12;;;
230113;1800;10;;;
230113;1900;10;;;
230113;2000;10;;;
230113;2100;8;;;
230113;2200;8;;;
230113;2300;8;;;
230114;0000;11;;;
230114;0100;11;;;
230114;0200;10;;;
230114;0300;10;;;
230114;0400;15;;;
230114;0500;11;;;
230114;0600;14;;;
230114;0700;14;;;
230114;0800;14;;;
230114;0900;11;;;
230114;1000;10;;;
230114;1100;11;;;
230114;1200;10;;;
230114;1300;13;;;
230114;1400;8;;;
230114;1500;5;;;
230114;1600;6;;;
230114;1700;5;;;
230114;1800;7;;;
230114;1900;7;;;
230114;2000;8;;;
230114;2100;10;;;
230114;2200;9;;;
230114;2300;8;;;
230115;0000;10;;;
230115;0100;11;;;
230115;0200;14;;;
230115;0300;10;;;
230115;0400;13;;;
230115;0500;13;;;
230115;0600;17;;;
230115;0700;16;;;
230115;0800;14;;;
230115;0900;8;;;
230115;1000;11;;;
230115;1100;10;;;
230115;1200;10;;;
230115;1300;6;;;
230115;1400;6;;;
230115;1500;7;;;
230115;1600;7;;;
230115;1700;7;;;
230115;1800;15;;;
230115;1900;15;;;
230115;2000;15;;;
230115;2100;32;;;
230115;2200;18;;;
230115;2300;17;;;
230116;0000;15;;;
230116;0100;13;;;
230116;0200;19;;;
230116;0300;19;;;
230116;0400;20;;;
230116;0500;15;;;
230116;0600;18;;;
230116;0700;21;;;
230116;0800;21;;;
230116;0900;19;;;
230116;1000;18;;;
230116;1100;14;;;
230116;1200;18;;;
230116;1300;21;;;
230116;1400;15;;;
230116;1500;25;;;
230116;1600;26;;;
230116;1700;12;;;
230116;1800;15;;;
230116;1900;18;;;
230116;2000;16;;;
230116;2100;16;;;
230116;2200;12;;;
230116;2300;9;;;
230117;0000;12;;;
230117;0100;12;;;
230117;0200;9;;;
230117;0300;7;;;
230117;0400;8;;;
230117;0500;8;;;
230117;0600;18;;;
230117;0700;19;;;
230117;0800;20;;;
230117;0900;19;;;
230117;1000;17;;;
230117;1100;9;;;
230117;1200;18;;;
230117;1300;18;;;
230117;1400;15;;;
230117;1500;22;;;
230117;1600;19;;;
230117;1700;12;;;
230117;1800;19;;;
230117;1900;16;;;
230117;2000;14;;;
230117;2100;18;;;
230117;2200;13;;;
230117;2300;10;;;
230118;0000;16;;;
230118;0100;17;;;
230118;0200;12;;;
230118;0300;20;;;
230118;0400;15;;;
230118;0500;18;;;
230118;0600;26;;;
230118;0700;27;;;
230118;0800;25;;;
230118;0900;20;;;
230118;1000;25;;;
230118;1100;23;;;
230118;1200;20;;;
230118;1300;16;;;
230118;1400;15;;;
230118;1500;16;;;
230118;1600;15;;;
230118;1700;12;;;
230118;1800;16;;;
230118;1900;16;;;
230118;2000;10;;;
230118;2100;17;;;
230118;2200;15;;;
230118;2300;16;;;
230119;0000;12;;;
230119;0100;16;;;
230119;0200;13;;;
230119;0300;13;;;
230119;0400;15;;;
230119;0500;13;;;
230119;0600;18;;;
230119;0700;19;;;
230119;0800;24;;;
230119;0900;14;;;
230119;1000;20;;;
230119;1100;18;;;
230119;1200;19;;;
230119;1300;22;;;
230119;1400;15;;;
230119;1500;15;;;
230119;1600;12;;;
230119;1700;11;;;
230119;1800;13;;;
230119;1900;14;;;
230119;2000;11;;;
230119;2100;8;;;
230119;2200;9;;;
230119;2300;12;;;
230120;0000;8;;;
230120;0100;13;;;
230120;0200;11;;;
230120;0300;10;;;
230120;0400;9;;;
230120;0500;14;;;
230120;0600;10;;;
230120;0700;19;;;
230120;0800;21;;;
230120;0900;24;;;
230120;1000;20;;;
230120;1100;28;;;
230120;1200;22;;;
230120;1300;19;;;
230120;1400;14;;;
230120;1500;16;;;
230120;1600;11;;;
230120;1700;13;;;
230120;1800;14;;;
230120;1900;9;;;
230120;2000;11;;;
230120;2100;10;;;
230120;2200;9;;;
230120;2300;8;;;
230121;0000;9;;;
230121;0100;7;;;
230121;0200;11;;;
230121;0300;14;;;
230121;0400;14;;;
230121;0500;13;;;
230121;0600;16;;;
230121;0700;19;;;
230121;0800;18;;;
230121;0900;18;;;
230121;1000;14;;;
230121;1100;15;;;
230121;1200;17;;;
230121;1300;7;;;
230121;1400;10;;;
230121;1500;10;;;
230121;1600;11;;;
230121;1700;9;;;
230121;1800;12;;;
230121;1900;13;;;
230121;2000;14;;;
230121;2100;13;;;
230121;2200;13;;;
230121;2300;9;;;
230122;0000;7;;;
230122;0100;16;;;
230122;0200;10;;;
230122;0300;13;;;
230122;0400;12;;;
230122;0500;16;;;
230122;0600;14;;;
230122;0700;24;;;
230122;0800;23;;;
230122;0900;20;;;
230122;1000;14;;;
230122;1100;14;;;
230122;1200;16;;;
230122;1300;14;;;
230122;1400;11;;;
230122;1500;10;;;
230122;1600;11;;;
230122;1700;9;;;
230122;1800;8;;;
230122;1900;8;;;
230122;2000;8;;;
230122;2100;8;;;
230122;2200;7;;;
230122;2300;7;;;
230123;0000;16;;;
230123;0100;13;;;
230123;0200;17;;;
230123;0300;13;;;
230123;0400;14;;;
230123;0500;19;;;
230123;0600;23;;;
230123;0700;22;;;
230123;0800;27;;;
230123;0900;17;;;
230123;1000;13;;;
230123;1100;14;;;
230123;1200;13;;;
230123;1300;13;;;
230123;1400;12;;;
230123;1500;16;;;
230123;1600;15;;;
230123;1700;7;;;
230123;1800;7;;;
230123;1900;17;;;
230123;2000;18;;;
230123;2100;12;;;
230123;2200;15;;;
230123;2300;10;;;
230124;0000;13;;;
230124;0100;12;;;
230124;0200;16;;;
230124;0300;15;;;
230124;0400;17;;;
230124;0500;9;;;
230124;0600;16;;;
230124;0700;19;;;
230124;0800;22;;;
230124;0900;17;;;
230124;1000;21;;;
230124;1100;19;;;
230124;1200;12;;;
230124;1300;12;;;
230124;1400;16;;;
230124;1500;12;;;
230124;1600;16;;;
230124;1700;7;;;
230124;1800;7;;;
230124;1900;4;;;
230124;2000;5;;;
230124;2100;4;;;
230124;2200;7;;;
230124;2300;9;;;
230125;0000;9;;;
230125;0100;5;;;
230125;0200;5;;;
230125;0300;5;;;
230125;0400;7;;;
230125;0500;8;;;
230125;0600;16;;;
230125;0700;11;;;
230125;0800;10;;;
230125;0900;9;;;
230125;1000;7;;;
230125;1100;8;;;
230125;1200;11;;;
230125;1300;9;;;
230125;1400;11;;;
230125;1500;14;;;
230125;1600;29;;;
230125;1700;11;;;
230125;1800;12;;;
230125;1900;11;;;
230125;2000;9;;;
230125;2100;9;;;
230125;2200;7;;;
230125;2300;6;;;
230126;0000;5;;;
230126;0100;12;;;
230126;0200;10;;;
230126;0300;11;;;
230126;0400;8;;;
230126;0500;7;;;
230126;0600;12;;;
230126;0700;22;;;
230126;0800;14;;;
230126;0900;19;;;
230126;1000;16;;;
230126;1100;12;;;
230126;1200;11;;;
230126;1300;9;;;
230126;1400;9;;;
230126;1500;13;;;
230126;1600;10;;;
230126;1700;7;;;
230126;1800;6;;;
230126;1900;6;;;
230126;2000;6;;;
230126;2100;4;;;
230126;2200;6;;;
230126;2300;8;;;
230127;0000;8;;;
230127;0100;8;;;
230127;0200;12;;;
230127;0300;10;;;
230127;0400;11;;;
230127;0500;19;;;
230127;0600;19;;;
230127;0700;28;;;
230127;0800;14;;;
230127;0900;12;;;
230127;1000;16;;;
230127;1100;16;;;
230127;1200;15;;;
230127;1300;13;;;
230127;1400;10;;;
230127;1500;10;;;
230127;1600;13;;;
230127;1700;12;;;
230127;1800;9;;;
230127;1900;6;;;
230127;2000;10;;;
230127;2100;11;;;
230127;2200;19;;;
230127;2300;25;;;
230128;0000;26;;;
230128;0100;32;;;
230128;0200;23;;;
230128;0300;25;;;
230128;0400;29;;;
230128;0500;38;;;
230128;0600;39;;;
230128;0700;30;;;
230128;0800;27;;;
230128;0900;27;;;
230128;1000;18;;;
230128;1100;19;;;
230128;1200;14;;;
230128;1300;13;;;
230128;1400;8;;;
230128;1500;10;;;
230128;1600;13;;;
230128;1700;12;;;
230128;1800;11;;;
230128;1900;12;;;
230128;2000;9;;;
230128;2100;8;;;
230128;2200;14;;;
230128;2300;14;;;
230129;0000;13;;;
230129;0100;10;;;
230129;0200;19;;;
230129;0300;13;;;
230129;0400;12;;;
230129;0500;18;;;
230129;0600;27;;;
230129;0700;23;;;
230129;0800;16;;;
230129;0900;14;;;
230129;1000;12;;;
230129;1100;9;;;
230129;1200;14;;;
230129;1300;11;;;
230129;1400;13;;;
230129;1500;12;;;
230129;1600;8;;;
230129;1700;13;;;
230129;1800;12;;;
230129;1900;10;;;
230129;2000;10;;;
230129;2100;7;;;
230129;2200;11;;;
230129;2300;8;;;
230130;0000;9;;;
230130;0100;10;;;
230130;0200;12;;;
230130;0300;8;;;
230130;0400;7;;;
230130;0500;6;;;
230130;0600;15;;;
230130;0700;19;;;
230130;0800;19;;;
230130;0900;18;;;
230130;1000;12;;;
230130;1100;11;;;
230130;1200;14;;;
230130;1300;13;;;
230130;1400;11;;;
230130;1500;10;;;
230130;1600;14;;;
230130;1700;11;;;
230130;1800;7;;;
230130;1900;10;;;
230130;2000;7;;;
230130;2100;6;;;
230130;2200;12;;;
230130;2300;9;;;
230131;0000;12;;;
230131;0100;14;;;
230131;0200;12;;;
230131;0300;12;;;
230131;0400;12;;;
230131;0500;12;;;
230131;0600;18;;;
230131;0700;22;;;
230131;0800;10;;;
230131;0900;21;;;
230131;1000;10;;;
230131;1100;15;;;
230131;1200;13;;;
230131;1300;9;;;
230131;1400;10;;;
230131;1500;8;;;
230131;1600;10;;;
230131;1700;9;;;
230131;1800;8;;;
230131;1900;6;;;
230131;2000;5;;;
230131;2100;8;;;
230131;2200;11;;;
230131;2300;11;;;
230201;0000;8;;;
230201;0100;14;;;
230201;0200;11;;;
230201;0300;16;;;
230201;0400;16;;;
230201;0500;16;;;
230201;0600;21;;;
230201;0700;24;;;
230201;0800;26;;;
230201;0900;20;;;
230201;1000;15;;;
230201;1100;14;;;
230201;1200;21;;;
230201;1300;20;;;
230201;1400;11;;;
230201;1500;14;;;
230201;1600;10;;;
230201;1700;14;;;
230201;1800;11;;;
230201;1900;12;;;
230201;2000;15;;;
230201;2100;9;;;
230201;2200;12;;;
230201;2300;12;;;
230202;0000;19;;;
230202;0100;13;;;
230202;0200;17;;;
230202;0300;21;;;
230202;0400;24;;;
230202;0500;28;;;
230202;0600;30;;;
230202;0700;15;;;
230202;0800;19;;;
230202;0900;16;;;
230202;1000;16;;;
230202;1100;16;;;
230202;1200;17;;;
230202;1300;16;;;
230202;1400;4;;;
230202;1500;6;;;
230202;1600;12;;;
230202;1700;19;;;
230202;1800;37;;;
230202;1900;41;;;
230202;2000;28;;;
230202;2100;19;;;
230202;2200;16;;;
230202;2300;21;;;
230203;0000;26;;;
230203;0100;18;;;
230203;0200;19;;;
230203;0300;23;;;
230203;0400;32;;;
230203;0500;31;;;
230203;0600;59;;;
230203;0700;55;;;
230203;0800;32;;;
230203;0900;26;;;
230203;1000;29;;;
230203;1100;25;;;
230203;1200;19;;;
230203;1300;18;;;
230203;1400;30;;;
230203;1500;25;;;
230203;1600;27;;;
230203;1700;22;;;
230203;1800;22;;;
230203;1900;19;;;
230203;2000;16;;;
230203;2100;15;;;
230203;2200;17;;;
230203;2300;16;;;
230204;0000;16;;;
230204;0100;17;;;
230204;0200;17;;;
230204;0300;12;;;
230204;0400;10;;;
230204;0500;12;;;
230204;0600;14;;;
230204;0700;17;;;
230204;0800;21;;;
230204;0900;17;;;
230204;1000;20;;;
230204;1100;19;;;
230204;1200;12;;;
230204;1300;15;;;
230204;1400;17;;;
230204;1500;12;;;
230204;1600;15;;;
230204;1700;10;;;
230204;1800;10;;;
230204;1900;14;;;
230204;2000;12;;;
230204;2100;13;;;
230204;2200;10;;;
230204;2300;10;;;
230205;0000;11;;;
230205;0100;10;;;
230205;0200;14;;;
230205;0300;12;;;
230205;0400;9;;;
230205;0500;11;;;
230205;0600;13;;;
230205;0700;11;;;
230205;0800;9;;;
230205;0900;13;;;
230205;1000;17;;;
230205;1100;9;;;
230205;1200;12;;;
230205;1300;16;;;
230205;1400;13;;;
230205;1500;15;;;
230205;1600;17;;;
230205;1700;16;;;
230205;1800;16;;;
230205;1900;16;;;
230205;2000;17;;;
230205;2100;20;;;
230205;2200;20;;;
230205;2300;29;;;
230206;0000;40;;;
230206;0100;36;;;
230206;0200;35;;;
230206;0300;38;;;
230206;0400;40;;;
230206;0500;41;;;
230206;0600;41;;;
230206;0700;45;;;
230206;0800;44;;;
230206;0900;33;;;
230206;1000;34;;;
230206;1100;44;;;
230206;1200;54;;;
230206;1300;73;;;
230206;1400;80;;;
230206;1500;87;;;
230206;1600;83;;;
230206;1700;56;;;
230206;1800;36;;;
230206;1900;23;;;
230206;2000;47;;;
230206;2100;71;;;
230206;2200;71;;;
230206;2300;69;;;
230207;0000;70;;;
230207;0100;74;;;
230207;0200;92;;;
230207;0300;98;;;
230207;0400;87;;;
230207;0500;98;;;
230207;0600;94;;;
230207;0700;105;;;
230207;0800;97;;;
230207;0900;77;;;
230207;1000;82;;;
230207;1100;75;;;
230207;1200;;;;
230207;1300;;;;
230207;1400;65;;;
230207;1500;60;;;
230207;1600;62;;;
230207;1700;54;;;
230207;1800;57;;;
230207;1900;52;;;
230207;2000;53;;;
230207;2100;52;;;
230207;2200;58;;;
230207;2300;53;;;
230208;0000;52;;;
230208;0100;50;;;
230208;0200;47;;;
230208;0300;48;;;
230208;0400;50;;;
230208;0500;44;;;
230208;0600;56;;;
230208;0700;54;;;
230208;0800;71;;;
230208;0900;72;;;
230208;1000;71;;;
230208;1100;66;;;
230208;1200;74;;;
230208;1300;67;;;
230208;1400;;;;
230208;1500;58;;;
230208;1600;57;;;
230208;1700;52;;;
230208;1800;51;;;
230208;1900;42;;;
230208;2000;36;;;
230208;2100;39;;;
230208;2200;45;;;
230208;2300;46;;;
230209;0000;40;;;
230209;0100;45;;;
230209;0200;48;;;
230209;0300;46;;;
230209;0400;59;;;
230209;0500;58;;;
230209;0600;72;;;
230209;0700;74;;;
230209;0800;74;;;
230209;0900;80;;;
230209;1000;80;;;
230209;1100;85;;;
230209;1200;93;;;
230209;1300;75;;;
230209;1400;68;;;
230209;1500;59;;;
230209;1600;69;;;
230209;1700;80;;;
230209;1800;85;;;
230209;1900;85;;;
230209;2000;84;;;
230209;2100;80;;;
230209;2200;83;;;
230209;2300;89;;;
230210;0000;83;;;
230210;0100;85;;;
230210;0200;85;;;
230210;0300;86;;;
230210;0400;89;;;
230210;0500;95;;;
230210;0600;88;;;
230210;0700;103;;;
230210;0800;83;;;
230210;0900;81;;;
230210;1000;68;;;
230210;1100;69;;;
230210;1200;69;;;
230210;1300;64;;;
230210;1400;56;;;
230210;1500;54;;;
230210;1600;58;;;
230210;1700;57;;;
230210;1800;60;;;
230210;1900;60;;;
230210;2000;57;;;
230210;2100;42;;;
230210;2200;40;;;
230210;2300;63;;;
230211;0000;56;;;
230211;0100;37;;;
230211;0200;24;;;
230211;0300;25;;;
230211;0400;34;;;
230211;0500;47;;;
230211;0600;65;;;
230211;0700;63;;;
230211;0800;53;;;
230211;0900;50;;;
230211;1000;51;;;
230211;1100;43;;;
230211;1200;33;;;
230211;1300;26;;;
230211;1400;23;;;
230211;1500;26;;;
230211;1600;21;;;
230211;1700;34;;;
230211;1800;47;;;
230211;1900;52;;;
230211;2000;49;;;
230211;2100;46;;;
230211;2200;44;;;
230211;2300;55;;;
230212;0000;54;;;
230212;0100;50;;;
230212;0200;36;;;
230212;0300;43;;;
230212;0400;38;;;
230212;0500;34;;;
230212;0600;44;;;
230212;0700;56;;;
230212;0800;57;;;
230212;0900;47;;;
230212;1000;50;;;
230212;1100;42;;;
230212;1200;36;;;
230212;1300;36;;;
230212;1400;44;;;
230212;1500;34;;;
230212;1600;20;;;
230212;1700;18;;;
230212;1800;14;;;
230212;1900;6;;;
230212;2000;3;;;
230212;2100;5;;;
230212;2200;8;;;
230212;2300;7;;;
230213;0000;6;;;
230213;0100;8;;;
230213;0200;6;;;
230213;0300;4;;;
230213;0400;7;;;
230213;0500;6;;;
230213;0600;7;;;
230213;0700;19;;;
230213;0800;10;;;
230213;0900;10;;;
230213;1000;8;;;
230213;1100;12;;;
230213;1200;8;;;
230213;1300;7;;;
230213;1400;8;;;
230213;1500;7;;;
230213;1600;27;;;
230213;1700;14;;;
230213;1800;9;;;
230213;1900;6;;;
230213;2000;6;;;
230213;2100;7;;;
230213;2200;12;;;
230213;2300;9;;;
230214;0000;7;;;
230214;0100;14;;;
230214;0200;11;;;
230214;0300;7;;;
230214;0400;6;;;
230214;0500;12;;;
230214;0600;21;;;
230214;0700;24;;;
230214;0800;17;;;
230214;0900;11;;;
230214;1000;7;;;
230214;1100;16;;;
230214;1200;14;;;
230214;1300;14;;;
230214;1400;9;;;
230214;1500;7;;;
230214;1600;10;;;
230214;1700;11;;;
230214;1800;9;;;
230214;1900;7;;;
230214;2000;9;;;
230214;2100;10;;;
230214;2200;9;;;
230214;2300;10;;;
230215;0000;12;;;
230215;0100;11;;;
230215;0200;18;;;
230215;0300;7;;;
230215;0400;16;;;
230215;0500;14;;;
230215;0600;24;;;
230215;0700;20;;;
230215;0800;16;;;
230215;0900;16;;;
230215;1000;19;;;
230215;1100;14;;;
230215;1200;12;;;
230215;1300;8;;;
230215;1400;10;;;
230215;1500;15;;;
230215;1600;15;;;
230215;1700;18;;;
230215;1800;23;;;
230215;1900;14;;;
230215;2000;14;;;
230215;2100;11;;;
230215;2200;16;;;
230215;2300;12;;;
230216;0000;15;;;
230216;0100;13;;;
230216;0200;12;;;
230216;0300;10;;;
230216;0400;13;;;
230216;0500;18;;;
230216;0600;13;;;
230216;0700;27;;;
230216;0800;22;;;
230216;0900;19;;;
230216;1000;15;;;
230216;1100;12;;;
230216;1200;11;;;
230216;1300;9;;;
230216;1400;7;;;
230216;1500;9;;;
230216;1600;9;;;
230216;1700;18;;;
230216;1800;13;;;
230216;1900;14;;;
230216;2000;13;;;
230216;2100;10;;;
230216;2200;7;;;
230216;2300;7;;;
230217;0000;7;;;
230217;0100;12;;;
230217;0200;9;;;
230217;0300;10;;;
230217;0400;6;;;
230217;0500;12;;;
230217;0600;9;;;
230217;0700;9;;;
230217;0800;14;;;
230217;0900;16;;;
230217;1000;10;;;
230217;1100;20;;;
230217;1200;17;;;
230217;1300;10;;;
230217;1400;13;;;
230217;1500;11;;;
230217;1600;20;;;
230217;1700;9;;;
230217;1800;11;;;
230217;1900;11;;;
230217;2000;9;;;
230217;2100;13;;;
230217;2200;10;;;
230217;2300;12;;;
230218;0000;15;;;
230218;0100;15;;;
230218;0200;19;;;
230218;0300;18;;;
230218;0400;23;;;
230218;0500;25;;;
230218;0600;28;;;
230218;0700;28;;;
230218;0800;18;;;
230218;0900;18;;;
230218;1000;14;;;
230218;1100;13;;;
230218;1200;13;;;
230218;1300;15;;;
230218;1400;14;;;
230218;1500;15;;;
230218;1600;10;;;
230218;1700;10;;;
230218;1800;6;;;
230218;1900;11;;;
230218;2000;8;;;
230218;2100;10;;;
230218;2200;8;;;
230218;2300;8;;;
230219;0000;8;;;
230219;0100;13;;;
230219;0200;12;;;
230219;0300;13;;;
230219;0400;10;;;
230219;0500;10;;;
230219;0600;14;;;
230219;0700;20;;;
230219;0800;15;;;
230219;0900;19;;;
230219;1000;18;;;
230219;1100;12;;;
230219;1200;9;;;
230219;1300;10;;;
230219;1400;8;;;
230219;1500;7;;;
230219;1600;8;;;
230219;1700;5;;;
230219;1800;7;;;
230219;1900;11;;;
230219;2000;7;;;
230219;2100;2;;;
230219;2200;7;;;
230219;2300;11;;;
230220;0000;18;;;
230220;0100;16;;;
230220;0200;11;;;
230220;0300;17;;;
230220;0400;21;;;
230220;0500;20;;;
230220;0600;26;;;
230220;0700;29;;;
230220;0800;25;;;
230220;0900;28;;;
230220;1000;20;;;
230220;1100;8;;;
230220;1200;8;;;
230220;1300;14;;;
230220;1400;11;;;
230220;1500;9;;;
230220;1600;9;;;
230220;1700;13;;;
230220;1800;17;;;
230220;1900;27;;;
230220;2000;23;;;
230220;2100;21;;;
230220;2200;18;;;
230220;2300;26;;;
230221;0000;25;;;
230221;0100;30;;;
230221;0200;24;;;
230221;0300;25;;;
230221;0400;33;;;
230221;0500;35;;;
230221;0600;27;;;
230221;0700;38;;;
230221;0800;39;;;
230221;0900;25;;;
230221;1000;25;;;
230221;1100;23;;;
230221;1200;29;;;
230221;1300;23;;;
230221;1400;19;;;
230221;1500;21;;;
230221;1600;20;;;
230221;1700;17;;;
230221;1800;26;;;
230221;1900;25;;;
230221;2000;30;;;
230221;2100;20;;;
230221;2200;17;;;
230221;2300;19;;;
230222;0000;20;;;
230222;0100;25;;;
230222;0200;20;;;
230222;0300;24;;;
230222;0400;22;;;
230222;0500;23;;;
230222;0600;26;;;
230222;0700;33;;;
230222;0800;34;;;
230222;0900;39;;;
230222;1000;27;;;
230222;1100;29;;;
230222;1200;21;;;
230222;1300;29;;;
230222;1400;21;;;
230222;1500;24;;;
230222;1600;21;;;
230222;1700;22;;;
230222;1800;21;;;
230222;1900;17;;;
230222;2000;15;;;
230222;2100;17;;;
230222;2200;15;;;
230222;2300;19;;;
230223;0000;22;;;
230223;0100;19;;;
230223;0200;16;;;
230223;0300;21;;;
230223;0400;30;;;
230223;0500;31;;;
230223;0600;32;;;
230223;0700;42;;;
230223;0800;33;;;
230223;0900;32;;;
230223;1000;24;;;
230223;1100;29;;;
230223;1200;33;;;
230223;1300;15;;;
230223;1400;13;;;
230223;1500;20;;;
230223;1600;11;;;
230223;1700;17;;;
230223;1800;21;;;
230223;1900;18;;;
230223;2000;15;;;
230223;2100;14;;;
230223;2200;18;;;
230223;2300;18;;;
230224;0000;14;;;
230224;0100;20;;;
230224;0200;18;;;
230224;0300;16;;;
230224;0400;20;;;
230224;0500;24;;;
230224;0600;25;;;
230224;0700;32;;;
230224;0800;36;;;
230224;0900;31;;;
230224;1000;22;;;
230224;1100;21;;;
230224;1200;19;;;
230224;1300;17;;;
230224;1400;21;;;
230224;1500;24;;;
230224;1600;19;;;
230224;1700;13;;;
230224;1800;12;;;
230224;1900;14;;;
230224;2000;11;;;
230224;2100;15;;;
230224;2200;9;;;
230224;2300;8;;;
230225;0000;6;;;
230225;0100;9;;;
230225;0200;12;;;
230225;0300;8;;;
230225;0400;11;;;
230225;0500;14;;;
230225;0600;14;;;
230225;0700;14;;;
230225;0800;18;;;
230225;0900;13;;;
230225;1000;15;;;
230225;1100;15;;;
230225;1200;18;;;
230225;1300;16;;;
230225;1400;11;;;
230225;1500;15;;;
230225;1600;14;;;
230225;1700;8;;;
230225;1800;8;;;
230225;1900;14;;;
230225;2000;13;;;
230225;2100;11;;;
230225;2200;11;;;
230225;2300;11;;;
230226;0000;10;;;
230226;0100;13;;;
230226;0200;9;;;
230226;0300;9;;;
230226;0400;8;;;
230226;0500;8;;;
230226;0600;18;;;
230226;0700;20;;;
230226;0800;16;;;
230226;0900;15;;;
230226;1000;11;;;
230226;1100;13;;;
230226;1200;16;;;
230226;1300;11;;;
230226;1400;8;;;
230226;1500;6;;;
230226;1600;7;;;
230226;1700;4;;;
230226;1800;11;;;
230226;1900;14;;;
230226;2000;15;;;
230226;2100;26;;;
230226;2200;9;;;
230226;2300;10;;;
230227;0000;11;;;
230227;0100;8;;;
230227;0200;10;;;
230227;0300;18;;;
230227;0400;15;;;
230227;0500;26;;;
230227;0600;27;;;
230227;0700;34;;;
230227;0800;20;;;
230227;0900;19;;;
230227;1000;18;;;
230227;1100;15;;;
230227;1200;15;;;
230227;1300;12;;;
230227;1400;10;;;
230227;1500;11;;;
230227;1600;16;;;
230227;1700;11;;;
230227;1800;6;;;
230227;1900;4;;;
230227;2000;11;;;
230227;2100;11;;;
230227;2200;9;;;
230227;2300;14;;;
230228;0000;10;;;
230228;0100;13;;;
230228;0200;15;;;
230228;0300;11;;;
230228;0400;17;;;
230228;0500;21;;;
230228;0600;24;;;
230228;0700;29;;;
230228;0800;22;;;
230228;0900;18;;;
230228;1000;18;;;
230228;1100;18;;;
230228;1200;16;;;
230228;1300;15;;;
230228;1400;9;;;
230228;1500;13;;;
230228;1600;12;;;
230228;1700;11;;;
230228;1800;10;;;
230228;1900;12;;;
230228;2000;11;;;
230228;2100;10;;;
230228;2200;15;;;
230228;2300;14;;;
230301;0000;15;;;
230301;0100;17;;;
230301;0200;17;;;
230301;0300;27;;;
230301;0400;21;;;
230301;0500;26;;;
230301;0600;36;;;
230301;0700;41;;;
230301;0800;40;;;
230301;0900;21;;;
230301;1000;22;;;
230301;1100;21;;;
230301;1200;12;;;
230301;1300;14;;;
230301;1400;11;;;
230301;1500;12;;;
230301;1600;19;;;
230301;1700;12;;;
230301;1800;14;;;
230301;1900;12;;;
230301;2000;12;;;
230301;2100;12;;;
230301;2200;15;;;
230301;2300;16;;;
230302;0000;10;;;
230302;0100;15;;;
230302;0200;13;;;
230302;0300;15;;;
230302;0400;19;;;
230302;0500;22;;;
230302;0600;28;;;
230302;0700;41;;;
230302;0800;26;;;
230302;0900;16;;;
230302;1000;12;;;
230302;1100;20;;;
230302;1200;24;;;
230302;1300;16;;;
230302;1400;7;;;
230302;1500;8;;;
230302;1600;13;;;
230302;1700;17;;;
230302;1800;10;;;
230302;1900;12;;;
230302;2000;7;;;
230302;2100;7;;;
230302;2200;12;;;
230302;2300;12;;;
230303;0000;7;;;
230303;0100;14;;;
230303;0200;11;;;
230303;0300;10;;;
230303;0400;10;;;
230303;0500;16;;;
230303;0600;16;;;
230303;0700;15;;;
230303;0800;23;;;
230303;0900;17;;;
230303;1000;14;;;
230303;1100;18;;;
230303;1200;18;;;
230303;1300;16;;;
230303;1400;16;;;
230303;1500;11;;;
230303;1600;14;;;
230303;1700;14;;;
230303;1800;14;;;
230303;1900;14;;;
230303;2000;13;;;
230303;2100;11;;;
230303;2200;13;;;
230303;2300;14;;;
230304;0000;10;;;
230304;0100;17;;;
230304;0200;13;;;
230304;0300;16;;;
230304;0400;27;;;
230304;0500;29;;;
230304;0600;34;;;
230304;0700;35;;;
230304;0800;30;;;
230304;0900;24;;;
230304;1000;15;;;
230304;1100;20;;;
230304;1200;22;;;
230304;1300;16;;;
230304;1400;15;;;
230304;1500;10;;;
230304;1600;8;;;
230304;1700;5;;;
230304;1800;5;;;
230304;1900;2;;;
230304;2000;9;;;
230304;2100;10;;;
230304;2200;9;;;
230304;2300;12;;;
230305;0000;17;;;
230305;0100;23;;;
230305;0200;22;;;
230305;0300;19;;;
230305;0400;33;;;
230305;0500;36;;;
230305;0600;34;;;
230305;0700;28;;;
230305;0800;24;;;
230305;0900;26;;;
230305;1000;20;;;
230305;1100;15;;;
230305;1200;7;;;
230305;1300;13;;;
230305;1400;11;;;
230305;1500;11;;;
230305;1600;16;;;
230305;1700;15;;;
230305;1800;14;;;
230305;1900;14;;;
230305;2000;13;;;
230305;2100;11;;;
230305;2200;12;;;
230305;2300;12;;;
230306;0000;13;;;
230306;0100;9;;;
230306;0200;12;;;
230306;0300;10;;;
230306;0400;8;;;
230306;0500;11;;;
230306;0600;21;;;
230306;0700;25;;;
230306;0800;32;;;
230306;0900;22;;;
230306;1000;18;;;
230306;1100;17;;;
230306;1200;10;;;
230306;1300;17;;;
230306;1400;11;;;
230306;1500;12;;;
230306;1600;16;;;
230306;1700;11;;;
230306;1800;13;;;
230306;1900;9;;;
230306;2000;7;;;
230306;2100;6;;;
230306;2200;7;;;
230306;2300;7;;;
230307;0000;19;;;
230307;0100;12;;;
230307;0200;13;;;
230307;0300;17;;;
230307;0400;15;;;
230307;0500;21;;;
230307;0600;22;;;
230307;0700;17;;;
230307;0800;22;;;
230307;0900;14;;;
230307;1000;13;;;
230307;1100;11;;;
230307;1200;14;;;
230307;1300;10;;;
230307;1400;8;;;
230307;1500;11;;;
230307;1600;10;;;
230307;1700;13;;;
230307;1800;10;;;
230307;1900;12;;;
230307;2000;9;;;
230307;2100;5;;;
230307;2200;6;;;
230307;2300;7;;;
230308;0000;4;;;
230308;0100;6;;;
230308;0200;5;;;
230308;0300;7;;;
230308;0400;6;;;
230308;0500;11;;;
230308;0600;8;;;
230308;0700;13;;;
230308;0800;13;;;
230308;0900;14;;;
230308;1000;21;;;
230308;1100;21;;;
230308;1200;15;;;
230308;1300;8;;;
230308;1400;12;;;
230308;1500;10;;;
230308;1600;6;;;
230308;1700;7;;;
230308;1800;5;;;
230308;1900;7;;;
230308;2000;8;;;
230308;2100;6;;;
230308;2200;4;;;
230308;2300;6;;;
230309;0000;7;;;
230309;0100;7;;;
230309;0200;5;;;
230309;0300;7;;;
230309;0400;15;;;
230309;0500;14;;;
230309;0600;21;;;
230309;0700;23;;;
230309;0800;20;;;
230309;0900;13;;;
230309;1000;11;;;
230309;1100;10;;;
230309;1200;7;;;
230309;1300;6;;;
230309;1400;10;;;
230309;1500;9;;;
230309;1600;15;;;
230309;1700;9;;;
230309;1800;10;;;
230309;1900;6;;;
230309;2000;3;;;
230309;2100;6;;;
230309;2200;7;;;
230309;2300;16;;;
230310;0000;12;;;
230310;0100;11;;;
230310;0200;9;;;
230310;0300;10;;;
230310;0400;9;;;
230310;0500;18;;;
230310;0600;29;;;
230310;0700;18;;;
230310;0800;13;;;
230310;0900;10;;;
230310;1000;10;;;
230310;1100;9;;;
230310;1200;7;;;
230310;1300;9;;;
230310;1400;7;;;
230310;1500;5;;;
230310;1600;6;;;
230310;1700;6;;;
230310;1800;6;;;
230310;1900;7;;;
230310;2000;5;;;
230310;2100;5;;;
230310;2200;13;;;
230310;2300;13;;;
230311;0000;10;;;
230311;0100;10;;;
230311;0200;8;;;
230311;0300;6;;;
230311;0400;13;;;
230311;0500;10;;;
230311;0600;6;;;
230311;0700;9;;;
230311;0800;19;;;
230311;0900;4;;;
230311;1000;7;;;
230311;1100;6;;;
230311;1200;5;;;
230311;1300;7;;;
230311;1400;8;;;
230311;1500;8;;;
230311;1600;11;;;
230311;1700;8;;;
230311;1800;6;;;
230311;1900;7;;;
230311;2000;7;;;
230311;2100;5;;;
230311;2200;6;;;
230311;2300;4;;;
230312;0000;7;;;
230312;0100;7;;;
230312;0200;9;;;
230312;0300;6;;;
230312;0400;6;;;
230312;0500;5;;;
230312;0600;5;;;
230312;0700;8;;;
230312;0800;12;;;
230312;0900;9;;;
230312;1000;11;;;
230312;1100;10;;;
230312;1200;14;;;
230312;1300;9;;;
230312;1400;6;;;
230312;1500;5;;;
230312;1600;5;;;
230312;1700;6;;;
230312;1800;7;;;
230312;1900;5;;;
230312;2000;8;;;
230312;2100;5;;;
230312;2200;1;;;
230312;2300;7;;;
230313;0000;5;;;
230313;0100;4;;;
230313;0200;6;;;
230313;0300;6;;;
230313;0400;9;;;
230313;0500;7;;;
230313;0600;7;;;
230313;0700;20;;;
230313;0800;14;;;
230313;0900;18;;;
230313;1000;16;;;
230313;1100;10;;;
230313;1200;10;;;
230313;1300;12;;;
230313;1400;9;;;
230313;1500;11;;;
230313;1600;8;;;
230313;1700;8;;;
230313;1800;8;;;
230313;1900;8;;;
230313;2000;7;;;
230313;2100;6;;;
230313;2200;6;;;
230313;2300;5;;;
230314;0000;4;;;
230314;0100;8;;;
230314;0200;12;;;
230314;0300;8;;;
230314;0400;6;;;
230314;0500;9;;;
230314;0600;16;;;
230314;0700;23;;;
230314;0800;22;;;
230314;0900;11;;;
230314;1000;18;;;
230314;1100;17;;;
230314;1200;11;;;
230314;1300;10;;;
230314;1400;13;;;
230314;1500;9;;;
230314;1600;7;;;
230314;1700;13;;;
230314;1800;11;;;
230314;1900;6;;;
230314;2000;5;;;
230314;2100;2;;;
230314;2200;1;;;
230314;2300;1;;;
230315;0000;5;;;
230315;0100;7;;;
230315;0200;5;;;
230315;0300;8;;;
230315;0400;13;;;
230315;0500;14;;;
230315;0600;23;;;
230315;0700;26;;;
230315;0800;13;;;
230315;0900;28;;;
230315;1000;30;;;
230315;1100;21;;;
230315;1200;16;;;
230315;1300;11;;;
230315;1400;11;;;
230315;1500;12;;;
230315;1600;6;;;
230315;1700;2;;;
230315;1800;4;;;
230315;1900;4;;;
230315;2000;3;;;
230315;2100;7;;;
230315;2200;8;;;
230315;2300;7;;;
230316;0000;9;;;
230316;0100;7;;;
230316;0200;7;;;
230316;0300;14;;;
230316;0400;16;;;
230316;0500;21;;;
230316;0600;21;;;
230316;0700;29;;;
230316;0800;22;;;
230316;0900;21;;;
230316;1000;18;;;
230316;1100;25;;;
230316;1200;6;;;
230316;1300;6;;;
230316;1400;7;;;
230316;1500;8;;;
230316;1600;7;;;
230316;1700;12;;;
230316;1800;8;;;
230316;1900;5;;;
230316;2000;5;;;
230316;2100;4;;;
230316;2200;4;;;
230316;2300;5;;;
230317;0000;5;;;
230317;0100;6;;;
230317;0200;7;;;
230317;0300;8;;;
230317;0400;8;;;
230317;0500;18;;;
230317;0600;29;;;
230317;0700;27;;;
230317;0800;25;;;
230317;0900;23;;;
230317;1000;10;;;
230317;1100;12;;;
230317;1200;9;;;
230317;1300;10;;;
230317;1400;10;;;
230317;1500;15;;;
230317;1600;11;;;
230317;1700;8;;;
230317;1800;8;;;
230317;1900;8;;;
230317;2000;6;;;
230317;2100;6;;;
230317;2200;4;;;
230317;2300;11;;;
230318;0000;10;;;
230318;0100;14;;;
230318;0200;10;;;
230318;0300;12;;;
230318;0400;15;;;
230318;0500;18;;;
230318;0600;25;;;
230318;0700;20;;;
230318;0800;16;;;
230318;0900;17;;;
230318;1000;16;;;
230318;1100;14;;;
230318;1200;16;;;
230318;1300;11;;;
230318;1400;14;;;
230318;1500;7;;;
230318;1600;8;;;
230318;1700;6;;;
230318;1800;12;;;
230318;1900;10;;;
230318;2000;13;;;
230318;2100;12;;;
230318;2200;30;;;
230318;2300;21;;;
230319;0000;34;;;
230319;0100;37;;;
230319;0200;43;;;
230319;0300;36;;;
230319;0400;32;;;
230319;0500;27;;;
230319;0600;21;;;
230319;0700;25;;;
230319;0800;10;;;
230319;0900;8;;;
230319;1000;11;;;
230319;1100;13;;;
230319;1200;13;;;
230319;1300;9;;;
230319;1400;8;;;
230319;1500;6;;;
230319;1600;5;;;
230319;1700;6;;;
230319;1800;6;;;
230319;1900;10;;;
230319;2000;8;;;
230319;2100;4;;;
230319;2200;5;;;
230319;2300;11;;;
230320;0000;13;;;
230320;0100;9;;;
230320;0200;16;;;
230320;0300;14;;;
230320;0400;17;;;
230320;0500;20;;;
230320;0600;40;;;
230320;0700;29;;;
230320;0800;22;;;
230320;0900;19;;;
230320;1000;18;;;
230320;1100;12;;;
230320;1200;12;;;
230320;1300;9;;;
230320;1400;13;;;
230320;1500;12;;;
230320;1600;13;;;
230320;1700;9;;;
230320;1800;8;;;
230320;1900;9;;;
230320;2000;9;;;
230320;2100;8;;;
230320;2200;12;;;
230320;2300;11;;;
230321;0000;8;;;
230321;0100;13;;;
230321;0200;12;;;
230321;0300;15;;;
230321;0400;18;;;
230321;0500;15;;;
230321;0600;18;;;
230321;0700;25;;;
230321;0800;27;;;
230321;0900;23;;;
230321;1000;22;;;
230321;1100;23;;;
230321;1200;11;;;
230321;1300;16;;;
230321;1400;8;;;
230321;1500;8;;;
230321;1600;8;;;
230321;1700;9;;;
230321;1800;9;;;
230321;1900;12;;;
230321;2000;14;;;
230321;2100;9;;;
230321;2200;12;;;
230321;2300;19;;;
230322;0000;21;;;
230322;0100;17;;;
230322;0200;23;;;
230322;0300;17;;;
230322;0400;28;;;
230322;0500;22;;;
230322;0600;40;;;
230322;0700;53;;;
230322;0800;44;;;
230322;0900;23;;;
230322;1000;24;;;
230322;1100;16;;;
230322;1200;21;;;
230322;1300;14;;;
230322;1400;10;;;
230322;1500;8;;;
230322;1600;10;;;
230322;1700;12;;;
230322;1800;19;;;
230322;1900;16;;;
230322;2000;13;;;
230322;2100;13;;;
230322;2200;22;;;
230322;2300;23;;;
230323;0000;31;;;
230323;0100;27;;;
230323;0200;29;;;
230323;0300;27;;;
230323;0400;30;;;
230323;0500;25;;;
230323;0600;33;;;
230323;0700;62;;;
230323;0800;52;;;
230323;0900;44;;;
230323;1000;29;;;
230323;1100;21;;;
230323;1200;27;;;
230323;1300;15;;;
230323;1400;18;;;
230323;1500;14;;;
230323;1600;10;;;
230323;1700;12;;;
230323;1800;20;;;
230323;1900;19;;;
230323;2000;17;;;
230323;2100;28;;;
230323;2200;31;;;
230323;2300;34;;;
230324;0000;38;;;
230324;0100;34;;;
230324;0200;29;;;
230324;0300;29;;;
230324;0400;28;;;
230324;0500;36;;;
230324;0600;37;;;
230324;0700;47;;;
230324;0800;48;;;
230324;0900;37;;;
230324;1000;24;;;
230324;1100;27;;;
230324;1200;30;;;
230324;1300;22;;;
230324;1400;12;;;
230324;1500;11;;;
230324;1600;11;;;
230324;1700;13;;;
230324;1800;8;;;
230324;1900;10;;;
230324;2000;16;;;
230324;2100;23;;;
230324;2200;36;;;
230324;2300;31;;;
230325;0000;33;;;
230325;0100;36;;;
230325;0200;30;;;
230325;0300;34;;;
230325;0400;34;;;
230325;0500;30;;;
230325;0600;35;;;
230325;0700;35;;;
230325;0800;33;;;
230325;0900;25;;;
230325;1000;30;;;
230325;1100;20;;;
230325;1200;14;;;
230325;1300;16;;;
230325;1400;7;;;
230325;1500;16;;;
230325;1600;15;;;
230325;1700;15;;;
230325;1800;20;;;
230325;1900;15;;;
230325;2000;12;;;
230325;2100;14;;;
230325;2200;15;;;
230325;2300;18;;;
230326;0000;18;;;
230326;0100;15;;;
230326;0200;17;;;
230326;0300;18;;;
230326;0400;12;;;
230326;0500;24;;;
230326;0600;28;;;
230326;0700;38;;;
230326;0800;30;;;
230326;0900;19;;;
230326;1000;21;;;
230326;1100;19;;;
230326;1200;13;;;
230326;1300;16;;;
230326;1400;15;;;
230326;1500;9;;;
230326;1600;16;;;
230326;1700;19;;;
230326;1800;18;;;
230326;1900;20;;;
230326;2000;14;;;
230326;2100;16;;;
230326;2200;13;;;
230326;2300;15;;;
230327;0000;18;;;
230327;0100;18;;;
230327;0200;16;;;
230327;0300;17;;;
230327;0400;23;;;
230327;0500;23;;;
230327;0600;24;;;
230327;0700;32;;;
230327;0800;34;;;
230327;0900;26;;;
230327;1000;28;;;
230327;1100;20;;;
230327;1200;23;;;
230327;1300;23;;;
230327;1400;19;;;
230327;1500;19;;;
230327;1600;19;;;
230327;1700;15;;;
230327;1800;21;;;
230327;1900;13;;;
230327;2000;16;;;
230327;2100;16;;;
230327;2200;22;;;
230327;2300;19;;;
230328;0000;20;;;
230328;0100;11;;;
230328;0200;15;;;
230328;0300;20;;;
230328;0400;22;;;
230328;0500;15;;;
230328;0600;21;;;
230328;0700;28;;;
230328;0800;41;;;
230328;0900;61;;;
230328;1000;29;;;
230328;1100;28;;;
230328;1200;29;;;
230328;1300;24;;;
230328;1400;20;;;
230328;1500;11;;;
230328;1600;17;;;
230328;1700;15;;;
230328;1800;14;;;
230328;1900;11;;;
230328;2000;10;;;
230328;2100;9;;;
230328;2200;5;;;
230328;2300;6;;;
230329;0000;5;;;
230329;0100;4;;;
230329;0200;6;;;
230329;0300;9;;;
230329;0400;9;;;
230329;0500;23;;;
230329;0600;23;;;
230329;0700;29;;;
230329;0800;32;;;
230329;0900;20;;;
230329;1000;18;;;
230329;1100;23;;;
230329;1200;20;;;
230329;1300;20;;;
230329;1400;17;;;
230329;1500;12;;;
230329;1600;10;;;
230329;1700;12;;;
230329;1800;9;;;
230329;1900;9;;;
230329;2000;7;;;
230329;2100;8;;;
230329;2200;9;;;
230329;2300;12;;;
230330;0000;17;;;
230330;0100;16;;;
230330;0200;20;;;
230330;0300;20;;;
230330;0400;20;;;
230330;0500;17;;;
230330;0600;29;;;
230330;0700;29;;;
230330;0800;12;;;
230330;0900;20;;;
230330;1000;23;;;
230330;1100;26;;;
230330;1200;19;;;
230330;1300;12;;;
230330;1400;8;;;
230330;1500;8;;;
230330;1600;6;;;
230330;1700;4;;;
230330;1800;10;;;
230330;1900;8;;;
230330;2000;16;;;
230330;2100;12;;;
230330;2200;9;;;
230330;2300;13;;;
230331;0000;12;;;
230331;0100;16;;;
230331;0200;16;;;
230331;0300;23;;;
230331;0400;18;;;
230331;0500;22;;;
230331;0600;29;;;
230331;0700;37;;;
230331;0800;36;;;
230331;0900;26;;;
230331;1000;26;;;
230331;1100;21;;;
230331;1200;17;;;
230331;1300;15;;;
230331;1400;20;;;
230331;1500;15;;;
230331;1600;3;;;
230331;1700;7;;;
230331;1800;9;;;
230331;1900;12;;;
230331;2000;14;;;
230331;2100;12;;;
230331;2200;14;;;
230331;2300;25;;;
230401;0000;38;;;
230401;0100;30;;;
230401;0200;27;;;
230401;0300;27;;;
230401;0400;29;;;
230401;0500;29;;;
230401;0600;20;;;
230401;0700;30;;;
230401;0800;29;;;
230401;0900;17;;;
230401;1000;11;;;
230401;1100;13;;;
230401;1200;10;;;
230401;1300;9;;;
230401;1400;6;;;
230401;1500;4;;;
230401;1600;5;;;
230401;1700;10;;;
230401;1800;12;;;
230401;1900;14;;;
230401;2000;20;;;
230401;2100;18;;;
230401;2200;29;;;
230401;2300;31;;;
230402;0000;43;;;
230402;0100;50;;;
230402;0200;52;;;
230402;0300;48;;;
230402;0400;51;;;
230402;0500;40;;;
230402;0600;32;;;
230402;0700;31;;;
230402;0800;34;;;
230402;0900;32;;;
230402;1000;23;;;
230402;1100;22;;;
230402;1200;13;;;
230402;1300;10;;;
230402;1400;9;;;
230402;1500;8;;;
230402;1600;7;;;
230402;1700;8;;;
230402;1800;5;;;
230402;1900;7;;;
230402;2000;11;;;
230402;2100;9;;;
230402;2200;15;;;
230402;2300;14;;;
230403;0000;17;;;
230403;0100;14;;;
230403;0200;20;;;
230403;0300;21;;;
230403;0400;14;;;
230403;0500;25;;;
230403;0600;21;;;
230403;0700;20;;;
230403;0800;24;;;
230403;0900;20;;;
230403;1000;19;;;
230403;1100;21;;;
230403;1200;22;;;
230403;1300;21;;;
230403;1400;15;;;
230403;1500;14;;;
230403;1600;17;;;
230403;1700;10;;;
230403;1800;13;;;
230403;1900;14;;;
230403;2000;11;;;
230403;2100;13;;;
230403;2200;24;;;
230403;2300;20;;;
230404;0000;23;;;
230404;0100;30;;;
230404;0200;25;;;
230404;0300;23;;;
230404;0400;15;;;
230404;0500;20;;;
230404;0600;18;;;
230404;0700;37;;;
230404;0800;20;;;
230404;0900;26;;;
230404;1000;26;;;
230404;1100;22;;;
230404;1200;16;;;
230404;1300;11;;;
230404;1400;7;;;
230404;1500;11;;;
230404;1600;9;;;
230404;1700;8;;;
230404;1800;18;;;
230404;1900;11;;;
230404;2000;8;;;
230404;2100;9;;;
230404;2200;7;;;
230404;2300;7;;;
230405;0000;8;;;
230405;0100;10;;;
230405;0200;18;;;
230405;0300;13;;;
230405;0400;10;;;
230405;0500;20;;;
230405;0600;32;;;
230405;0700;42;;;
230405;0800;30;;;
230405;0900;17;;;
230405;1000;20;;;
230405;1100;12;;;
230405;1200;10;;;
230405;1300;10;;;
230405;1400;10;;;
230405;1500;11;;;
230405;1600;12;;;
230405;1700;10;;;
230405;1800;9;;;
230405;1900;8;;;
230405;2000;8;;;
230405;2100;5;;;
230405;2200;9;;;
230405;2300;11;;;
230406;0000;7;;;
230406;0100;8;;;
230406;0200;7;;;
230406;0300;9;;;
230406;0400;8;;;
230406;0500;9;;;
230406;0600;9;;;
230406;0700;28;;;
230406;0800;30;;;
230406;0900;22;;;
230406;1000;12;;;
230406;1100;16;;;
230406;1200;16;;;
230406;1300;17;;;
230406;1400;16;;;
230406;1500;16;;;
230406;1600;11;;;
230406;1700;8;;;
230406;1800;10;;;
230406;1900;7;;;
230406;2000;6;;;
230406;2100;22;;;
230406;2200;24;;;
230406;2300;26;;;
230407;0000;33;;;
230407;0100;43;;;
230407;0200;38;;;
230407;0300;34;;;
230407;0400;27;;;
230407;0500;28;;;
230407;0600;24;;;
230407;0700;24;;;
230407;0800;18;;;
230407;0900;18;;;
230407;1000;19;;;
230407;1100;15;;;
230407;1200;8;;;
230407;1300;13;;;
230407;1400;11;;;
230407;1500;10;;;
230407;1600;11;;;
230407;1700;8;;;
230407;1800;7;;;
230407;1900;10;;;
230407;2000;14;;;
230407;2100;15;;;
230407;2200;15;;;
230407;2300;24;;;
230408;0000;30;;;
230408;0100;32;;;
230408;0200;27;;;
230408;0300;25;;;
230408;0400;17;;;
230408;0500;10;;;
230408;0600;18;;;
230408;0700;27;;;
230408;0800;23;;;
230408;0900;19;;;
230408;1000;18;;;
230408;1100;14;;;
230408;1200;16;;;
230408;1300;4;;;
230408;1400;2;;;
230408;1500;1;;;
230408;1600;1;;;
230408;1700;9;;;
230408;1800;12;;;
230408;1900;19;;;
230408;2000;15;;;
230408;2100;10;;;
230408;2200;27;;;
230408;2300;35;;;
230409;0000;25;;;
230409;0100;20;;;
230409;0200;23;;;
230409;0300;25;;;
230409;0400;22;;;
230409;0500;25;;;
230409;0600;31;;;
230409;0700;28;;;
230409;0800;30;;;
230409;0900;22;;;
230409;1000;20;;;
230409;1100;16;;;
230409;1200;17;;;
230409;1300;17;;;
230409;1400;15;;;
230409;1500;10;;;
230409;1600;10;;;
230409;1700;10;;;
230409;1800;9;;;
230409;1900;12;;;
230409;2000;17;;;
230409;2100;12;;;
230409;2200;16;;;
230409;2300;38;;;
230410;0000;32;;;
230410;0100;29;;;
230410;0200;27;;;
230410;0300;20;;;
230410;0400;19;;;
230410;0500;15;;;
230410;0600;22;;;
230410;0700;23;;;
230410;0800;23;;;
230410;0900;16;;;
230410;1000;24;;;
230410;1100;24;;;
230410;1200;16;;;
230410;1300;11;;;
230410;1400;15;;;
230410;1500;13;;;
230410;1600;15;;;
230410;1700;13;;;
230410;1800;12;;;
230410;1900;17;;;
230410;2000;10;;;
230410;2100;11;;;
230410;2200;20;;;
230410;2300;18;;;
230411;0000;26;;;
230411;0100;40;;;
230411;0200;43;;;
230411;0300;33;;;
230411;0400;33;;;
230411;0500;37;;;
230411;0600;40;;;
230411;0700;34;;;
230411;0800;32;;;
230411;0900;31;;;
230411;1000;27;;;
230411;1100;26;;;
230411;1200;22;;;
230411;1300;14;;;
230411;1400;13;;;
230411;1500;8;;;
230411;1600;9;;;
230411;1700;11;;;
230411;1800;7;;;
230411;1900;6;;;
230411;2000;4;;;
230411;2100;5;;;
230411;2200;4;;;
230411;2300;2;;;
230412;0000;9;;;
230412;0100;11;;;
230412;0200;9;;;
230412;0300;8;;;
230412;0400;11;;;
230412;0500;8;;;
230412;0600;12;;;
230412;0700;23;;;
230412;0800;20;;;
230412;0900;17;;;
230412;1000;16;;;
230412;1100;18;;;
230412;1200;15;;;
230412;1300;14;;;
230412;1400;15;;;
230412;1500;10;;;
230412;1600;9;;;
230412;1700;7;;;
230412;1800;7;;;
230412;1900;7;;;
230412;2000;7;;;
230412;2100;6;;;
230412;2200;3;;;
230412;2300;7;;;
230413;0000;8;;;
230413;0100;6;;;
230413;0200;6;;;
230413;0300;7;;;
230413;0400;12;;;
230413;0500;8;;;
230413;0600;10;;;
230413;0700;10;;;
230413;0800;10;;;
230413;0900;10;;;
230413;1000;14;;;
230413;1100;12;;;
230413;1200;12;;;
230413;1300;9;;;
230413;1400;10;;;
230413;1500;8;;;
230413;1600;12;;;
230413;1700;7;;;
230413;1800;7;;;
230413;1900;9;;;
230413;2000;6;;;
230413;2100;4;;;
230413;2200;5;;;
230413;2300;3;;;
230414;0000;2;;;
230414;0100;6;;;
230414;0200;9;;;
230414;0300;7;;;
230414;0400;8;;;
230414;0500;9;;;
230414;0600;16;;;
230414;0700;16;;;
230414;0800;13;;;
230414;0900;11;;;
230414;1000;14;;;
230414;1100;8;;;
230414;1200;10;;;
230414;1300;12;;;
230414;1400;;;;
230414;1500;11;;;
230414;1600;8;;;
230414;1700;7;;;
230414;1800;12;;;
230414;1900;8;;;
230414;2000;8;;;
230414;2100;7;;;
230414;2200;8;;;
230414;2300;10;;;
230415;0000;7;;;
230415;0100;6;;;
230415;0200;8;;;
230415;0300;13;;;
230415;0400;19;;;
230415;0500;24;;;
230415;0600;17;;;
230415;0700;25;;;
230415;0800;14;;;
230415;0900;21;;;
230415;1000;25;;;
230415;1100;28;;;
230415;1200;22;;;
230415;1300;17;;;
230415;1400;15;;;
230415;1500;12;;;
230415;1600;9;;;
230415;1700;10;;;
230415;1800;15;;;
230415;1900;14;;;
230415;2000;19;;;
230415;2100;17;;;
230415;2200;21;;;
230415;2300;21;;;
230416;0000;18;;;
230416;0100;25;;;
230416;0200;26;;;
230416;0300;20;;;
230416;0400;23;;;
230416;0500;26;;;
230416;0600;24;;;
230416;0700;25;;;
230416;0800;25;;;
230416;0900;23;;;
230416;1000;23;;;
230416;1100;24;;;
230416;1200;21;;;
230416;1300;20;;;
230416;1400;21;;;
230416;1500;11;;;
230416;1600;12;;;
230416;1700;11;;;
230416;1800;12;;;
230416;1900;13;;;
230416;2000;12;;;
230416;2100;9;;;
230416;2200;9;;;
230416;2300;8;;;
230417;0000;15;;;
230417;0100;9;;;
230417;0200;11;;;
230417;0300;10;;;
230417;0400;10;;;
230417;0500;15;;;
230417;0600;24;;;
230417;0700;40;;;
230417;0800;38;;;
230417;0900;22;;;
230417;1000;19;;;
230417;1100;22;;;
230417;1200;;;;
230417;1300;;;;
230417;1400;;;;
230417;1500;;;;
230417;1600;;;;
230417;1700;;;;
230417;1800;;;;
230417;1900;;;;
230417;2000;;;;
230417;2100;;;;
230417;2200;;;;
230417;2300;;;;
230418;0000;;;;
230418;0100;;;;
230418;0200;;;;
230418;0300;;;;
230418;0400;;;;
230418;0500;;;;
230418;0600;;;;
230418;0700;;;;
230418;0800;;;;
230418;0900;;;;
230418;1000;;;;
230418;1100;;;;
230418;1200;;;;
230418;1300;;;;
230418;1400;;;;
230418;1500;;;;
230418;1600;;;;
230418;1700;;;;
230418;1800;;;;
230418;1900;;;;
230418;2000;;;;
230418;2100;;;;
230418;2200;;;;
230418;2300;;;;
230419;0000;;;;
230419;0100;;;;
230419;0200;;;;
230419;0300;;;;
230419;0400;;;;
230419;0500;;;;
230419;0600;;;;
230419;0700;;;;
230419;0800;;;;
230419;0900;;;;
230419;1000;;;;
230419;1100;;;;
230419;1200;;;;
230419;1300;;;;
230419;1400;;;;
230419;1500;;;;
230419;1600;;;;
230419;1700;;;;
230419;1800;;;;
230419;1900;;;;
230419;2000;;;;
230419;2100;;;;
230419;2200;;;;
230419;2300;;;;
230420;0000;;;;
230420;0100;;;;
230420;0200;;;;
230420;0300;;;;
230420;0400;;;;
230420;0500;;;;
230420;0600;;;;
230420;0700;;;;
230420;0800;;;;
230420;0900;;;;
230420;1000;;;;
230420;1100;;;;
230420;1200;;;;
230420;1300;;;;
230420;1400;;;;
230420;1500;;;;
230420;1600;;;;
230420;1700;;;;
230420;1800;;;;
230420;1900;;;;
230420;2000;;;;
230420;2100;;;;
230420;2200;;;;
230420;2300;;;;
230421;0000;;;;
230421;0100;;;;
230421;0200;;;;
230421;0300;;;;
230421;0400;;;;
230421;0500;;;;
230421;0600;;;;
230421;0700;;;;
230421;0800;;;;
230421;0900;;;;
230421;1000;;;;
230421;1100;;;;
230421;1200;;;;
230421;1300;;;;
230421;1400;;;;
230421;1500;;;;
230421;1600;;;;
230421;1700;;;;
230421;1800;;;;
230421;1900;;;;
230421;2000;;;;
230421;2100;;;;
230421;2200;;;;
230421;2300;;;;
230422;0000;;;;
230422;0100;;;;
230422;0200;;;;
230422;0300;;;;
230422;0400;;;;
230422;0500;;;;
230422;0600;;;;
230422;0700;;;;
230422;0800;;;;
230422;0900;;;;
230422;1000;;;;
230422;1100;;;;
230422;1200;;;;
230422;1300;;;;
230422;1400;;;;
230422;1500;;;;
230422;1600;;;;
230422;1700;;;;
230422;1800;;;;
230422;1900;;;;
230422;2000;;;;
230422;2100;;;;
230422;2200;;;;
230422;2300;;;;
230423;0000;;;;
230423;0100;;;;
230423;0200;;;;
230423;0300;;;;
230423;0400;;;;
230423;0500;;;;
230423;0600;;;;
230423;0700;;;;
230423;0800;;;;
230423;0900;;;;
230423;1000;;;;
230423;1100;;;;
230423;1200;;;;
230423;1300;;;;
230423;1400;;;;
230423;1500;;;;
230423;1600;;;;
230423;1700;;;;
230423;1800;;;;
230423;1900;;;;
230423;2000;;;;
230423;2100;;;;
230423;2200;;;;
230423;2300;;;;
230424;0000;;;;
230424;0100;;;;
230424;0200;;;;
230424;0300;;;;
230424;0400;;;;
230424;0500;;;;
230424;0600;;;;
230424;0700;;;;
230424;0800;;;;
230424;0900;;;;
230424;1000;;;;
230424;1100;;;;
230424;1200;;;;
230424;1300;26;;;
230424;1400;26;;;
230424;1500;16;;;
230424;1600;21;;;
230424;1700;19;;;
230424;1800;14;;;
230424;1900;21;;;
230424;2000;18;;;
230424;2100;19;;;
230424;2200;26;;;
230424;2300;36;;;
230425;0000;40;;;
230425;0100;51;;;
230425;0200;45;;;
230425;0300;34;;;
230425;0400;28;;;
230425;0500;26;;;
230425;0600;30;;;
230425;0700;34;;;
230425;0800;47;;;
230425;0900;42;;;
230425;1000;45;;;
230425;1100;44;;;
230425;1200;20;;;
230425;1300;11;;;
230425;1400;19;;;
230425;1500;22;;;
230425;1600;26;;;
230425;1700;18;;;
230425;1800;20;;;
230425;1900;17;;;
230425;2000;17;;;
230425;2100;20;;;
230425;2200;25;;;
230425;2300;25;;;
230426;0000;33;;;
230426;0100;38;;;
230426;0200;33;;;
230426;0300;33;;;
230426;0400;47;;;
230426;0500;34;;;
230426;0600;32;;;
230426;0700;43;;;
230426;0800;52;;;
230426;0900;57;;;
230426;1000;46;;;
230426;1100;48;;;
230426;1200;43;;;
230426;1300;43;;;
230426;1400;32;;;
230426;1500;25;;;
230426;1600;29;;;
230426;1700;28;;;
230426;1800;28;;;
230426;1900;31;;;
230426;2000;42;;;
230426;2100;42;;;
230426;2200;38;;;
230426;2300;37;;;
230427;0000;36;;;
230427;0100;41;;;
230427;0200;40;;;
230427;0300;42;;;
230427;0400;39;;;
230427;0500;32;;;
230427;0600;34;;;
230427;0700;47;;;
230427;0800;49;;;
230427;0900;61;;;
230427;1000;49;;;
230427;1100;57;;;
230427;1200;51;;;
230427;1300;49;;;
230427;1400;45;;;
230427;1500;51;;;
230427;1600;44;;;
230427;1700;38;;;
230427;1800;38;;;
230427;1900;39;;;
230427;2000;40;;;
230427;2100;38;;;
230427;2200;36;;;
230427;2300;36;;;
230428;0000;38;;;
230428;0100;29;;;
230428;0200;25;;;
230428;0300;37;;;
230428;0400;38;;;
230428;0500;38;;;
230428;0600;41;;;
230428;0700;47;;;
230428;0800;45;;;
230428;0900;46;;;
230428;1000;46;;;
230428;1100;51;;;
230428;1200;47;;;
230428;1300;46;;;
230428;1400;35;;;
230428;1500;28;;;
230428;1600;15;;;
230428;1700;10;;;
230428;1800;12;;;
230428;1900;17;;;
230428;2000;19;;;
230428;2100;18;;;
230428;2200;26;;;
230428;2300;18;;;
230429;0000;16;;;
230429;0100;9;;;
230429;0200;6;;;
230429;0300;10;;;
230429;0400;12;;;
230429;0500;11;;;
230429;0600;9;;;
230429;0700;12;;;
230429;0800;7;;;
230429;0900;7;;;
230429;1000;13;;;
230429;1100;9;;;
230429;1200;11;;;
230429;1300;12;;;
230429;1400;12;;;
230429;1500;6;;;
230429;1600;5;;;
230429;1700;5;;;
230429;1800;6;;;
230429;1900;9;;;
230429;2000;9;;;
230429;2100;10;;;
230429;2200;15;;;
230429;2300;11;;;
230430;0000;8;;;
230430;0100;7;;;
230430;0200;5;;;
230430;0300;2;;;
230430;0400;5;;;
230430;0500;4;;;
230430;0600;4;;;
230430;0700;1;;;
230430;0800;1;;;
230430;0900;4;;;
230430;1000;2;;;
230430;1100;1;;;
230430;1200;1;;;
230430;1300;4;;;
230430;1400;2;;;
230430;1500;1;;;
230430;1600;4;;;
230430;1700;5;;;
230430;1800;12;;;
230430;1900;16;;;
230430;2000;31;;;
230430;2100;41;;;
230430;2200;61;;;
230430;2300;38;;;
230501;0000;78;;;
230501;0100;58;;;
230501;0200;67;;;
230501;0300;53;;;
230501;0400;53;;;
230501;0500;31;;;
230501;0600;25;;;
230501;0700;24;;;
230501;0800;22;;;
230501;0900;21;;;
230501;1000;19;;;
230501;1100;19;;;
230501;1200;14;;;
230501;1300;17;;;
230501;1400;16;;;
230501;1500;6;;;
230501;1600;6;;;
230501;1700;12;;;
230501;1800;10;;;
230501;1900;8;;;
230501;2000;12;;;
230501;2100;21;;;
230501;2200;20;;;
230501;2300;21;;;
230502;0000;17;;;
230502;0100;19;;;
230502;0200;24;;;
230502;0300;38;;;
230502;0400;43;;;
230502;0500;34;;;
230502;0600;40;;;
230502;0700;57;;;
230502;0800;40;;;
230502;0900;43;;;
230502;1000;52;;;
230502;1100;29;;;
230502;1200;19;;;
230502;1300;23;;;
230502;1400;30;;;
230502;1500;25;;;
230502;1600;11;;;
230502;1700;17;;;
230502;1800;22;;;
230502;1900;17;;;
230502;2000;21;;;
230502;2100;26;;;
230502;2200;23;;;
230502;2300;30;;;
230503;0000;30;;;
230503;0100;40;;;
230503;0200;40;;;
230503;0300;41;;;
230503;0400;42;;;
230503;0500;46;;;
230503;0600;36;;;
230503;0700;41;;;
230503;0800;45;;;
230503;0900;52;;;
230503;1000;40;;;
230503;1100;35;;;
230503;1200;44;;;
230503;1300;42;;;
230503;1400;33;;;
230503;1500;25;;;
230503;1600;24;;;
230503;1700;26;;;
230503;1800;33;;;
230503;1900;26;;;
230503;2000;25;;;
230503;2100;25;;;
230503;2200;32;;;
230503;2300;24;;;
230504;0000;31;;;
230504;0100;27;;;
230504;0200;39;;;
230504;0300;54;;;
230504;0400;64;;;
230504;0500;63;;;
230504;0600;72;;;
230504;0700;56;;;
230504;0800;46;;;
230504;0900;43;;;
230504;1000;47;;;
230504;1100;43;;;
230504;1200;42;;;
230504;1300;40;;;
230504;1400;39;;;
230504;1500;44;;;
230504;1600;45;;;
230504;1700;32;;;
230504;1800;35;;;
230504;1900;47;;;
230504;2000;37;;;
230504;2100;36;;;
230504;2200;52;;;
230504;2300;38;;;
230505;0000;39;;;
230505;0100;52;;;
230505;0200;64;;;
230505;0300;59;;;
230505;0400;60;;;
230505;0500;69;;;
230505;0600;75;;;
230505;0700;76;;;
230505;0800;85;;;
230505;0900;72;;;
230505;1000;84;;;
230505;1100;72;;;
230505;1200;71;;;
230505;1300;69;;;
230505;1400;61;;;
230505;1500;50;;;
230505;1600;40;;;
230505;1700;36;;;
230505;1800;31;;;
230505;1900;30;;;
230505;2000;38;;;
230505;2100;32;;;
230505;2200;42;;;
230505;2300;53;;;
230506;0000;62;;;
230506;0100;90;;;
230506;0200;92;;;
230506;0300;87;;;
230506;0400;92;;;
230506;0500;84;;;
230506;0600;91;;;
230506;0700;97;;;
230506;0800;80;;;
230506;0900;50;;;
230506;1000;39;;;
230506;1100;52;;;
230506;1200;40;;;
230506;1300;39;;;
230506;1400;37;;;
230506;1500;38;;;
230506;1600;38;;;
230506;1700;41;;;
230506;1800;42;;;
230506;1900;49;;;
230506;2000;51;;;
230506;2100;79;;;
230506;2200;69;;;
230506;2300;107;;;
230507;0000;104;;;
230507;0100;102;;;
230507;0200;120;;;
230507;0300;116;;;
230507;0400;116;;;
230507;0500;108;;;
230507;0600;111;;;
230507;0700;78;;;
230507;0800;89;;;
230507;0900;101;;;
230507;1000;93;;;
230507;1100;88;;;
230507;1200;80;;;
230507;1300;71;;;
230507;1400;60;;;
230507;1500;64;;;
230507;1600;59;;;
230507;1700;62;;;
230507;1800;75;;;
230507;1900;89;;;
230507;2000;97;;;
230507;2100;88;;;
230507;2200;105;;;
230507;2300;118;;;
230508;0000;95;;;
230508;0100;88;;;
230508;0200;83;;;
230508;0300;66;;;
230508;0400;61;;;
230508;0500;61;;;
230508;0600;63;;;
230508;0700;61;;;
230508;0800;59;;;
230508;0900;78;;;
230508;1000;95;;;
230508;1100;94;;;
230508;1200;66;;;
230508;1300;36;;;
230508;1400;57;;;
230508;1500;49;;;
230508;1600;36;;;
230508;1700;43;;;
230508;1800;59;;;
230508;1900;52;;;
230508;2000;65;;;
230508;2100;79;;;
230508;2200;70;;;
230508;2300;83;;;
230509;0000;69;;;
230509;0100;66;;;
230509;0200;47;;;
230509;0300;44;;;
230509;0400;40;;;
230509;0500;37;;;
230509;0600;40;;;
230509;0700;50;;;
230509;0800;55;;;
230509;0900;53;;;
230509;1000;45;;;
230509;1100;54;;;
230509;1200;56;;;
230509;1300;42;;;
230509;1400;39;;;
230509;1500;28;;;
230509;1600;17;;;
230509;1700;46;;;
230509;1800;26;;;
230509;1900;52;;;
230509;2000;45;;;
230509;2100;34;;;
230509;2200;49;;;
230509;2300;58;;;
230510;0000;58;;;
230510;0100;51;;;
230510;0200;43;;;
230510;0300;34;;;
230510;0400;26;;;
230510;0500;26;;;
230510;0600;35;;;
230510;0700;41;;;
230510;0800;62;;;
230510;0900;52;;;
230510;1000;51;;;
230510;1100;40;;;
230510;1200;35;;;
230510;1300;36;;;
230510;1400;35;;;
230510;1500;32;;;
230510;1600;53;;;
230510;1700;61;;;
230510;1800;76;;;
230510;1900;65;;;
230510;2000;65;;;
230510;2100;63;;;
230510;2200;48;;;
230510;2300;46;;;
230511;0000;50;;;
230511;0100;62;;;
230511;0200;69;;;
230511;0300;74;;;
230511;0400;54;;;
230511;0500;55;;;
230511;0600;53;;;
230511;0700;61;;;
230511;0800;72;;;
230511;0900;54;;;
230511;1000;53;;;
230511;1100;75;;;
230511;1200;50;;;
230511;1300;12;;;
230511;1400;12;;;
230511;1500;18;;;
230511;1600;12;;;
230511;1700;10;;;
230511;1800;15;;;
230511;1900;15;;;
230511;2000;21;;;
230511;2100;25;;;
230511;2200;31;;;
230511;2300;39;;;
230512;0000;33;;;
230512;0100;40;;;
230512;0200;38;;;
230512;0300;40;;;
230512;0400;39;;;
230512;0500;35;;;
230512;0600;37;;;
230512;0700;42;;;
230512;0800;52;;;
230512;0900;37;;;
230512;1000;34;;;
230512;1100;37;;;
230512;1200;26;;;
230512;1300;15;;;
230512;1400;15;;;
230512;1500;10;;;
230512;1600;12;;;
230512;1700;7;;;
230512;1800;8;;;
230512;1900;16;;;
230512;2000;25;;;
230512;2100;35;;;
230512;2200;46;;;
230512;2300;57;;;
230513;0000;59;;;
230513;0100;61;;;
230513;0200;49;;;
230513;0300;45;;;
230513;0400;36;;;
230513;0500;30;;;
230513;0600;35;;;
230513;0700;33;;;
230513;0800;36;;;
230513;0900;30;;;
230513;1000;29;;;
230513;1100;31;;;
230513;1200;25;;;
230513;1300;27;;;
230513;1400;24;;;
230513;1500;30;;;
230513;1600;22;;;
230513;1700;30;;;
230513;1800;38;;;
230513;1900;61;;;
230513;2000;98;;;
230513;2100;93;;;
230513;2200;121;;;
230513;2300;124;;;
230514;0000;128;;;
230514;0100;99;;;
230514;0200;85;;;
230514;0300;70;;;
230514;0400;58;;;
230514;0500;52;;;
230514;0600;50;;;
230514;0700;50;;;
230514;0800;45;;;
230514;0900;46;;;
230514;1000;56;;;
230514;1100;46;;;
230514;1200;51;;;
230514;1300;37;;;
230514;1400;32;;;
230514;1500;23;;;
230514;1600;17;;;
230514;1700;17;;;
230514;1800;17;;;
230514;1900;18;;;
230514;2000;17;;;
230514;2100;17;;;
230514;2200;14;;;
230514;2300;21;;;
230515;0000;14;;;
230515;0100;17;;;
230515;0200;18;;;
230515;0300;30;;;
230515;0400;17;;;
230515;0500;27;;;
230515;0600;27;;;
230515;0700;29;;;
230515;0800;26;;;
230515;0900;27;;;
230515;1000;29;;;
230515;1100;34;;;
230515;1200;38;;;
230515;1300;38;;;
230515;1400;34;;;
230515;1500;28;;;
230515;1600;27;;;
230515;1700;25;;;
230515;1800;22;;;
230515;1900;40;;;
230515;2000;51;;;
230515;2100;53;;;
230515;2200;55;;;
230515;2300;61;;;
230516;0000;66;;;
230516;0100;63;;;
230516;0200;31;;;
230516;0300;29;;;
230516;0400;27;;;
230516;0500;26;;;
230516;0600;18;;;
230516;0700;27;;;
230516;0800;36;;;
230516;0900;41;;;
230516;1000;41;;;
230516;1100;44;;;
230516;1200;38;;;
230516;1300;28;;;
230516;1400;23;;;
230516;1500;27;;;
230516;1600;22;;;
230516;1700;21;;;
230516;1800;9;;;
230516;1900;12;;;
230516;2000;13;;;
230516;2100;13;;;
230516;2200;16;;;
230516;2300;11;;;
230517;0000;10;;;
230517;0100;7;;;
230517;0200;7;;;
230517;0300;4;;;
230517;0400;9;;;
230517;0500;15;;;
230517;0600;16;;;
230517;0700;11;;;
230517;0800;16;;;
230517;0900;19;;;
230517;1000;15;;;
230517;1100;16;;;
230517;1200;14;;;
230517;1300;13;;;
230517;1400;13;;;
230517;1500;13;;;
230517;1600;13;;;
230517;1700;15;;;
230517;1800;10;;;
230517;1900;23;;;
230517;2000;28;;;
230517;2100;29;;;
230517;2200;47;;;
230517;2300;48;;;
230518;0000;51;;;
230518;0100;46;;;
230518;0200;27;;;
230518;0300;24;;;
230518;0400;25;;;
230518;0500;20;;;
230518;0600;25;;;
230518;0700;47;;;
230518;0800;49;;;
230518;0900;59;;;
230518;1000;56;;;
230518;1100;31;;;
230518;1200;35;;;
230518;1300;32;;;
230518;1400;20;;;
230518;1500;17;;;
230518;1600;18;;;
230518;1700;14;;;
230518;1800;12;;;
230518;1900;14;;;
230518;2000;13;;;
230518;2100;17;;;
230518;2200;21;;;
230518;2300;22;;;
230519;0000;18;;;
230519;0100;22;;;
230519;0200;29;;;
230519;0300;21;;;
230519;0400;30;;;
230519;0500;26;;;
230519;0600;26;;;
230519;0700;26;;;
230519;0800;33;;;
230519;0900;37;;;
230519;1000;29;;;
230519;1100;33;;;
230519;1200;26;;;
230519;1300;32;;;
230519;1400;33;;;
230519;1500;39;;;
230519;1600;22;;;
230519;1700;21;;;
230519;1800;29;;;
230519;1900;24;;;
230519;2000;23;;;
230519;2100;54;;;
230519;2200;88;;;
230519;2300;86;;;
230520;0000;94;;;
230520;0100;66;;;
230520;0200;62;;;
230520;0300;62;;;
230520;0400;57;;;
230520;0500;52;;;
230520;0600;48;;;
230520;0700;53;;;
230520;0800;54;;;
230520;0900;52;;;
230520;1000;45;;;
230520;1100;35;;;
230520;1200;38;;;
230520;1300;36;;;
230520;1400;39;;;
230520;1500;33;;;
230520;1600;32;;;
230520;1700;25;;;
230520;1800;30;;;
230520;1900;31;;;
230520;2000;32;;;
230520;2100;29;;;
230520;2200;28;;;
230520;2300;34;;;
230521;0000;36;;;
230521;0100;34;;;
230521;0200;21;;;
230521;0300;22;;;
230521;0400;19;;;
230521;0500;23;;;
230521;0600;36;;;
230521;0700;28;;;
230521;0800;38;;;
230521;0900;34;;;
230521;1000;35;;;
230521;1100;40;;;
230521;1200;42;;;
230521;1300;47;;;
230521;1400;54;;;
230521;1500;54;;;
230521;1600;36;;;
230521;1700;34;;;
230521;1800;39;;;
230521;1900;37;;;
230521;2000;51;;;
230521;2100;51;;;
230521;2200;48;;;
230521;2300;32;;;
230522;0000;14;;;
230522;0100;8;;;
230522;0200;6;;;
230522;0300;12;;;
230522;0400;13;;;
230522;0500;13;;;
230522;0600;15;;;
230522;0700;16;;;
230522;0800;19;;;
230522;0900;16;;;
230522;1000;15;;;
230522;1100;15;;;
230522;1200;20;;;
230522;1300;24;;;
230522;1400;22;;;
230522;1500;33;;;
230522;1600;36;;;
230522;1700;40;;;
230522;1800;44;;;
230522;1900;46;;;
230522;2000;60;;;
230522;2100;50;;;
230522;2200;48;;;
230522;2300;64;;;
230523;0000;56;;;
230523;0100;58;;;
230523;0200;43;;;
230523;0300;45;;;
230523;0400;47;;;
230523;0500;40;;;
230523;0600;40;;;
230523;0700;50;;;
230523;0800;47;;;
230523;0900;39;;;
230523;1000;27;;;
230523;1100;51;;;
230523;1200;64;;;
230523;1300;52;;;
230523;1400;59;;;
230523;1500;51;;;
230523;1600;36;;;
230523;1700;44;;;
230523;1800;23;;;
230523;1900;29;;;
230523;2000;33;;;
230523;2100;25;;;
230523;2200;34;;;
230523;2300;29;;;
230524;0000;27;;;
230524;0100;35;;;
230524;0200;38;;;
230524;0300;37;;;
230524;0400;34;;;
230524;0500;33;;;
230524;0600;36;;;
230524;0700;36;;;
230524;0800;41;;;
230524;0900;41;;;
230524;1000;46;;;
230524;1100;45;;;
230524;1200;40;;;
230524;1300;21;;;
230524;1400;8;;;
230524;1500;15;;;
230524;1600;17;;;
230524;1700;19;;;
230524;1800;23;;;
230524;1900;25;;;
230524;2000;34;;;
230524;2100;34;;;
230524;2200;40;;;
230524;2300;49;;;
230525;0000;40;;;
230525;0100;44;;;
230525;0200;39;;;
230525;0300;36;;;
230525;0400;37;;;
230525;0500;41;;;
230525;0600;43;;;
230525;0700;51;;;
230525;0800;47;;;
230525;0900;49;;;
230525;1000;55;;;
230525;1100;50;;;
230525;1200;45;;;
230525;1300;45;;;
230525;1400;40;;;
230525;1500;34;;;
230525;1600;38;;;
230525;1700;48;;;
230525;1800;42;;;
230525;1900;49;;;
230525;2000;58;;;
230525;2100;36;;;
230525;2200;25;;;
230525;2300;25;;;
230526;0000;25;;;
230526;0100;15;;;
230526;0200;18;;;
230526;0300;23;;;
230526;0400;24;;;
230526;0500;26;;;
230526;0600;31;;;
230526;0700;53;;;
230526;0800;43;;;
230526;0900;27;;;
230526;1000;31;;;
230526;1100;30;;;
230526;1200;27;;;
230526;1300;22;;;
230526;1400;19;;;
230526;1500;23;;;
230526;1600;23;;;
230526;1700;24;;;
230526;1800;26;;;
230526;1900;19;;;
230526;2000;22;;;
230526;2100;35;;;
230526;2200;36;;;
230526;2300;60;;;
230527;0000;54;;;
230527;0100;56;;;
230527;0200;19;;;
230527;0300;18;;;
230527;0400;21;;;
230527;0500;25;;;
230527;0600;23;;;
230527;0700;26;;;
230527;0800;28;;;
230527;0900;27;;;
230527;1000;26;;;
230527;1100;35;;;
230527;1200;37;;;
230527;1300;29;;;
230527;1400;30;;;
230527;1500;34;;;
230527;1600;32;;;
230527;1700;27;;;
230527;1800;27;;;
230527;1900;41;;;
230527;2000;64;;;
230527;2100;115;;;
230527;2200;137;;;
230527;2300;157;;;
230528;0000;160;;;
230528;0100;191;;;
230528;0200;156;;;
230528;0300;134;;;
230528;0400;101;;;
230528;0500;102;;;
230528;0600;82;;;
230528;0700;69;;;
230528;0800;62;;;
230528;0900;59;;;
230528;1000;58;;;
230528;1100;61;;;
230528;1200;54;;;
230528;1300;59;;;
230528;1400;55;;;
230528;1500;59;;;
230528;1600;61;;;
230528;1700;50;;;
230528;1800;46;;;
230528;1900;62;;;
230528;2000;68;;;
230528;2100;61;;;
230528;2200;59;;;
230528;2300;63;;;
230529;0000;61;;;
230529;0100;49;;;
230529;0200;49;;;
230529;0300;49;;;
230529;0400;56;;;
230529;0500;50;;;
230529;0600;56;;;
230529;0700;60;;;
230529;0800;71;;;
230529;0900;76;;;
230529;1000;66;;;
230529;1100;72;;;
230529;1200;67;;;
230529;1300;54;;;
230529;1400;35;;;
230529;1500;43;;;
230529;1600;44;;;
230529;1700;49;;;
230529;1800;51;;;
230529;1900;65;;;
230529;2000;82;;;
230529;2100;76;;;
230529;2200;82;;;
230529;2300;79;;;
230530;0000;79;;;
230530;0100;69;;;
230530;0200;74;;;
230530;0300;60;;;
230530;0400;67;;;
230530;0500;71;;;
230530;0600;76;;;
230530;0700;71;;;
230530;0800;65;;;
230530;0900;93;;;
230530;1000;80;;;
230530;1100;80;;;
230530;1200;73;;;
230530;1300;60;;;
230530;1400;60;;;
230530;1500;68;;;
230530;1600;77;;;
230530;1700;54;;;
230530;1800;56;;;
230530;1900;48;;;
230530;2000;38;;;
230530;2100;40;;;
230530;2200;51;;;
230530;2300;63;;;
230531;0000;55;;;
230531;0100;77;;;
230531;0200;78;;;
230531;0300;92;;;
230531;0400;76;;;
230531;0500;74;;;
230531;0600;73;;;
230531;0700;82;;;
230531;0800;95;;;
230531;0900;84;;;
230531;1000;66;;;
230531;1100;71;;;
230531;1200;76;;;
230531;1300;69;;;
230531;1400;73;;;
230531;1500;58;;;
230531;1600;53;;;
230531;1700;47;;;
230531;1800;60;;;
230531;1900;76;;;
230531;2000;84;;;
230531;2100;95;;;
230531;2200;81;;;
230531;2300;67;;;
230601;0000;63;;;
230601;0100;61;;;
230601;0200;69;;;
230601;0300;62;;;
230601;0400;62;;;
230601;0500;62;;;
230601;0600;61;;;
230601;0700;76;;;
230601;0800;68;;;
230601;0900;79;;;
230601;1000;64;;;
230601;1100;34;;;
230601;1200;26;;;
230601;1300;28;;;
230601;1400;26;;;
230601;1500;28;;;
230601;1600;26;;;
230601;1700;26;;;
230601;1800;34;;;
230601;1900;40;;;
230601;2000;36;;;
230601;2100;46;;;
230601;2200;44;;;
230601;2300;55;;;
230602;0000;57;;;
230602;0100;58;;;
230602;0200;55;;;
230602;0300;50;;;
230602;0400;39;;;
230602;0500;34;;;
230602;0600;59;;;
230602;0700;49;;;
230602;0800;63;;;
230602;0900;60;;;
230602;1000;52;;;
230602;1100;48;;;
230602;1200;49;;;
230602;1300;18;;;
230602;1400;26;;;
230602;1500;18;;;
230602;1600;10;;;
230602;1700;10;;;
230602;1800;25;;;
230602;1900;23;;;
230602;2000;22;;;
230602;2100;23;;;
230602;2200;22;;;
230602;2300;28;;;
230603;0000;54;;;
230603;0100;71;;;
230603;0200;51;;;
230603;0300;55;;;
230603;0400;39;;;
230603;0500;48;;;
230603;0600;38;;;
230603;0700;38;;;
230603;0800;39;;;
230603;0900;34;;;
230603;1000;35;;;
230603;1100;38;;;
230603;1200;35;;;
230603;1300;19;;;
230603;1400;12;;;
230603;1500;10;;;
230603;1600;12;;;
230603;1700;12;;;
230603;1800;15;;;
230603;1900;9;;;
230603;2000;25;;;
230603;2100;27;;;
230603;2200;29;;;
230603;2300;59;;;
230604;0000;58;;;
230604;0100;85;;;
230604;0200;87;;;
230604;0300;85;;;
230604;0400;77;;;
230604;0500;69;;;
230604;0600;75;;;
230604;0700;64;;;
230604;0800;62;;;
230604;0900;59;;;
230604;1000;45;;;
230604;1100;40;;;
230604;1200;32;;;
230604;1300;20;;;
230604;1400;27;;;
230604;1500;25;;;
230604;1600;26;;;
230604;1700;23;;;
230604;1800;35;;;
230604;1900;58;;;
230604;2000;64;;;
230604;2100;61;;;
230604;2200;55;;;
230604;2300;65;;;
230605;0000;75;;;
230605;0100;57;;;
230605;0200;54;;;
230605;0300;52;;;
230605;0400;40;;;
230605;0500;42;;;
230605;0600;46;;;
230605;0700;52;;;
230605;0800;56;;;
230605;0900;46;;;
230605;1000;53;;;
230605;1100;66;;;
230605;1200;46;;;
230605;1300;35;;;
230605;1400;42;;;
230605;1500;44;;;
230605;1600;36;;;
230605;1700;33;;;
230605;1800;29;;;
230605;1900;26;;;
230605;2000;39;;;
230605;2100;53;;;
230605;2200;52;;;
230605;2300;68;;;
230606;0000;72;;;
230606;0100;64;;;
230606;0200;50;;;
230606;0300;53;;;
230606;0400;43;;;
230606;0500;48;;;
230606;0600;52;;;
230606;0700;47;;;
230606;0800;54;;;
230606;0900;53;;;
230606;1000;52;;;
230606;1100;50;;;
230606;1200;48;;;
230606;1300;32;;;
230606;1400;39;;;
230606;1500;50;;;
230606;1600;52;;;
230606;1700;33;;;
230606;1800;65;;;
230606;1900;77;;;
230606;2000;79;;;
230606;2100;82;;;
230606;2200;82;;;
230606;2300;82;;;
230607;0000;87;;;
230607;0100;74;;;
230607;0200;62;;;
230607;0300;65;;;
230607;0400;50;;;
230607;0500;45;;;
230607;0600;45;;;
230607;0700;52;;;
230607;0800;55;;;
230607;0900;76;;;
230607;1000;74;;;
230607;1100;67;;;
230607;1200;77;;;
230607;1300;63;;;
230607;1400;65;;;
230607;1500;50;;;
230607;1600;38;;;
230607;1700;46;;;
230607;1800;53;;;
230607;1900;38;;;
230607;2000;43;;;
230607;2100;38;;;
230607;2200;46;;;
230607;2300;60;;;
230608;0000;58;;;
230608;0100;44;;;
230608;0200;17;;;
230608;0300;14;;;
230608;0400;17;;;
230608;0500;19;;;
230608;0600;20;;;
230608;0700;23;;;
230608;0800;37;;;
230608;0900;43;;;
230608;1000;51;;;
230608;1100;58;;;
230608;1200;31;;;
230608;1300;23;;;
230608;1400;15;;;
230608;1500;16;;;
230608;1600;21;;;
230608;1700;21;;;
230608;1800;8;;;
230608;1900;11;;;
230608;2000;13;;;
230608;2100;9;;;
230608;2200;11;;;
230608;2300;16;;;
230609;0000;18;;;
230609;0100;14;;;
230609;0200;12;;;
230609;0300;13;;;
230609;0400;15;;;
230609;0500;18;;;
230609;0600;14;;;
230609;0700;24;;;
230609;0800;17;;;
230609;0900;4;;;
230609;1000;5;;;
230609;1100;8;;;
230609;1200;7;;;
230609;1300;4;;;
230609;1400;4;;;
230609;1500;10;;;
230609;1600;10;;;
230609;1700;10;;;
230609;1800;8;;;
230609;1900;6;;;
230609;2000;4;;;
230609;2100;4;;;
230609;2200;4;;;
230609;2300;5;;;
230610;0000;8;;;
230610;0100;7;;;
230610;0200;6;;;
230610;0300;11;;;
230610;0400;10;;;
230610;0500;19;;;
230610;0600;4;;;
230610;0700;8;;;
230610;0800;7;;;
230610;0900;12;;;
230610;1000;10;;;
230610;1100;8;;;
230610;1200;;;;
230610;1300;;;;
230610;1400;;;;
230610;1500;6;;;
230610;1600;12;;;
230610;1700;10;;;
230610;1800;12;;;
230610;1900;17;;;
230610;2000;19;;;
230610;2100;25;;;
230610;2200;19;;;
230610;2300;14;;;
230611;0000;20;;;
230611;0100;24;;;
230611;0200;32;;;
230611;0300;29;;;
230611;0400;23;;;
230611;0500;16;;;
230611;0600;24;;;
230611;0700;33;;;
230611;0800;30;;;
230611;0900;34;;;
230611;1000;35;;;
230611;1100;30;;;
230611;1200;38;;;
230611;1300;25;;;
230611;1400;28;;;
230611;1500;28;;;
230611;1600;23;;;
230611;1700;28;;;
230611;1800;24;;;
230611;1900;37;;;
230611;2000;31;;;
230611;2100;26;;;
230611;2200;32;;;
230611;2300;39;;;
230612;0000;44;;;
230612;0100;57;;;
230612;0200;58;;;
230612;0300;65;;;
230612;0400;65;;;
230612;0500;61;;;
230612;0600;74;;;
230612;0700;65;;;
230612;0800;80;;;
230612;0900;77;;;
230612;1000;74;;;
230612;1100;75;;;
230612;1200;59;;;
230612;1300;49;;;
230612;1400;42;;;
230612;1500;41;;;
230612;1600;51;;;
230612;1700;67;;;
230612;1800;65;;;
230612;1900;77;;;
230612;2000;97;;;
230612;2100;103;;;
230612;2200;109;;;
230612;2300;101;;;
230613;0000;75;;;
230613;0100;64;;;
230613;0200;51;;;
230613;0300;48;;;
230613;0400;45;;;
230613;0500;44;;;
230613;0600;45;;;
230613;0700;55;;;
230613;0800;64;;;
230613;0900;62;;;
230613;1000;54;;;
230613;1100;50;;;
230613;1200;47;;;
230613;1300;39;;;
230613;1400;31;;;
230613;1500;24;;;
230613;1600;40;;;
230613;1700;54;;;
230613;1800;67;;;
230613;1900;89;;;
230613;2000;102;;;
230613;2100;121;;;
230613;2200;124;;;
230613;2300;106;;;
230614;0000;92;;;
230614;0100;60;;;
230614;0200;47;;;
230614;0300;39;;;
230614;0400;40;;;
230614;0500;34;;;
230614;0600;28;;;
230614;0700;52;;;
230614;0800;65;;;
230614;0900;64;;;
230614;1000;56;;;
230614;1100;42;;;
230614;1200;34;;;
230614;1300;43;;;
230614;1400;41;;;
230614;1500;45;;;
230614;1600;43;;;
230614;1700;33;;;
230614;1800;45;;;
230614;1900;45;;;
230614;2000;67;;;
230614;2100;54;;;
230614;2200;47;;;
230614;2300;72;;;
230615;0000;84;;;
230615;0100;84;;;
230615;0200;70;;;
230615;0300;67;;;
230615;0400;70;;;
230615;0500;66;;;
230615;0600;63;;;
230615;0700;72;;;
230615;0800;73;;;
230615;0900;75;;;
230615;1000;64;;;
230615;1100;66;;;
230615;1200;39;;;
230615;1300;33;;;
230615;1400;70;;;
230615;1500;37;;;
230615;1600;13;;;
230615;1700;27;;;
230615;1800;25;;;
230615;1900;35;;;
230615;2000;43;;;
230615;2100;58;;;
230615;2200;68;;;
230615;2300;72;;;
230616;0000;68;;;
230616;0100;52;;;
230616;0200;46;;;
230616;0300;46;;;
230616;0400;37;;;
230616;0500;39;;;
230616;0600;38;;;
230616;0700;49;;;
230616;0800;57;;;
230616;0900;51;;;
230616;1000;51;;;
230616;1100;49;;;
230616;1200;42;;;
230616;1300;29;;;
230616;1400;39;;;
230616;1500;56;;;
230616;1600;47;;;
230616;1700;21;;;
230616;1800;52;;;
230616;1900;50;;;
230616;2000;50;;;
230616;2100;90;;;
230616;2200;88;;;
230616;2300;94;;;
230617;0000;72;;;
230617;0100;76;;;
230617;0200;73;;;
230617;0300;57;;;
230617;0400;53;;;
230617;0500;46;;;
230617;0600;53;;;
230617;0700;51;;;
230617;0800;48;;;
230617;0900;43;;;
230617;1000;41;;;
230617;1100;50;;;
230617;1200;49;;;
230617;1300;37;;;
230617;1400;27;;;
230617;1500;32;;;
230617;1600;31;;;
230617;1700;38;;;
230617;1800;55;;;
230617;1900;86;;;
230617;2000;116;;;
230617;2100;152;;;
230617;2200;145;;;
230617;2300;148;;;
230618;0000;142;;;
230618;0100;110;;;
230618;0200;100;;;
230618;0300;86;;;
230618;0400;61;;;
230618;0500;64;;;
230618;0600;53;;;
230618;0700;59;;;
230618;0800;64;;;
230618;0900;38;;;
230618;1000;31;;;
230618;1100;24;;;
230618;1200;26;;;
230618;1300;27;;;
230618;1400;21;;;
230618;1500;22;;;
230618;1600;25;;;
230618;1700;34;;;
230618;1800;47;;;
230618;1900;41;;;
230618;2000;53;;;
230618;2100;64;;;
230618;2200;58;;;
230618;2300;56;;;
230619;0000;59;;;
230619;0100;66;;;
230619;0200;56;;;
230619;0300;60;;;
230619;0400;58;;;
230619;0500;54;;;
230619;0600;49;;;
230619;0700;58;;;
230619;0800;54;;;
230619;0900;49;;;
230619;1000;44;;;
230619;1100;;;;
230619;1200;35;;;
230619;1300;42;;;
230619;1400;39;;;
230619;1500;30;;;
230619;1600;31;;;
230619;1700;34;;;
230619;1800;41;;;
230619;1900;27;;;
230619;2000;41;;;
230619;2100;41;;;
230619;2200;38;;;
230619;2300;35;;;
230620;0000;41;;;
230620;0100;53;;;
230620;0200;64;;;
230620;0300;57;;;
230620;0400;52;;;
230620;0500;48;;;
230620;0600;47;;;
230620;0700;50;;;
230620;0800;57;;;
230620;0900;55;;;
230620;1000;48;;;
230620;1100;61;;;
230620;1200;52;;;
230620;1300;43;;;
230620;1400;37;;;
230620;1500;26;;;
230620;1600;26;;;
230620;1700;26;;;
230620;1800;21;;;
230620;1900;24;;;
230620;2000;20;;;
230620;2100;18;;;
230620;2200;18;;;
230620;2300;21;;;
230621;0000;19;;;
230621;0100;18;;;
230621;0200;13;;;
230621;0300;20;;;
230621;0400;18;;;
230621;0500;18;;;
230621;0600;23;;;
230621;0700;28;;;
230621;0800;32;;;
230621;0900;32;;;
230621;1000;20;;;
230621;1100;24;;;
230621;1200;32;;;
230621;1300;26;;;
230621;1400;38;;;
230621;1500;46;;;
230621;1600;42;;;
230621;1700;50;;;
230621;1800;55;;;
230621;1900;54;;;
230621;2000;63;;;
230621;2100;50;;;
230621;2200;48;;;
230621;2300;23;;;
230622;0000;35;;;
230622;0100;29;;;
230622;0200;19;;;
230622;0300;19;;;
230622;0400;13;;;
230622;0500;16;;;
230622;0600;17;;;
230622;0700;20;;;
230622;0800;11;;;
230622;0900;12;;;
230622;1000;10;;;
230622;1100;14;;;
230622;1200;14;;;
230622;1300;11;;;
230622;1400;12;;;
230622;1500;15;;;
230622;1600;13;;;
230622;1700;17;;;
230622;1800;23;;;
230622;1900;21;;;
230622;2000;26;;;
230622;2100;36;;;
230622;2200;25;;;
230622;2300;17;;;
230623;0000;14;;;
230623;0100;18;;;
230623;0200;11;;;
230623;0300;7;;;
230623;0400;12;;;
230623;0500;9;;;
230623;0600;9;;;
230623;0700;17;;;
230623;0800;20;;;
230623;0900;22;;;
230623;1000;19;;;
230623;1100;17;;;
230623;1200;15;;;
230623;1300;16;;;
230623;1400;16;;;
230623;1500;25;;;
230623;1600;14;;;
230623;1700;19;;;
230623;1800;29;;;
230623;1900;32;;;
230623;2000;29;;;
230623;2100;21;;;
230623;2200;40;;;
230623;2300;14;;;
230624;0000;8;;;
230624;0100;4;;;
230624;0200;4;;;
230624;0300;13;;;
230624;0400;8;;;
230624;0500;5;;;
230624;0600;6;;;
230624;0700;8;;;
230624;0800;10;;;
230624;0900;10;;;
230624;1000;13;;;
230624;1100;12;;;
230624;1200;16;;;
230624;1300;17;;;
230624;1400;14;;;
230624;1500;16;;;
230624;1600;9;;;
230624;1700;12;;;
230624;1800;13;;;
230624;1900;36;;;
230624;2000;49;;;
230624;2100;70;;;
230624;2200;69;;;
230624;2300;68;;;
230625;0000;82;;;
230625;0100;40;;;
230625;0200;26;;;
230625;0300;24;;;
230625;0400;28;;;
230625;0500;26;;;
230625;0600;19;;;
230625;0700;22;;;
230625;0800;17;;;
230625;0900;16;;;
230625;1000;19;;;
230625;1100;25;;;
230625;1200;22;;;
230625;1300;28;;;
230625;1400;17;;;
230625;1500;7;;;
230625;1600;11;;;
230625;1700;8;;;
230625;1800;6;;;
230625;1900;13;;;
230625;2000;25;;;
230625;2100;32;;;
230625;2200;33;;;
230625;2300;29;;;
230626;0000;31;;;
230626;0100;35;;;
230626;0200;34;;;
230626;0300;39;;;
230626;0400;36;;;
230626;0500;34;;;
230626;0600;32;;;
230626;0700;29;;;
230626;0800;16;;;
230626;0900;7;;;
230626;1000;4;;;
230626;1100;4;;;
230626;1200;9;;;
230626;1300;7;;;
230626;1400;7;;;
230626;1500;7;;;
230626;1600;14;;;
230626;1700;14;;;
230626;1800;20;;;
230626;1900;16;;;
230626;2000;17;;;
230626;2100;15;;;
230626;2200;14;;;
230626;2300;9;;;
230627;0000;8;;;
230627;0100;6;;;
230627;0200;7;;;
230627;0300;8;;;
230627;0400;10;;;
230627;0500;8;;;
230627;0600;22;;;
230627;0700;22;;;
230627;0800;29;;;
230627;0900;31;;;
230627;1000;29;;;
230627;1100;33;;;
230627;1200;26;;;
230627;1300;22;;;
230627;1400;13;;;
230627;1500;16;;;
230627;1600;17;;;
230627;1700;17;;;
230627;1800;16;;;
230627;1900;31;;;
230627;2000;28;;;
230627;2100;49;;;
230627;2200;64;;;
230627;2300;75;;;
230628;0000;62;;;
230628;0100;73;;;
230628;0200;74;;;
230628;0300;53;;;
230628;0400;54;;;
230628;0500;34;;;
230628;0600;31;;;
230628;0700;28;;;
230628;0800;33;;;
230628;0900;48;;;
230628;1000;44;;;
230628;1100;48;;;
230628;1200;36;;;
230628;1300;45;;;
230628;1400;58;;;
230628;1500;69;;;
230628;1600;63;;;
230628;1700;57;;;
230628;1800;59;;;
230628;1900;70;;;
230628;2000;81;;;
230628;2100;80;;;
230628;2200;76;;;
230628;2300;86;;;
230629;0000;87;;;
230629;0100;80;;;
230629;0200;80;;;
230629;0300;68;;;
230629;0400;79;;;
230629;0500;69;;;
230629;0600;61;;;
230629;0700;55;;;
230629;0800;56;;;
230629;0900;57;;;
230629;1000;65;;;
230629;1100;56;;;
230629;1200;65;;;
230629;1300;23;;;
230629;1400;36;;;
230629;1500;35;;;
230629;1600;34;;;
230629;1700;35;;;
230629;1800;39;;;
230629;1900;59;;;
230629;2000;53;;;
230629;2100;73;;;
230629;2200;94;;;
230629;2300;72;;;
230630;0000;53;;;
230630;0100;58;;;
230630;0200;46;;;
230630;0300;50;;;
230630;0400;35;;;
230630;0500;34;;;
230630;0600;39;;;
230630;0700;38;;;
230630;0800;48;;;
230630;0900;54;;;
230630;1000;62;;;
230630;1100;61;;;
230630;1200;51;;;
230630;1300;67;;;
230630;1400;34;;;
230630;1500;34;;;
230630;1600;42;;;
230630;1700;39;;;
230630;1800;53;;;
230630;1900;62;;;
230630;2000;68;;;
230630;2100;101;;;
230630;2200;99;;;
230630;2300;95;;;
230701;0000;86;;;
230701;0100;86;;;
230701;0200;79;;;
230701;0300;58;;;
230701;0400;58;;;
230701;0500;50;;;
230701;0600;52;;;
230701;0700;50;;;
230701;0800;54;;;
230701;0900;55;;;
230701;1000;57;;;
230701;1100;75;;;
230701;1200;66;;;
230701;1300;64;;;
230701;1400;24;;;
230701;1500;29;;;
230701;1600;30;;;
230701;1700;32;;;
230701;1800;21;;;
230701;1900;22;;;
230701;2000;15;;;
230701;2100;16;;;
230701;2200;30;;;
230701;2300;53;;;
230702;0000;54;;;
230702;0100;44;;;
230702;0200;21;;;
230702;0300;10;;;
230702;0400;18;;;
230702;0500;23;;;
230702;0600;19;;;
230702;0700;19;;;
230702;0800;22;;;
230702;0900;21;;;
230702;1000;25;;;
230702;1100;25;;;
230702;1200;21;;;
230702;1300;24;;;
230702;1400;26;;;
230702;1500;35;;;
230702;1600;36;;;
230702;1700;44;;;
230702;1800;46;;;
230702;1900;64;;;
230702;2000;83;;;
230702;2100;67;;;
230702;2200;83;;;
230702;2300;98;;;
230703;0000;101;;;
230703;0100;76;;;
230703;0200;63;;;
230703;0300;55;;;
230703;0400;58;;;
230703;0500;58;;;
230703;0600;45;;;
230703;0700;48;;;
230703;0800;46;;;
230703;0900;49;;;
230703;1000;66;;;
230703;1100;61;;;
230703;1200;63;;;
230703;1300;39;;;
230703;1400;33;;;
230703;1500;36;;;
230703;1600;23;;;
230703;1700;20;;;
230703;1800;37;;;
230703;1900;51;;;
230703;2000;50;;;
230703;2100;74;;;
230703;2200;86;;;
230703;2300;79;;;
230704;0000;79;;;
230704;0100;49;;;
230704;0200;48;;;
230704;0300;48;;;
230704;0400;33;;;
230704;0500;33;;;
230704;0600;49;;;
230704;0700;50;;;
230704;0800;48;;;
230704;0900;48;;;
230704;1000;42;;;
230704;1100;51;;;
230704;1200;22;;;
230704;1300;19;;;
230704;1400;14;;;
230704;1500;8;;;
230704;1600;6;;;
230704;1700;4;;;
230704;1800;3;;;
230704;1900;19;;;
230704;2000;20;;;
230704;2100;35;;;
230704;2200;43;;;
230704;2300;61;;;
230705;0000;58;;;
230705;0100;48;;;
230705;0200;44;;;
230705;0300;44;;;
230705;0400;38;;;
230705;0500;27;;;
230705;0600;26;;;
230705;0700;36;;;
230705;0800;62;;;
230705;0900;37;;;
230705;1000;36;;;
230705;1100;36;;;
230705;1200;24;;;
230705;1300;19;;;
230705;1400;14;;;
230705;1500;10;;;
230705;1600;11;;;
230705;1700;14;;;
230705;1800;10;;;
230705;1900;13;;;
230705;2000;19;;;
230705;2100;18;;;
230705;2200;19;;;
230705;2300;19;;;
230706;0000;23;;;
230706;0100;31;;;
230706;0200;27;;;
230706;0300;19;;;
230706;0400;21;;;
230706;0500;27;;;
230706;0600;25;;;
230706;0700;23;;;
230706;0800;30;;;
230706;0900;35;;;
230706;1000;43;;;
230706;1100;28;;;
230706;1200;23;;;
230706;1300;20;;;
230706;1400;23;;;
230706;1500;23;;;
230706;1600;22;;;
230706;1700;31;;;
230706;1800;29;;;
230706;1900;33;;;
230706;2000;40;;;
230706;2100;71;;;
230706;2200;75;;;
230706;2300;68;;;
230707;0000;70;;;
230707;0100;79;;;
230707;0200;68;;;
230707;0300;73;;;
230707;0400;76;;;
230707;0500;67;;;
230707;0600;68;;;
230707;0700;77;;;
230707;0800;78;;;
230707;0900;72;;;
230707;1000;87;;;
230707;1100;80;;;
230707;1200;61;;;
230707;1300;37;;;
230707;1400;19;;;
230707;1500;22;;;
230707;1600;18;;;
230707;1700;18;;;
230707;1800;10;;;
230707;1900;23;;;
230707;2000;35;;;
230707;2100;52;;;
230707;2200;42;;;
230707;2300;77;;;
230708;0000;94;;;
230708;0100;88;;;
230708;0200;82;;;
230708;0300;82;;;
230708;0400;79;;;
230708;0500;88;;;
230708;0600;86;;;
230708;0700;76;;;
230708;0800;61;;;
230708;0900;68;;;
230708;1000;58;;;
230708;1100;49;;;
230708;1200;51;;;
230708;1300;31;;;
230708;1400;39;;;
230708;1500;12;;;
230708;1600;15;;;
230708;1700;13;;;
230708;1800;8;;;
230708;1900;8;;;
230708;2000;10;;;
230708;2100;10;;;
230708;2200;21;;;
230708;2300;60;;;
230709;0000;58;;;
230709;0100;43;;;
230709;0200;43;;;
230709;0300;26;;;
230709;0400;25;;;
230709;0500;29;;;
230709;0600;26;;;
230709;0700;30;;;
230709;0800;30;;;
230709;0900;27;;;
230709;1000;35;;;
230709;1100;35;;;
230709;1200;32;;;
230709;1300;30;;;
230709;1400;41;;;
230709;1500;37;;;
230709;1600;43;;;
230709;1700;46;;;
230709;1800;38;;;
230709;1900;32;;;
230709;2000;37;;;
230709;2100;53;;;
230709;2200;69;;;
230709;2300;67;;;
230710;0000;69;;;
230710;0100;49;;;
230710;0200;42;;;
230710;0300;38;;;
230710;0400;36;;;
230710;0500;32;;;
230710;0600;39;;;
230710;0700;43;;;
230710;0800;49;;;
230710;0900;50;;;
230710;1000;50;;;
230710;1100;48;;;
230710;1200;55;;;
230710;1300;42;;;
230710;1400;21;;;
230710;1500;35;;;
230710;1600;29;;;
230710;1700;31;;;
230710;1800;26;;;
230710;1900;26;;;
230710;2000;14;;;
230710;2100;19;;;
230710;2200;23;;;
230710;2300;20;;;
230711;0000;16;;;
230711;0100;21;;;
230711;0200;17;;;
230711;0300;17;;;
230711;0400;19;;;
230711;0500;20;;;
230711;0600;27;;;
230711;0700;37;;;
230711;0800;34;;;
230711;0900;51;;;
230711;1000;44;;;
230711;1100;41;;;
230711;1200;41;;;
230711;1300;43;;;
230711;1400;36;;;
230711;1500;43;;;
230711;1600;26;;;
230711;1700;35;;;
230711;1800;44;;;
230711;1900;38;;;
230711;2000;40;;;
230711;2100;21;;;
230711;2200;10;;;
230711;2300;9;;;
230712;0000;7;;;
230712;0100;6;;;
230712;0200;9;;;
230712;0300;5;;;
230712;0400;5;;;
230712;0500;6;;;
230712;0600;5;;;
230712;0700;9;;;
230712;0800;8;;;
230712;0900;8;;;
230712;1000;7;;;
230712;1100;6;;;
230712;1200;7;;;
230712;1300;6;;;
230712;1400;3;;;
230712;1500;5;;;
230712;1600;5;;;
230712;1700;7;;;
230712;1800;8;;;
230712;1900;10;;;
230712;2000;16;;;
230712;2100;37;;;
230712;2200;38;;;
230712;2300;49;;;
230713;0000;38;;;
230713;0100;33;;;
230713;0200;34;;;
230713;0300;25;;;
230713;0400;25;;;
230713;0500;27;;;
230713;0600;23;;;
230713;0700;18;;;
230713;0800;32;;;
230713;0900;39;;;
230713;1000;42;;;
230713;1100;41;;;
230713;1200;26;;;
230713;1300;14;;;
230713;1400;10;;;
230713;1500;10;;;
230713;1600;22;;;
230713;1700;29;;;
230713;1800;39;;;
230713;1900;68;;;
230713;2000;61;;;
230713;2100;67;;;
230713;2200;70;;;
230713;2300;73;;;
230714;0000;62;;;
230714;0100;59;;;
230714;0200;56;;;
230714;0300;40;;;
230714;0400;40;;;
230714;0500;39;;;
230714;0600;37;;;
230714;0700;54;;;
230714;0800;60;;;
230714;0900;57;;;
230714;1000;58;;;
230714;1100;76;;;
230714;1200;64;;;
230714;1300;63;;;
230714;1400;63;;;
230714;1500;61;;;
230714;1600;57;;;
230714;1700;58;;;
230714;1800;43;;;
230714;1900;43;;;
230714;2000;33;;;
230714;2100;44;;;
230714;2200;59;;;
230714;2300;68;;;
230715;0000;42;;;
230715;0100;31;;;
230715;0200;41;;;
230715;0300;36;;;
230715;0400;32;;;
230715;0500;27;;;
230715;0600;25;;;
230715;0700;31;;;
230715;0800;31;;;
230715;0900;40;;;
230715;1000;31;;;
230715;1100;35;;;
230715;1200;34;;;
230715;1300;38;;;
230715;1400;47;;;
230715;1500;38;;;
230715;1600;28;;;
230715;1700;23;;;
230715;1800;39;;;
230715;1900;38;;;
230715;2000;51;;;
230715;2100;83;;;
230715;2200;118;;;
230715;2300;129;;;
230716;0000;88;;;
230716;0100;59;;;
230716;0200;54;;;
230716;0300;33;;;
230716;0400;34;;;
230716;0500;53;;;
230716;0600;72;;;
230716;0700;72;;;
230716;0800;80;;;
230716;0900;79;;;
230716;1000;66;;;
230716;1100;62;;;
230716;1200;56;;;
230716;1300;55;;;
230716;1400;55;;;
230716;1500;42;;;
230716;1600;37;;;
230716;1700;54;;;
230716;1800;56;;;
230716;1900;59;;;
230716;2000;71;;;
230716;2100;103;;;
230716;2200;95;;;
230716;2300;121;;;
230717;0000;85;;;
230717;0100;74;;;
230717;0200;63;;;
230717;0300;58;;;
230717;0400;47;;;
230717;0500;41;;;
230717;0600;46;;;
230717;0700;57;;;
230717;0800;63;;;
230717;0900;69;;;
230717;1000;71;;;
230717;1100;68;;;
230717;1200;58;;;
230717;1300;50;;;
230717;1400;57;;;
230717;1500;62;;;
230717;1600;92;;;
230717;1700;110;;;
230717;1800;107;;;
230717;1900;116;;;
230717;2000;114;;;
230717;2100;116;;;
230717;2200;120;;;
230717;2300;129;;;
230718;0000;128;;;
230718;0100;120;;;
230718;0200;87;;;
230718;0300;90;;;
230718;0400;90;;;
230718;0500;90;;;
230718;0600;69;;;
230718;0700;64;;;
230718;0800;70;;;
230718;0900;90;;;
230718;1000;69;;;
230718;1100;51;;;
230718;1200;45;;;
230718;1300;41;;;
230718;1400;75;;;
230718;1500;54;;;
230718;1600;65;;;
230718;1700;70;;;
230718;1800;78;;;
230718;1900;82;;;
230718;2000;86;;;
230718;2100;70;;;
230718;2200;75;;;
230718;2300;67;;;
230719;0000;52;;;
230719;0100;42;;;
230719;0200;35;;;
230719;0300;29;;;
230719;0400;26;;;
230719;0500;29;;;
230719;0600;29;;;
230719;0700;34;;;
230719;0800;50;;;
230719;0900;61;;;
230719;1000;51;;;
230719;1100;52;;;
230719;1200;46;;;
230719;1300;45;;;
230719;1400;38;;;
230719;1500;34;;;
230719;1600;49;;;
230719;1700;56;;;
230719;1800;76;;;
230719;1900;83;;;
230719;2000;95;;;
230719;2100;102;;;
230719;2200;95;;;
230719;2300;86;;;
230720;0000;66;;;
230720;0100;75;;;
230720;0200;58;;;
230720;0300;49;;;
230720;0400;61;;;
230720;0500;48;;;
230720;0600;46;;;
230720;0700;66;;;
230720;0800;52;;;
230720;0900;51;;;
230720;1000;84;;;
230720;1100;77;;;
230720;1200;64;;;
230720;1300;48;;;
230720;1400;40;;;
230720;1500;39;;;
230720;1600;33;;;
230720;1700;23;;;
230720;1800;26;;;
230720;1900;35;;;
230720;2000;57;;;
230720;2100;49;;;
230720;2200;33;;;
230720;2300;25;;;
230721;0000;16;;;
230721;0100;20;;;
230721;0200;24;;;
230721;0300;20;;;
230721;0400;24;;;
230721;0500;23;;;
230721;0600;33;;;
230721;0700;30;;;
230721;0800;38;;;
230721;0900;48;;;
230721;1000;39;;;
230721;1100;42;;;
230721;1200;38;;;
230721;1300;19;;;
230721;1400;14;;;
230721;1500;11;;;
230721;1600;9;;;
230721;1700;9;;;
230721;1800;16;;;
230721;1900;17;;;
230721;2000;16;;;
230721;2100;12;;;
230721;2200;29;;;
230721;2300;40;;;
230722;0000;47;;;
230722;0100;47;;;
230722;0200;29;;;
230722;0300;18;;;
230722;0400;10;;;
230722;0500;6;;;
230722;0600;3;;;
230722;0700;4;;;
230722;0800;2;;;
230722;0900;3;;;
230722;1000;6;;;
230722;1100;3;;;
230722;1200;4;;;
230722;1300;5;;;
230722;1400;8;;;
230722;1500;6;;;
230722;1600;3;;;
230722;1700;5;;;
230722;1800;14;;;
230722;1900;20;;;
230722;2000;13;;;
230722;2100;52;;;
230722;2200;37;;;
230722;2300;46;;;
230723;0000;37;;;
230723;0100;39;;;
230723;0200;38;;;
230723;0300;39;;;
230723;0400;35;;;
230723;0500;37;;;
230723;0600;35;;;
230723;0700;36;;;
230723;0800;37;;;
230723;0900;33;;;
230723;1000;15;;;
230723;1100;15;;;
230723;1200;26;;;
230723;1300;25;;;
230723;1400;32;;;
230723;1500;31;;;
230723;1600;28;;;
230723;1700;38;;;
230723;1800;45;;;
230723;1900;50;;;
230723;2000;74;;;
230723;2100;60;;;
230723;2200;72;;;
230723;2300;83;;;
230724;0000;85;;;
230724;0100;51;;;
230724;0200;50;;;
230724;0300;62;;;
230724;0400;63;;;
230724;0500;49;;;
230724;0600;56;;;
230724;0700;63;;;
230724;0800;63;;;
230724;0900;66;;;
230724;1000;56;;;
230724;1100;43;;;
230724;1200;41;;;
230724;1300;30;;;
230724;1400;27;;;
230724;1500;17;;;
230724;1600;21;;;
230724;1700;30;;;
230724;1800;42;;;
230724;1900;58;;;
230724;2000;77;;;
230724;2100;86;;;
230724;2200;84;;;
230724;2300;81;;;
230725;0000;83;;;
230725;0100;81;;;
230725;0200;69;;;
230725;0300;63;;;
230725;0400;66;;;
230725;0500;55;;;
230725;0600;49;;;
230725;0700;47;;;
230725;0800;47;;;
230725;0900;72;;;
230725;1000;57;;;
230725;1100;47;;;
230725;1200;31;;;
230725;1300;23;;;
230725;1400;8;;;
230725;1500;6;;;
230725;1600;6;;;
230725;1700;8;;;
230725;1800;7;;;
230725;1900;7;;;
230725;2000;15;;;
230725;2100;16;;;
230725;2200;14;;;
230725;2300;22;;;
230726;0000;29;;;
230726;0100;45;;;
230726;0200;40;;;
230726;0300;46;;;
230726;0400;33;;;
230726;0500;20;;;
230726;0600;20;;;
230726;0700;24;;;
230726;0800;32;;;
230726;0900;37;;;
230726;1000;34;;;
230726;1100;42;;;
230726;1200;58;;;
230726;1300;52;;;
230726;1400;38;;;
230726;1500;33;;;
230726;1600;35;;;
230726;1700;30;;;
230726;1800;33;;;
230726;1900;36;;;
230726;2000;40;;;
230726;2100;39;;;
230726;2200;27;;;
230726;2300;32;;;
230727;0000;43;;;
230727;0100;44;;;
230727;0200;40;;;
230727;0300;42;;;
230727;0400;45;;;
230727;0500;45;;;
230727;0600;51;;;
230727;0700;59;;;
230727;0800;56;;;
230727;0900;51;;;
230727;1000;44;;;
230727;1100;41;;;
230727;1200;57;;;
230727;1300;52;;;
230727;1400;44;;;
230727;1500;43;;;
230727;1600;41;;;
230727;1700;34;;;
230727;1800;32;;;
230727;1900;44;;;
230727;2000;37;;;
230727;2100;61;;;
230727;2200;82;;;
230727;2300;97;;;
230728;0000;97;;;
230728;0100;87;;;
230728;0200;77;;;
230728;0300;73;;;
230728;0400;64;;;
230728;0500;61;;;
230728;0600;49;;;
230728;0700;53;;;
230728;0800;60;;;
230728;0900;54;;;
230728;1000;50;;;
230728;1100;61;;;
230728;1200;57;;;
230728;1300;57;;;
230728;1400;58;;;
230728;1500;60;;;
230728;1600;34;;;
230728;1700;37;;;
230728;1800;48;;;
230728;1900;71;;;
230728;2000;61;;;
230728;2100;46;;;
230728;2200;38;;;
230728;2300;51;;;
230729;0000;49;;;
230729;0100;46;;;
230729;0200;58;;;
230729;0300;62;;;
230729;0400;63;;;
230729;0500;64;;;
230729;0600;60;;;
230729;0700;51;;;
230729;0800;62;;;
230729;0900;61;;;
230729;1000;47;;;
230729;1100;53;;;
230729;1200;53;;;
230729;1300;34;;;
230729;1400;31;;;
230729;1500;25;;;
230729;1600;27;;;
230729;1700;26;;;
230729;1800;37;;;
230729;1900;57;;;
230729;2000;56;;;
230729;2100;52;;;
230729;2200;49;;;
230729;2300;56;;;
230730;0000;38;;;
230730;0100;48;;;
230730;0200;53;;;
230730;0300;71;;;
230730;0400;64;;;
230730;0500;46;;;
230730;0600;40;;;
230730;0700;38;;;
230730;0800;41;;;
230730;0900;50;;;
230730;1000;61;;;
230730;1100;55;;;
230730;1200;54;;;
230730;1300;49;;;
230730;1400;48;;;
230730;1500;52;;;
230730;1600;27;;;
230730;1700;20;;;
230730;1800;35;;;
230730;1900;41;;;
230730;2000;48;;;
230730;2100;62;;;
230730;2200;72;;;
230730;2300;80;;;
230731;0000;80;;;
230731;0100;76;;;
230731;0200;62;;;
230731;0300;59;;;
230731;0400;54;;;
230731;0500;55;;;
230731;0600;66;;;
230731;0700;67;;;
230731;0800;70;;;
230731;0900;72;;;
230731;1000;85;;;
230731;1100;44;;;
230731;1200;41;;;
230731;1300;39;;;
230731;1400;37;;;
230731;1500;29;;;
230731;1600;33;;;
230731;1700;32;;;
230731;1800;30;;;
230731;1900;40;;;
230731;2000;36;;;
230731;2100;22;;;
230731;2200;31;;;
230731;2300;28;;;
230801;0000;48;;;
230801;0100;27;;;
230801;0200;17;;;
230801;0300;20;;;
230801;0400;20;;;
230801;0500;33;;;
230801;0600;49;;;
230801;0700;45;;;
230801;0800;64;;;
230801;0900;64;;;
230801;1000;64;;;
230801;1100;65;;;
230801;1200;62;;;
230801;1300;63;;;
230801;1400;49;;;
230801;1500;16;;;
230801;1600;14;;;
230801;1700;20;;;
230801;1800;33;;;
230801;1900;45;;;
230801;2000;41;;;
230801;2100;50;;;
230801;2200;54;;;
230801;2300;53;;;
230802;0000;48;;;
230802;0100;32;;;
230802;0200;36;;;
230802;0300;47;;;
230802;0400;48;;;
230802;0500;46;;;
230802;0600;49;;;
230802;0700;39;;;
230802;0800;41;;;
230802;0900;47;;;
230802;1000;68;;;
230802;1100;71;;;
230802;1200;48;;;
230802;1300;50;;;
230802;1400;58;;;
230802;1500;24;;;
230802;1600;9;;;
230802;1700;9;;;
230802;1800;10;;;
230802;1900;18;;;
230802;2000;22;;;
230802;2100;28;;;
230802;2200;40;;;
230802;2300;59;;;
230803;0000;68;;;
230803;0100;65;;;
230803;0200;53;;;
230803;0300;51;;;
230803;0400;53;;;
230803;0500;52;;;
230803;0600;59;;;
230803;0700;55;;;
230803;0800;55;;;
230803;0900;65;;;
230803;1000;61;;;
230803;1100;45;;;
230803;1200;37;;;
230803;1300;40;;;
230803;1400;40;;;
230803;1500;44;;;
230803;1600;33;;;
230803;1700;31;;;
230803;1800;22;;;
230803;1900;14;;;
230803;2000;14;;;
230803;2100;22;;;
230803;2200;32;;;
230803;2300;52;;;
230804;0000;54;;;
230804;0100;44;;;
230804;0200;46;;;
230804;0300;40;;;
230804;0400;39;;;
230804;0500;34;;;
230804;0600;33;;;
230804;0700;45;;;
230804;0800;49;;;
230804;0900;51;;;
230804;1000;44;;;
230804;1100;48;;;
230804;1200;57;;;
230804;1300;36;;;
230804;1400;31;;;
230804;1500;40;;;
230804;1600;34;;;
230804;1700;34;;;
230804;1800;28;;;
230804;1900;27;;;
230804;2000;23;;;
230804;2100;28;;;
230804;2200;39;;;
230804;2300;31;;;
230805;0000;34;;;
230805;0100;32;;;
230805;0200;26;;;
230805;0300;18;;;
230805;0400;14;;;
230805;0500;13;;;
230805;0600;15;;;
230805;0700;16;;;
230805;0800;21;;;
230805;0900;20;;;
230805;1000;15;;;
230805;1100;21;;;
230805;1200;24;;;
230805;1300;19;;;
230805;1400;15;;;
230805;1500;18;;;
230805;1600;17;;;
230805;1700;13;;;
230805;1800;24;;;
230805;1900;19;;;
230805;2000;25;;;
230805;2100;24;;;
230805;2200;32;;;
230805;2300;31;;;
230806;0000;22;;;
230806;0100;29;;;
230806;0200;30;;;
230806;0300;29;;;
230806;0400;32;;;
230806;0500;36;;;
230806;0600;42;;;
230806;0700;41;;;
230806;0800;41;;;
230806;0900;37;;;
230806;1000;22;;;
230806;1100;13;;;
230806;1200;18;;;
230806;1300;11;;;
230806;1400;10;;;
230806;1500;15;;;
230806;1600;15;;;
230806;1700;15;;;
230806;1800;14;;;
230806;1900;13;;;
230806;2000;27;;;
230806;2100;42;;;
230806;2200;43;;;
230806;2300;57;;;
230807;0000;55;;;
230807;0100;51;;;
230807;0200;34;;;
230807;0300;32;;;
230807;0400;29;;;
230807;0500;34;;;
230807;0600;42;;;
230807;0700;46;;;
230807;0800;49;;;
230807;0900;43;;;
230807;1000;45;;;
230807;1100;36;;;
230807;1200;43;;;
230807;1300;45;;;
230807;1400;32;;;
230807;1500;36;;;
230807;1600;40;;;
230807;1700;37;;;
230807;1800;33;;;
230807;1900;29;;;
230807;2000;30;;;
230807;2100;43;;;
230807;2200;43;;;
230807;2300;45;;;
230808;0000;50;;;
230808;0100;56;;;
230808;0200;39;;;
230808;0300;42;;;
230808;0400;40;;;
230808;0500;46;;;
230808;0600;55;;;
230808;0700;54;;;
230808;0800;70;;;
230808;0900;78;;;
230808;1000;57;;;
230808;1100;58;;;
230808;1200;59;;;
230808;1300;43;;;
230808;1400;41;;;
230808;1500;37;;;
230808;1600;30;;;
230808;1700;33;;;
230808;1800;46;;;
230808;1900;43;;;
230808;2000;50;;;
230808;2100;56;;;
230808;2200;54;;;
230808;2300;41;;;
230809;0000;37;;;
230809;0100;37;;;
230809;0200;33;;;
230809;0300;35;;;
230809;0400;39;;;
230809;0500;39;;;
230809;0600;40;;;
230809;0700;46;;;
230809;0800;51;;;
230809;0900;55;;;
230809;1000;60;;;
230809;1100;63;;;
230809;1200;78;;;
230809;1300;82;;;
230809;1400;75;;;
230809;1500;71;;;
230809;1600;62;;;
230809;1700;62;;;
230809;1800;77;;;
230809;1900;67;;;
230809;2000;52;;;
230809;2100;25;;;
230809;2200;25;;;
230809;2300;24;;;
230810;0000;22;;;
230810;0100;17;;;
230810;0200;17;;;
230810;0300;8;;;
230810;0400;6;;;
230810;0500;5;;;
230810;0600;6;;;
230810;0700;8;;;
230810;0800;6;;;
230810;0900;7;;;
230810;1000;6;;;
230810;1100;6;;;
230810;1200;3;;;
230810;1300;4;;;
230810;1400;4;;;
230810;1500;4;;;
230810;1600;4;;;
230810;1700;5;;;
230810;1800;4;;;
230810;1900;5;;;
230810;2000;5;;;
230810;2100;6;;;
230810;2200;7;;;
230810;2300;11;;;
230811;0000;12;;;
230811;0100;14;;;
230811;0200;36;;;
230811;0300;30;;;
230811;0400;27;;;
230811;0500;23;;;
230811;0600;18;;;
230811;0700;22;;;
230811;0800;21;;;
230811;0900;19;;;
230811;1000;16;;;
230811;1100;18;;;
230811;1200;21;;;
230811;1300;28;;;
230811;1400;25;;;
230811;1500;13;;;
230811;1600;10;;;
230811;1700;8;;;
230811;1800;13;;;
230811;1900;17;;;
230811;2000;19;;;
230811;2100;18;;;
230811;2200;21;;;
230811;2300;19;;;
230812;0000;31;;;
230812;0100;25;;;
230812;0200;52;;;
230812;0300;56;;;
230812;0400;53;;;
230812;0500;46;;;
230812;0600;50;;;
230812;0700;50;;;
230812;0800;52;;;
230812;0900;50;;;
230812;1000;45;;;
230812;1100;41;;;
230812;1200;38;;;
230812;1300;37;;;
230812;1400;35;;;
230812;1500;12;;;
230812;1600;7;;;
230812;1700;7;;;
230812;1800;12;;;
230812;1900;9;;;
230812;2000;16;;;
230812;2100;25;;;
230812;2200;64;;;
230812;2300;77;;;
230813;0000;67;;;
230813;0100;86;;;
230813;0200;90;;;
230813;0300;96;;;
230813;0400;76;;;
230813;0500;76;;;
230813;0600;64;;;
230813;0700;62;;;
230813;0800;45;;;
230813;0900;33;;;
230813;1000;35;;;
230813;1100;34;;;
230813;1200;32;;;
230813;1300;22;;;
230813;1400;11;;;
230813;1500;8;;;
230813;1600;7;;;
230813;1700;6;;;
230813;1800;7;;;
230813;1900;13;;;
230813;2000;18;;;
230813;2100;25;;;
230813;2200;45;;;
230813;2300;40;;;
230814;0000;44;;;
230814;0100;43;;;
230814;0200;37;;;
230814;0300;29;;;
230814;0400;26;;;
230814;0500;22;;;
230814;0600;23;;;
230814;0700;27;;;
230814;0800;31;;;
230814;0900;31;;;
230814;1000;36;;;
230814;1100;38;;;
230814;1200;24;;;
230814;1300;18;;;
230814;1400;25;;;
230814;1500;27;;;
230814;1600;25;;;
230814;1700;20;;;
230814;1800;19;;;
230814;1900;20;;;
230814;2000;19;;;
230814;2100;19;;;
230814;2200;16;;;
230814;2300;16;;;
230815;0000;17;;;
230815;0100;17;;;
230815;0200;16;;;
230815;0300;16;;;
230815;0400;14;;;
230815;0500;18;;;
230815;0600;17;;;
230815;0700;22;;;
230815;0800;21;;;
230815;0900;27;;;
230815;1000;30;;;
230815;1100;34;;;
230815;1200;34;;;
230815;1300;31;;;
230815;1400;19;;;
230815;1500;21;;;
230815;1600;18;;;
230815;1700;18;;;
230815;1800;11;;;
230815;1900;10;;;
230815;2000;11;;;
230815;2100;7;;;
230815;2200;5;;;
230815;2300;4;;;
230816;0000;8;;;
230816;0100;12;;;
230816;0200;10;;;
230816;0300;6;;;
230816;0400;7;;;
230816;0500;11;;;
230816;0600;14;;;
230816;0700;22;;;
230816;0800;26;;;
230816;0900;23;;;
230816;1000;21;;;
230816;1100;16;;;
230816;1200;19;;;
230816;1300;16;;;
230816;1400;12;;;
230816;1500;10;;;
230816;1600;13;;;
230816;1700;11;;;
230816;1800;12;;;
230816;1900;13;;;
230816;2000;12;;;
230816;2100;9;;;
230816;2200;13;;;
230816;2300;12;;;
230817;0000;11;;;
230817;0100;13;;;
230817;0200;13;;;
230817;0300;13;;;
230817;0400;12;;;
230817;0500;14;;;
230817;0600;15;;;
230817;0700;17;;;
230817;0800;28;;;
230817;0900;18;;;
230817;1000;12;;;
230817;1100;9;;;
230817;1200;11;;;
230817;1300;8;;;
230817;1400;6;;;
230817;1500;4;;;
230817;1600;2;;;
230817;1700;4;;;
230817;1800;7;;;
230817;1900;8;;;
230817;2000;6;;;
230817;2100;8;;;
230817;2200;7;;;
230817;2300;5;;;
230818;0000;6;;;
230818;0100;7;;;
230818;0200;7;;;
230818;0300;6;;;
230818;0400;13;;;
230818;0500;17;;;
230818;0600;17;;;
230818;0700;15;;;
230818;0800;14;;;
230818;0900;28;;;
230818;1000;18;;;
230818;1100;17;;;
230818;1200;17;;;
230818;1300;17;;;
230818;1400;18;;;
230818;1500;21;;;
230818;1600;18;;;
230818;1700;16;;;
230818;1800;20;;;
230818;1900;21;;;
230818;2000;27;;;
230818;2100;36;;;
230818;2200;41;;;
230818;2300;41;;;
230819;0000;43;;;
230819;0100;44;;;
230819;0200;36;;;
230819;0300;29;;;
230819;0400;22;;;
230819;0500;17;;;
230819;0600;20;;;
230819;0700;14;;;
230819;0800;13;;;
230819;0900;11;;;
230819;1000;10;;;
230819;1100;8;;;
230819;1200;8;;;
230819;1300;10;;;
230819;1400;9;;;
230819;1500;10;;;
230819;1600;18;;;
230819;1700;18;;;
230819;1800;14;;;
230819;1900;19;;;
230819;2000;19;;;
230819;2100;21;;;
230819;2200;23;;;
230819;2300;18;;;
230820;0000;21;;;
230820;0100;23;;;
230820;0200;18;;;
230820;0300;16;;;
230820;0400;13;;;
230820;0500;16;;;
230820;0600;16;;;
230820;0700;22;;;
230820;0800;20;;;
230820;0900;27;;;
230820;1000;15;;;
230820;1100;21;;;
230820;1200;15;;;
230820;1300;11;;;
230820;1400;8;;;
230820;1500;5;;;
230820;1600;5;;;
230820;1700;6;;;
230820;1800;5;;;
230820;1900;6;;;
230820;2000;7;;;
230820;2100;4;;;
230820;2200;4;;;
230820;2300;11;;;
230821;0000;9;;;
230821;0100;18;;;
230821;0200;17;;;
230821;0300;16;;;
230821;0400;22;;;
230821;0500;13;;;
230821;0600;10;;;
230821;0700;9;;;
230821;0800;6;;;
230821;0900;9;;;
230821;1000;13;;;
230821;1100;16;;;
230821;1200;17;;;
230821;1300;19;;;
230821;1400;17;;;
230821;1500;14;;;
230821;1600;17;;;
230821;1700;8;;;
230821;1800;13;;;
230821;1900;7;;;
230821;2000;13;;;
230821;2100;10;;;
230821;2200;9;;;
230821;2300;7;;;
230822;0000;6;;;
230822;0100;5;;;
230822;0200;4;;;
230822;0300;1;;;
230822;0400;1;;;
230822;0500;4;;;
230822;0600;4;;;
230822;0700;1;;;
230822;0800;2;;;
230822;0900;3;;;
230822;1000;1;;;
230822;1100;1;;;
230822;1200;3;;;
230822;1300;4;;;
230822;1400;2;;;
230822;1500;3;;;
230822;1600;4;;;
230822;1700;7;;;
230822;1800;9;;;
230822;1900;6;;;
230822;2000;4;;;
230822;2100;5;;;
230822;2200;4;;;
230822;2300;2;;;
230823;0000;1;;;
230823;0100;1;;;
230823;0200;1;;;
230823;0300;1;;;
230823;0400;3;;;
230823;0500;4;;;
230823;0600;5;;;
230823;0700;5;;;
230823;0800;5;;;
230823;0900;9;;;
230823;1000;7;;;
230823;1100;7;;;
230823;1200;8;;;
230823;1300;4;;;
230823;1400;5;;;
230823;1500;6;;;
230823;1600;5;;;
230823;1700;6;;;
230823;1800;8;;;
230823;1900;9;;;
230823;2000;17;;;
230823;2100;9;;;
230823;2200;19;;;
230823;2300;24;;;
230824;0000;29;;;
230824;0100;38;;;
230824;0200;44;;;
230824;0300;30;;;
230824;0400;44;;;
230824;0500;53;;;
230824;0600;36;;;
230824;0700;41;;;
230824;0800;42;;;
230824;0900;40;;;
230824;1000;23;;;
230824;1100;13;;;
230824;1200;9;;;
230824;1300;11;;;
230824;1400;13;;;
230824;1500;9;;;
230824;1600;8;;;
230824;1700;8;;;
230824;1800;5;;;
230824;1900;8;;;
230824;2000;12;;;
230824;2100;9;;;
230824;2200;4;;;
230824;2300;3;;;
230825;0000;6;;;
230825;0100;5;;;
230825;0200;7;;;
230825;0300;12;;;
230825;0400;19;;;
230825;0500;27;;;
230825;0600;32;;;
230825;0700;47;;;
230825;0800;36;;;
230825;0900;18;;;
230825;1000;18;;;
230825;1100;15;;;
230825;1200;23;;;
230825;1300;24;;;
230825;1400;10;;;
230825;1500;12;;;
230825;1600;14;;;
230825;1700;14;;;
230825;1800;14;;;
230825;1900;11;;;
230825;2000;12;;;
230825;2100;23;;;
230825;2200;33;;;
230825;2300;27;;;
230826;0000;60;;;
230826;0100;62;;;
230826;0200;50;;;
230826;0300;49;;;
230826;0400;55;;;
230826;0500;46;;;
230826;0600;35;;;
230826;0700;38;;;
230826;0800;32;;;
230826;0900;51;;;
230826;1000;50;;;
230826;1100;30;;;
230826;1200;24;;;
230826;1300;25;;;
230826;1400;20;;;
230826;1500;16;;;
230826;1600;5;;;
230826;1700;8;;;
230826;1800;11;;;
230826;1900;15;;;
230826;2000;13;;;
230826;2100;19;;;
230826;2200;39;;;
230826;2300;61;;;
230827;0000;87;;;
230827;0100;87;;;
230827;0200;73;;;
230827;0300;63;;;
230827;0400;56;;;
230827;0500;47;;;
230827;0600;45;;;
230827;0700;41;;;
230827;0800;38;;;
230827;0900;31;;;
230827;1000;27;;;
230827;1100;27;;;
230827;1200;24;;;
230827;1300;28;;;
230827;1400;20;;;
230827;1500;19;;;
230827;1600;19;;;
230827;1700;12;;;
230827;1800;17;;;
230827;1900;18;;;
230827;2000;22;;;
230827;2100;25;;;
230827;2200;31;;;
230827;2300;31;;;
230828;0000;31;;;
230828;0100;27;;;
230828;0200;28;;;
230828;0300;29;;;
230828;0400;30;;;
230828;0500;33;;;
230828;0600;37;;;
230828;0700;26;;;
230828;0800;34;;;
230828;0900;16;;;
230828;1000;14;;;
230828;1100;18;;;
230828;1200;;;;
230828;1300;;;;
230828;1400;11;;;
230828;1500;10;;;
230828;1600;7;;;
230828;1700;5;;;
230828;1800;14;;;
230828;1900;24;;;
230828;2000;21;;;
230828;2100;39;;;
230828;2200;57;;;
230828;2300;49;;;
230829;0000;34;;;
230829;0100;34;;;
230829;0200;33;;;
230829;0300;25;;;
230829;0400;22;;;
230829;0500;21;;;
230829;0600;24;;;
230829;0700;31;;;
230829;0800;31;;;
230829;0900;20;;;
230829;1000;25;;;
230829;1100;27;;;
230829;1200;18;;;
230829;1300;22;;;
230829;1400;12;;;
230829;1500;11;;;
230829;1600;12;;;
230829;1700;8;;;
230829;1800;5;;;
230829;1900;13;;;
230829;2000;9;;;
230829;2100;7;;;
230829;2200;7;;;
230829;2300;6;;;
230830;0000;14;;;
230830;0100;17;;;
230830;0200;16;;;
230830;0300;15;;;
230830;0400;12;;;
230830;0500;10;;;
230830;0600;10;;;
230830;0700;9;;;
230830;0800;5;;;
230830;0900;14;;;
230830;1000;9;;;
230830;1100;12;;;
230830;1200;25;;;
230830;1300;17;;;
230830;1400;13;;;
230830;1500;14;;;
230830;1600;17;;;
230830;1700;13;;;
230830;1800;12;;;
230830;1900;11;;;
230830;2000;14;;;
230830;2100;19;;;
230830;2200;15;;;
230830;2300;18;;;
230831;0000;24;;;
230831;0100;18;;;
230831;0200;15;;;
230831;0300;21;;;
230831;0400;27;;;
230831;0500;30;;;
230831;0600;40;;;
230831;0700;41;;;
230831;0800;23;;;
230831;0900;31;;;
230831;1000;36;;;
230831;1100;34;;;
230831;1200;31;;;
230831;1300;33;;;
230831;1400;29;;;
230831;1500;19;;;
230831;1600;19;;;
230831;1700;15;;;
230831;1800;10;;;
230831;1900;14;;;
230831;2000;16;;;
230831;2100;15;;;
230831;2200;18;;;
230831;2300;25;;;
230901;0000;21;;;
230901;0100;16;;;
230901;0200;14;;;
230901;0300;14;;;
230901;0400;14;;;
230901;0500;12;;;
230901;0600;12;;;
230901;0700;26;;;
230901;0800;28;;;
230901;0900;19;;;
230901;1000;25;;;
230901;1100;23;;;
230901;1200;25;;;
230901;1300;31;;;
230901;1400;20;;;
230901;1500;18;;;
230901;1600;19;;;
230901;1700;24;;;
230901;1800;30;;;
230901;1900;30;;;
230901;2000;29;;;
230901;2100;35;;;
230901;2200;39;;;
230901;2300;41;;;
230902;0000;42;;;
230902;0100;26;;;
230902;0200;26;;;
230902;0300;20;;;
230902;0400;24;;;
230902;0500;20;;;
230902;0600;24;;;
230902;0700;26;;;
230902;0800;27;;;
230902;0900;19;;;
230902;1000;26;;;
230902;1100;26;;;
230902;1200;30;;;
230902;1300;20;;;
230902;1400;18;;;
230902;1500;18;;;
230902;1600;10;;;
230902;1700;14;;;
230902;1800;19;;;
230902;1900;18;;;
230902;2000;20;;;
230902;2100;18;;;
230902;2200;16;;;
230902;2300;15;;;
230903;0000;17;;;
230903;0100;14;;;
230903;0200;10;;;
230903;0300;17;;;
230903;0400;19;;;
230903;0500;17;;;
230903;0600;23;;;
230903;0700;26;;;
230903;0800;29;;;
230903;0900;27;;;
230903;1000;27;;;
230903;1100;24;;;
230903;1200;21;;;
230903;1300;14;;;
230903;1400;14;;;
230903;1500;13;;;
230903;1600;10;;;
230903;1700;12;;;
230903;1800;8;;;
230903;1900;10;;;
230903;2000;8;;;
230903;2100;5;;;
230903;2200;2;;;
230903;2300;10;;;
230904;0000;11;;;
230904;0100;19;;;
230904;0200;12;;;
230904;0300;12;;;
230904;0400;9;;;
230904;0500;13;;;
230904;0600;17;;;
230904;0700;18;;;
230904;0800;17;;;
230904;0900;16;;;
230904;1000;13;;;
230904;1100;17;;;
230904;1200;14;;;
230904;1300;11;;;
230904;1400;15;;;
230904;1500;13;;;
230904;1600;11;;;
230904;1700;16;;;
230904;1800;13;;;
230904;1900;17;;;
230904;2000;16;;;
230904;2100;21;;;
230904;2200;28;;;
230904;2300;27;;;
230905;0000;32;;;
230905;0100;39;;;
230905;0200;37;;;
230905;0300;33;;;
230905;0400;35;;;
230905;0500;36;;;
230905;0600;40;;;
230905;0700;47;;;
230905;0800;53;;;
230905;0900;53;;;
230905;1000;41;;;
230905;1100;46;;;
230905;1200;54;;;
230905;1300;56;;;
230905;1400;54;;;
230905;1500;58;;;
230905;1600;58;;;
230905;1700;44;;;
230905;1800;48;;;
230905;1900;53;;;
230905;2000;48;;;
230905;2100;50;;;
230905;2200;43;;;
230905;2300;45;;;
230906;0000;37;;;
230906;0100;35;;;
230906;0200;36;;;
230906;0300;31;;;
230906;0400;32;;;
230906;0500;24;;;
230906;0600;13;;;
230906;0700;15;;;
230906;0800;14;;;
230906;0900;11;;;
230906;1000;18;;;
230906;1100;22;;;
230906;1200;23;;;
230906;1300;26;;;
230906;1400;21;;;
230906;1500;11;;;
230906;1600;6;;;
230906;1700;2;;;
230906;1800;4;;;
230906;1900;6;;;
230906;2000;10;;;
230906;2100;9;;;
230906;2200;6;;;
230906;2300;6;;;
230907;0000;6;;;
230907;0100;8;;;
230907;0200;10;;;
230907;0300;10;;;
230907;0400;6;;;
230907;0500;5;;;
230907;0600;6;;;
230907;0700;9;;;
230907;0800;12;;;
230907;0900;20;;;
230907;1000;11;;;
230907;1100;21;;;
230907;1200;20;;;
230907;1300;12;;;
230907;1400;17;;;
230907;1500;15;;;
230907;1600;12;;;
230907;1700;18;;;
230907;1800;10;;;
230907;1900;7;;;
230907;2000;9;;;
230907;2100;10;;;
230907;2200;15;;;
230907;2300;11;;;
230908;0000;15;;;
230908;0100;12;;;
230908;0200;11;;;
230908;0300;19;;;
230908;0400;16;;;
230908;0500;17;;;
230908;0600;18;;;
230908;0700;21;;;
230908;0800;25;;;
230908;0900;30;;;
230908;1000;25;;;
230908;1100;17;;;
230908;1200;16;;;
230908;1300;11;;;
230908;1400;13;;;
230908;1500;11;;;
230908;1600;12;;;
230908;1700;16;;;
230908;1800;17;;;
230908;1900;14;;;
230908;2000;14;;;
230908;2100;36;;;
230908;2200;27;;;
230908;2300;33;;;
230909;0000;37;;;
230909;0100;49;;;
230909;0200;52;;;
230909;0300;53;;;
230909;0400;44;;;
230909;0500;47;;;
230909;0600;46;;;
230909;0700;19;;;
230909;0800;21;;;
230909;0900;21;;;
230909;1000;26;;;
230909;1100;10;;;
230909;1200;12;;;
230909;1300;14;;;
230909;1400;9;;;
230909;1500;11;;;
230909;1600;11;;;
230909;1700;12;;;
230909;1800;14;;;
230909;1900;13;;;
230909;2000;12;;;
230909;2100;13;;;
230909;2200;16;;;
230909;2300;22;;;
230910;0000;25;;;
230910;0100;39;;;
230910;0200;36;;;
230910;0300;45;;;
230910;0400;59;;;
230910;0500;43;;;
230910;0600;17;;;
230910;0700;17;;;
230910;0800;34;;;
230910;0900;32;;;
230910;1000;25;;;
230910;1100;31;;;
230910;1200;26;;;
230910;1300;38;;;
230910;1400;35;;;
230910;1500;35;;;
230910;1600;42;;;
230910;1700;41;;;
230910;1800;38;;;
230910;1900;31;;;
230910;2000;27;;;
230910;2100;46;;;
230910;2200;15;;;
230910;2300;4;;;
230911;0000;6;;;
230911;0100;4;;;
230911;0200;2;;;
230911;0300;2;;;
230911;0400;3;;;
230911;0500;6;;;
230911;0600;6;;;
230911;0700;4;;;
230911;0800;5;;;
230911;0900;4;;;
230911;1000;4;;;
230911;1100;4;;;
230911;1200;3;;;
230911;1300;5;;;
230911;1400;6;;;
230911;1500;5;;;
230911;1600;5;;;
230911;1700;6;;;
230911;1800;6;;;
230911;1900;5;;;
230911;2000;7;;;
230911;2100;8;;;
230911;2200;7;;;
230911;2300;8;;;
230912;0000;8;;;
230912;0100;6;;;
230912;0200;7;;;
230912;0300;6;;;
230912;0400;8;;;
230912;0500;9;;;
230912;0600;8;;;
230912;0700;13;;;
230912;0800;10;;;
230912;0900;8;;;
230912;1000;9;;;
230912;1100;12;;;
230912;1200;8;;;
230912;1300;10;;;
230912;1400;10;;;
230912;1500;12;;;
230912;1600;16;;;
230912;1700;9;;;
230912;1800;7;;;
230912;1900;6;;;
230912;2000;15;;;
230912;2100;9;;;
230912;2200;8;;;
230912;2300;9;;;
230913;0000;8;;;
230913;0100;13;;;
230913;0200;10;;;
230913;0300;10;;;
230913;0400;17;;;
230913;0500;31;;;
230913;0600;32;;;
230913;0700;40;;;
230913;0800;26;;;
230913;0900;20;;;
230913;1000;19;;;
230913;1100;31;;;
230913;1200;20;;;
230913;1300;15;;;
230913;1400;24;;;
230913;1500;24;;;
230913;1600;17;;;
230913;1700;19;;;
230913;1800;16;;;
230913;1900;19;;;
230913;2000;22;;;
230913;2100;21;;;
230913;2200;19;;;
230913;2300;25;;;
230914;0000;35;;;
230914;0100;24;;;
230914;0200;27;;;
230914;0300;23;;;
230914;0400;24;;;
230914;0500;23;;;
230914;0600;30;;;
230914;0700;28;;;
230914;0800;32;;;
230914;0900;32;;;
230914;1000;34;;;
230914;1100;48;;;
230914;1200;41;;;
230914;1300;22;;;
230914;1400;20;;;
230914;1500;15;;;
230914;1600;11;;;
230914;1700;16;;;
230914;1800;12;;;
230914;1900;23;;;
230914;2000;26;;;
230914;2100;49;;;
230914;2200;44;;;
230914;2300;47;;;
230915;0000;52;;;
230915;0100;42;;;
230915;0200;33;;;
230915;0300;31;;;
230915;0400;29;;;
230915;0500;38;;;
230915;0600;48;;;
230915;0700;48;;;
230915;0800;41;;;
230915;0900;45;;;
230915;1000;40;;;
230915;1100;25;;;
230915;1200;20;;;
230915;1300;24;;;
230915;1400;14;;;
230915;1500;11;;;
230915;1600;10;;;
230915;1700;12;;;
230915;1800;9;;;
230915;1900;9;;;
230915;2000;6;;;
230915;2100;4;;;
230915;2200;7;;;
230915;2300;10;;;
230916;0000;11;;;
230916;0100;8;;;
230916;0200;6;;;
230916;0300;5;;;
230916;0400;11;;;
230916;0500;19;;;
230916;0600;23;;;
230916;0700;26;;;
230916;0800;9;;;
230916;0900;21;;;
230916;1000;6;;;
230916;1100;4;;;
230916;1200;4;;;
230916;1300;3;;;
230916;1400;5;;;
230916;1500;4;;;
230916;1600;6;;;
230916;1700;3;;;
230916;1800;2;;;
230916;1900;6;;;
230916;2000;9;;;
230916;2100;7;;;
230916;2200;5;;;
230916;2300;7;;;
230917;0000;10;;;
230917;0100;7;;;
230917;0200;4;;;
230917;0300;6;;;
230917;0400;10;;;
230917;0500;8;;;
230917;0600;5;;;
230917;0700;4;;;
230917;0800;9;;;
230917;0900;8;;;
230917;1000;8;;;
230917;1100;7;;;
230917;1200;8;;;
230917;1300;7;;;
230917;1400;16;;;
230917;1500;14;;;
230917;1600;11;;;
230917;1700;17;;;
230917;1800;18;;;
230917;1900;25;;;
230917;2000;58;;;
230917;2100;36;;;
230917;2200;38;;;
230917;2300;31;;;
230918;0000;23;;;
230918;0100;28;;;
230918;0200;21;;;
230918;0300;25;;;
230918;0400;21;;;
230918;0500;19;;;
230918;0600;19;;;
230918;0700;23;;;
230918;0800;14;;;
230918;0900;20;;;
230918;1000;29;;;
230918;1100;35;;;
230918;1200;32;;;
230918;1300;47;;;
230918;1400;41;;;
230918;1500;52;;;
230918;1600;34;;;
230918;1700;24;;;
230918;1800;24;;;
230918;1900;25;;;
230918;2000;31;;;
230918;2100;40;;;
230918;2200;35;;;
230918;2300;50;;;
230919;0000;24;;;
230919;0100;27;;;
230919;0200;27;;;
230919;0300;40;;;
230919;0400;50;;;
230919;0500;15;;;
230919;0600;14;;;
230919;0700;32;;;
230919;0800;41;;;
230919;0900;47;;;
230919;1000;53;;;
230919;1100;52;;;
230919;1200;49;;;
230919;1300;38;;;
230919;1400;40;;;
230919;1500;29;;;
230919;1600;8;;;
230919;1700;18;;;
230919;1800;23;;;
230919;1900;23;;;
230919;2000;47;;;
230919;2100;44;;;
230919;2200;47;;;
230919;2300;57;;;
230920;0000;55;;;
230920;0100;61;;;
230920;0200;48;;;
230920;0300;37;;;
230920;0400;31;;;
230920;0500;17;;;
230920;0600;17;;;
230920;0700;23;;;
230920;0800;19;;;
230920;0900;17;;;
230920;1000;19;;;
230920;1100;16;;;
230920;1200;11;;;
230920;1300;13;;;
230920;1400;9;;;
230920;1500;9;;;
230920;1600;8;;;
230920;1700;8;;;
230920;1800;7;;;
230920;1900;9;;;
230920;2000;17;;;
230920;2100;14;;;
230920;2200;12;;;
230920;2300;12;;;
230921;0000;13;;;
230921;0100;9;;;
230921;0200;12;;;
230921;0300;14;;;
230921;0400;12;;;
230921;0500;13;;;
230921;0600;20;;;
230921;0700;18;;;
230921;0800;26;;;
230921;0900;22;;;
230921;1000;23;;;
230921;1100;27;;;
230921;1200;25;;;
230921;1300;19;;;
230921;1400;13;;;
230921;1500;11;;;
230921;1600;10;;;
230921;1700;7;;;
230921;1800;5;;;
230921;1900;7;;;
230921;2000;8;;;
230921;2100;7;;;
230921;2200;3;;;
230921;2300;7;;;
230922;0000;12;;;
230922;0100;10;;;
230922;0200;8;;;
230922;0300;6;;;
230922;0400;4;;;
230922;0500;6;;;
230922;0600;12;;;
230922;0700;10;;;
230922;0800;19;;;
230922;0900;9;;;
230922;1000;23;;;
230922;1100;24;;;
230922;1200;24;;;
230922;1300;21;;;
230922;1400;23;;;
230922;1500;23;;;
230922;1600;19;;;
230922;1700;12;;;
230922;1800;14;;;
230922;1900;14;;;
230922;2000;17;;;
230922;2100;16;;;
230922;2200;15;;;
230922;2300;27;;;
230923;0000;26;;;
230923;0100;23;;;
230923;0200;25;;;
230923;0300;20;;;
230923;0400;34;;;
230923;0500;44;;;
230923;0600;46;;;
230923;0700;29;;;
230923;0800;34;;;
230923;0900;37;;;
230923;1000;37;;;
230923;1100;39;;;
230923;1200;43;;;
230923;1300;42;;;
230923;1400;40;;;
230923;1500;36;;;
230923;1600;26;;;
230923;1700;23;;;
230923;1800;12;;;
230923;1900;20;;;
230923;2000;13;;;
230923;2100;8;;;
230923;2200;8;;;
230923;2300;11;;;
230924;0000;10;;;
230924;0100;12;;;
230924;0200;15;;;
230924;0300;7;;;
230924;0400;15;;;
230924;0500;20;;;
230924;0600;17;;;
230924;0700;19;;;
230924;0800;30;;;
230924;0900;32;;;
230924;1000;36;;;
230924;1100;37;;;
230924;1200;37;;;
230924;1300;36;;;
230924;1400;33;;;
230924;1500;19;;;
230924;1600;14;;;
230924;1700;11;;;
230924;1800;10;;;
230924;1900;19;;;
230924;2000;8;;;
230924;2100;28;;;
230924;2200;18;;;
230924;2300;8;;;
230925;0000;30;;;
230925;0100;38;;;
230925;0200;41;;;
230925;0300;35;;;
230925;0400;31;;;
230925;0500;25;;;
230925;0600;25;;;
230925;0700;32;;;
230925;0800;27;;;
230925;0900;35;;;
230925;1000;10;;;
230925;1100;7;;;
230925;1200;10;;;
230925;1300;9;;;
230925;1400;12;;;
230925;1500;11;;;
230925;1600;9;;;
230925;1700;6;;;
230925;1800;3;;;
230925;1900;2;;;
230925;2000;4;;;
230925;2100;3;;;
230925;2200;5;;;
230925;2300;6;;;
230926;0000;4;;;
230926;0100;5;;;
230926;0200;3;;;
230926;0300;2;;;
230926;0400;3;;;
230926;0500;7;;;
230926;0600;10;;;
230926;0700;12;;;
230926;0800;10;;;
230926;0900;8;;;
230926;1000;7;;;
230926;1100;4;;;
230926;1200;3;;;
230926;1300;8;;;
230926;1400;7;;;
230926;1500;5;;;
230926;1600;6;;;
230926;1700;9;;;
230926;1800;8;;;
230926;1900;7;;;
230926;2000;12;;;
230926;2100;16;;;
230926;2200;12;;;
230926;2300;13;;;
230927;0000;17;;;
230927;0100;15;;;
230927;0200;25;;;
230927;0300;24;;;
230927;0400;27;;;
230927;0500;28;;;
230927;0600;34;;;
230927;0700;35;;;
230927;0800;25;;;
230927;0900;25;;;
230927;1000;24;;;
230927;1100;26;;;
230927;1200;27;;;
230927;1300;23;;;
230927;1400;12;;;
230927;1500;13;;;
230927;1600;8;;;
230927;1700;8;;;
230927;1800;6;;;
230927;1900;8;;;
230927;2000;10;;;
230927;2100;13;;;
230927;2200;14;;;
230927;2300;12;;;
230928;0000;16;;;
230928;0100;10;;;
230928;0200;20;;;
230928;0300;13;;;
230928;0400;22;;;
230928;0500;23;;;
230928;0600;34;;;
230928;0700;19;;;
230928;0800;18;;;
230928;0900;21;;;
230928;1000;28;;;
230928;1100;25;;;
230928;1200;16;;;
230928;1300;15;;;
230928;1400;9;;;
230928;1500;13;;;
230928;1600;15;;;
230928;1700;14;;;
230928;1800;14;;;
230928;1900;8;;;
230928;2000;12;;;
230928;2100;13;;;
230928;2200;18;;;
230928;2300;22;;;
230929;0000;23;;;
230929;0100;23;;;
230929;0200;24;;;
230929;0300;26;;;
230929;0400;33;;;
230929;0500;40;;;
230929;0600;40;;;
230929;0700;44;;;
230929;0800;33;;;
230929;0900;34;;;
230929;1000;29;;;
230929;1100;23;;;
230929;1200;26;;;
230929;1300;27;;;
230929;1400;24;;;
230929;1500;20;;;
230929;1600;14;;;
230929;1700;13;;;
230929;1800;17;;;
230929;1900;17;;;
230929;2000;18;;;
230929;2100;24;;;
230929;2200;30;;;
230929;2300;31;;;
230930;0000;30;;;
230930;0100;42;;;
230930;0200;52;;;
230930;0300;39;;;
230930;0400;44;;;
230930;0500;38;;;
230930;0600;40;;;
230930;0700;53;;;
230930;0800;45;;;
230930;0900;37;;;
230930;1000;33;;;
230930;1100;30;;;
230930;1200;25;;;
230930;1300;24;;;
230930;1400;16;;;
230930;1500;15;;;
230930;1600;19;;;
230930;1700;10;;;
230930;1800;17;;;
230930;1900;16;;;
230930;2000;18;;;
230930;2100;13;;;
230930;2200;11;;;
230930;2300;26;;;
231001;0000;12;;;
231001;0100;12;;;
231001;0200;16;;;
231001;0300;17;;;
231001;0400;16;;;
231001;0500;17;;;
231001;0600;18;;;
231001;0700;22;;;
231001;0800;27;;;
231001;0900;23;;;
231001;1000;22;;;
231001;1100;14;;;
231001;1200;10;;;
231001;1300;18;;;
231001;1400;15;;;
231001;1500;9;;;
231001;1600;7;;;
231001;1700;8;;;
231001;1800;10;;;
231001;1900;12;;;
231001;2000;16;;;
231001;2100;17;;;
231001;2200;16;;;
231001;2300;16;;;
231002;0000;17;;;
231002;0100;8;;;
231002;0200;6;;;
231002;0300;7;;;
231002;0400;6;;;
231002;0500;9;;;
231002;0600;16;;;
231002;0700;14;;;
231002;0800;18;;;
231002;0900;12;;;
231002;1000;11;;;
231002;1100;8;;;
231002;1200;12;;;
231002;1300;9;;;
231002;1400;8;;;
231002;1500;8;;;
231002;1600;9;;;
231002;1700;7;;;
231002;1800;8;;;
231002;1900;9;;;
231002;2000;11;;;
231002;2100;7;;;
231002;2200;6;;;
231002;2300;10;;;
231003;0000;11;;;
231003;0100;7;;;
231003;0200;12;;;
231003;0300;7;;;
231003;0400;9;;;
231003;0500;8;;;
231003;0600;6;;;
231003;0700;9;;;
231003;0800;9;;;
231003;0900;9;;;
231003;1000;12;;;
231003;1100;11;;;
231003;1200;9;;;
231003;1300;6;;;
231003;1400;10;;;
231003;1500;12;;;
231003;1600;11;;;
231003;1700;7;;;
231003;1800;5;;;
231003;1900;7;;;
231003;2000;11;;;
231003;2100;12;;;
231003;2200;7;;;
231003;2300;8;;;
231004;0000;13;;;
231004;0100;11;;;
231004;0200;20;;;
231004;0300;14;;;
231004;0400;18;;;
231004;0500;23;;;
231004;0600;29;;;
231004;0700;29;;;
231004;0800;23;;;
231004;0900;24;;;
231004;1000;17;;;
231004;1100;22;;;
231004;1200;23;;;
231004;1300;12;;;
231004;1400;10;;;
231004;1500;9;;;
231004;1600;7;;;
231004;1700;7;;;
231004;1800;7;;;
231004;1900;8;;;
231004;2000;8;;;
231004;2100;10;;;
231004;2200;10;;;
231004;2300;7;;;
231005;0000;10;;;
231005;0100;12;;;
231005;0200;9;;;
231005;0300;17;;;
231005;0400;10;;;
231005;0500;21;;;
231005;0600;15;;;
231005;0700;26;;;
231005;0800;26;;;
231005;0900;18;;;
231005;1000;14;;;
231005;1100;16;;;
231005;1200;18;;;
231005;1300;10;;;
231005;1400;11;;;
231005;1500;10;;;
231005;1600;12;;;
231005;1700;10;;;
231005;1800;6;;;
231005;1900;5;;;
231005;2000;6;;;
231005;2100;7;;;
231005;2200;11;;;
231005;2300;9;;;
231006;0000;5;;;
231006;0100;4;;;
231006;0200;2;;;
231006;0300;1;;;
231006;0400;1;;;
231006;0500;6;;;
231006;0600;8;;;
231006;0700;11;;;
231006;0800;29;;;
231006;0900;75;;;
231006;1000;56;;;
231006;1100;53;;;
231006;1200;23;;;
231006;1300;11;;;
231006;1400;9;;;
231006;1500;9;;;
231006;1600;9;;;
231006;1700;10;;;
231006;1800;10;;;
231006;1900;14;;;
231006;2000;11;;;
231006;2100;12;;;
231006;2200;35;;;
231006;2300;23;;;
231007;0000;34;;;
231007;0100;37;;;
231007;0200;25;;;
231007;0300;33;;;
231007;0400;70;;;
231007;0500;79;;;
231007;0600;36;;;
231007;0700;41;;;
231007;0800;60;;;
231007;0900;39;;;
231007;1000;25;;;
231007;1100;24;;;
231007;1200;18;;;
231007;1300;10;;;
231007;1400;11;;;
231007;1500;9;;;
231007;1600;8;;;
231007;1700;8;;;
231007;1800;9;;;
231007;1900;10;;;
231007;2000;10;;;
231007;2100;8;;;
231007;2200;7;;;
231007;2300;13;;;
231008;0000;13;;;
231008;0100;15;;;
231008;0200;19;;;
231008;0300;21;;;
231008;0400;28;;;
231008;0500;33;;;
231008;0600;30;;;
231008;0700;35;;;
231008;0800;33;;;
231008;0900;51;;;
231008;1000;20;;;
231008;1100;22;;;
231008;1200;16;;;
231008;1300;15;;;
231008;1400;10;;;
231008;1500;13;;;
231008;1600;9;;;
231008;1700;8;;;
231008;1800;12;;;
231008;1900;10;;;
231008;2000;8;;;
231008;2100;17;;;
231008;2200;19;;;
231008;2300;16;;;
231009;0000;16;;;
231009;0100;24;;;
231009;0200;22;;;
231009;0300;33;;;
231009;0400;30;;;
231009;0500;34;;;
231009;0600;42;;;
231009;0700;57;;;
231009;0800;34;;;
231009;0900;32;;;
231009;1000;18;;;
231009;1100;17;;;
231009;1200;17;;;
231009;1300;12;;;
231009;1400;11;;;
231009;1500;8;;;
231009;1600;12;;;
231009;1700;9;;;
231009;1800;9;;;
231009;1900;11;;;
231009;2000;12;;;
231009;2100;9;;;
231009;2200;13;;;
231009;2300;14;;;
231010;0000;13;;;
231010;0100;15;;;
231010;0200;12;;;
231010;0300;10;;;
231010;0400;7;;;
231010;0500;16;;;
231010;0600;15;;;
231010;0700;19;;;
231010;0800;16;;;
231010;0900;22;;;
231010;1000;21;;;
231010;1100;12;;;
231010;1200;17;;;
231010;1300;13;;;
231010;1400;15;;;
231010;1500;10;;;
231010;1600;13;;;
231010;1700;10;;;
231010;1800;10;;;
231010;1900;10;;;
231010;2000;11;;;
231010;2100;8;;;
231010;2200;9;;;
231010;2300;9;;;
231011;0000;10;;;
231011;0100;10;;;
231011;0200;8;;;
231011;0300;15;;;
231011;0400;16;;;
231011;0500;10;;;
231011;0600;16;;;
231011;0700;17;;;
231011;0800;21;;;
231011;0900;26;;;
231011;1000;20;;;
231011;1100;32;;;
231011;1200;31;;;
231011;1300;20;;;
231011;1400;19;;;
231011;1500;18;;;
231011;1600;12;;;
231011;1700;9;;;
231011;1800;11;;;
231011;1900;12;;;
231011;2000;10;;;
231011;2100;17;;;
231011;2200;12;;;
231011;2300;11;;;
231012;0000;14;;;
231012;0100;26;;;
231012;0200;10;;;
231012;0300;16;;;
231012;0400;16;;;
231012;0500;21;;;
231012;0600;33;;;
231012;0700;55;;;
231012;0800;32;;;
231012;0900;20;;;
231012;1000;19;;;
231012;1100;30;;;
231012;1200;16;;;
231012;1300;17;;;
231012;1400;10;;;
231012;1500;9;;;
231012;1600;13;;;
231012;1700;8;;;
231012;1800;9;;;
231012;1900;8;;;
231012;2000;17;;;
231012;2100;17;;;
231012;2200;18;;;
231012;2300;21;;;
231013;0000;19;;;
231013;0100;29;;;
231013;0200;32;;;
231013;0300;37;;;
231013;0400;28;;;
231013;0500;25;;;
231013;0600;34;;;
231013;0700;35;;;
231013;0800;38;;;
231013;0900;33;;;
231013;1000;28;;;
231013;1100;20;;;
231013;1200;21;;;
231013;1300;22;;;
231013;1400;12;;;
231013;1500;13;;;
231013;1600;12;;;
231013;1700;16;;;
231013;1800;9;;;
231013;1900;10;;;
231013;2000;13;;;
231013;2100;12;;;
231013;2200;14;;;
231013;2300;22;;;
231014;0000;18;;;
231014;0100;20;;;
231014;0200;16;;;
231014;0300;15;;;
231014;0400;35;;;
231014;0500;39;;;
231014;0600;37;;;
231014;0700;46;;;
231014;0800;23;;;
231014;0900;28;;;
231014;1000;20;;;
231014;1100;22;;;
231014;1200;15;;;
231014;1300;8;;;
231014;1400;12;;;
231014;1500;10;;;
231014;1600;7;;;
231014;1700;8;;;
231014;1800;6;;;
231014;1900;7;;;
231014;2000;7;;;
231014;2100;7;;;
231014;2200;9;;;
231014;2300;13;;;
231015;0000;19;;;
231015;0100;19;;;
231015;0200;17;;;
231015;0300;21;;;
231015;0400;31;;;
231015;0500;30;;;
231015;0600;40;;;
231015;0700;40;;;
231015;0800;46;;;
231015;0900;38;;;
231015;1000;21;;;
231015;1100;20;;;
231015;1200;15;;;
231015;1300;9;;;
231015;1400;10;;;
231015;1500;7;;;
231015;1600;4;;;
231015;1700;10;;;
231015;1800;8;;;
231015;1900;10;;;
231015;2000;8;;;
231015;2100;6;;;
231015;2200;9;;;
231015;2300;8;;;
231016;0000;8;;;
231016;0100;8;;;
231016;0200;13;;;
231016;0300;9;;;
231016;0400;10;;;
231016;0500;12;;;
231016;0600;20;;;
231016;0700;14;;;
231016;0800;14;;;
231016;0900;18;;;
231016;1000;13;;;
231016;1100;12;;;
231016;1200;14;;;
231016;1300;11;;;
231016;1400;9;;;
231016;1500;6;;;
231016;1600;7;;;
231016;1700;6;;;
231016;1800;5;;;
231016;1900;9;;;
231016;2000;9;;;
231016;2100;8;;;
231016;2200;8;;;
231016;2300;13;;;
231017;0000;20;;;
231017;0100;49;;;
231017;0200;21;;;
231017;0300;35;;;
231017;0400;27;;;
231017;0500;32;;;
231017;0600;37;;;
231017;0700;38;;;
231017;0800;30;;;
231017;0900;23;;;
231017;1000;21;;;
231017;1100;24;;;
231017;1200;20;;;
231017;1300;12;;;
231017;1400;11;;;
231017;1500;12;;;
231017;1600;16;;;
231017;1700;14;;;
231017;1800;16;;;
231017;1900;13;;;
231017;2000;11;;;
231017;2100;9;;;
231017;2200;13;;;
231017;2300;12;;;
231018;0000;11;;;
231018;0100;10;;;
231018;0200;10;;;
231018;0300;11;;;
231018;0400;13;;;
231018;0500;10;;;
231018;0600;13;;;
231018;0700;18;;;
231018;0800;16;;;
231018;0900;15;;;
231018;1000;11;;;
231018;1100;13;;;
231018;1200;17;;;
231018;1300;15;;;
231018;1400;12;;;
231018;1500;12;;;
231018;1600;9;;;
231018;1700;12;;;
231018;1800;9;;;
231018;1900;9;;;
231018;2000;7;;;
231018;2100;12;;;
231018;2200;9;;;
231018;2300;11;;;
231019;0000;13;;;
231019;0100;12;;;
231019;0200;41;;;
231019;0300;24;;;
231019;0400;32;;;
231019;0500;29;;;
231019;0600;41;;;
231019;0700;34;;;
231019;0800;36;;;
231019;0900;37;;;
231019;1000;28;;;
231019;1100;26;;;
231019;1200;19;;;
231019;1300;10;;;
231019;1400;16;;;
231019;1500;15;;;
231019;1600;17;;;
231019;1700;9;;;
231019;1800;13;;;
231019;1900;15;;;
231019;2000;13;;;
231019;2100;11;;;
231019;2200;11;;;
231019;2300;13;;;
231020;0000;15;;;
231020;0100;18;;;
231020;0200;12;;;
231020;0300;14;;;
231020;0400;18;;;
231020;0500;25;;;
231020;0600;22;;;
231020;0700;37;;;
231020;0800;40;;;
231020;0900;27;;;
231020;1000;33;;;
231020;1100;29;;;
231020;1200;33;;;
231020;1300;21;;;
231020;1400;23;;;
231020;1500;23;;;
231020;1600;21;;;
231020;1700;16;;;
231020;1800;16;;;
231020;1900;19;;;
231020;2000;23;;;
231020;2100;19;;;
231020;2200;14;;;
231020;2300;14;;;
231021;0000;19;;;
231021;0100;19;;;
231021;0200;15;;;
231021;0300;18;;;
231021;0400;20;;;
231021;0500;24;;;
231021;0600;27;;;
231021;0700;23;;;
231021;0800;26;;;
231021;0900;28;;;
231021;1000;33;;;
231021;1100;38;;;
231021;1200;28;;;
231021;1300;24;;;
231021;1400;22;;;
231021;1500;26;;;
231021;1600;28;;;
231021;1700;20;;;
231021;1800;24;;;
231021;1900;19;;;
231021;2000;22;;;
231021;2100;19;;;
231021;2200;15;;;
231021;2300;18;;;
231022;0000;16;;;
231022;0100;17;;;
231022;0200;21;;;
231022;0300;25;;;
231022;0400;22;;;
231022;0500;18;;;
231022;0600;19;;;
231022;0700;14;;;
231022;0800;23;;;
231022;0900;27;;;
231022;1000;33;;;
231022;1100;28;;;
231022;1200;35;;;
231022;1300;26;;;
231022;1400;30;;;
231022;1500;21;;;
231022;1600;20;;;
231022;1700;20;;;
231022;1800;20;;;
231022;1900;18;;;
231022;2000;17;;;
231022;2100;20;;;
231022;2200;19;;;
231022;2300;25;;;
231023;0000;20;;;
231023;0100;23;;;
231023;0200;14;;;
231023;0300;17;;;
231023;0400;14;;;
231023;0500;10;;;
231023;0600;12;;;
231023;0700;9;;;
231023;0800;10;;;
231023;0900;16;;;
231023;1000;16;;;
231023;1100;18;;;
231023;1200;14;;;
231023;1300;19;;;
231023;1400;21;;;
231023;1500;15;;;
231023;1600;11;;;
231023;1700;12;;;
231023;1800;11;;;
231023;1900;14;;;
231023;2000;12;;;
231023;2100;13;;;
231023;2200;9;;;
231023;2300;13;;;
231024;0000;13;;;
231024;0100;13;;;
231024;0200;14;;;
231024;0300;12;;;
231024;0400;13;;;
231024;0500;12;;;
231024;0600;13;;;
231024;0700;20;;;
231024;0800;28;;;
231024;0900;27;;;
231024;1000;25;;;
231024;1100;35;;;
231024;1200;28;;;
231024;1300;25;;;
231024;1400;14;;;
231024;1500;11;;;
231024;1600;9;;;
231024;1700;17;;;
231024;1800;11;;;
231024;1900;12;;;
231024;2000;13;;;
231024;2100;12;;;
231024;2200;16;;;
231024;2300;14;;;
231025;0000;18;;;
231025;0100;19;;;
231025;0200;17;;;
231025;0300;17;;;
231025;0400;21;;;
231025;0500;27;;;
231025;0600;32;;;
231025;0700;41;;;
231025;0800;22;;;
231025;0900;28;;;
231025;1000;33;;;
231025;1100;22;;;
231025;1200;19;;;
231025;1300;18;;;
231025;1400;13;;;
231025;1500;14;;;
231025;1600;13;;;
231025;1700;15;;;
231025;1800;14;;;
231025;1900;15;;;
231025;2000;13;;;
231025;2100;15;;;
231025;2200;12;;;
231025;2300;9;;;
231026;0000;12;;;
231026;0100;9;;;
231026;0200;15;;;
231026;0300;10;;;
231026;0400;15;;;
231026;0500;12;;;
231026;0600;17;;;
231026;0700;14;;;
231026;0800;25;;;
231026;0900;23;;;
231026;1000;19;;;
231026;1100;20;;;
231026;1200;19;;;
231026;1300;11;;;
231026;1400;15;;;
231026;1500;11;;;
231026;1600;10;;;
231026;1700;15;;;
231026;1800;14;;;
231026;1900;11;;;
231026;2000;13;;;
231026;2100;11;;;
231026;2200;7;;;
231026;2300;8;;;
231027;0000;11;;;
231027;0100;8;;;
231027;0200;9;;;
231027;0300;10;;;
231027;0400;7;;;
231027;0500;4;;;
231027;0600;12;;;
231027;0700;11;;;
231027;0800;15;;;
231027;0900;13;;;
231027;1000;12;;;
231027;1100;11;;;
231027;1200;7;;;
231027;1300;11;;;
231027;1400;8;;;
231027;1500;11;;;
231027;1600;11;;;
231027;1700;13;;;
231027;1800;9;;;
231027;1900;11;;;
231027;2000;16;;;
231027;2100;17;;;
231027;2200;15;;;
231027;2300;16;;;
231028;0000;31;;;
231028;0100;26;;;
231028;0200;21;;;
231028;0300;16;;;
231028;0400;25;;;
231028;0500;27;;;
231028;0600;21;;;
231028;0700;24;;;
231028;0800;27;;;
231028;0900;28;;;
231028;1000;14;;;
231028;1100;16;;;
231028;1200;16;;;
231028;1300;10;;;
231028;1400;7;;;
231028;1500;12;;;
231028;1600;8;;;
231028;1700;7;;;
231028;1800;9;;;
231028;1900;10;;;
231028;2000;12;;;
231028;2100;16;;;
231028;2200;10;;;
231028;2300;9;;;
231029;0000;12;;;
231029;0100;10;;;
231029;0200;7;;;
231029;0300;10;;;
231029;0400;7;;;
231029;0500;8;;;
231029;0600;8;;;
231029;0700;5;;;
231029;0800;8;;;
231029;0900;7;;;
231029;1000;4;;;
231029;1100;6;;;
231029;1200;5;;;
231029;1300;2;;;
231029;1400;2;;;
231029;1500;4;;;
231029;1600;6;;;
231029;1700;6;;;
231029;1800;4;;;
231029;1900;6;;;
231029;2000;7;;;
231029;2100;5;;;
231029;2200;5;;;
231029;2300;6;;;
231030;0000;4;;;
231030;0100;3;;;
231030;0200;2;;;
231030;0300;6;;;
231030;0400;6;;;
231030;0500;7;;;
231030;0600;9;;;
231030;0700;11;;;
231030;0800;15;;;
231030;0900;16;;;
231030;1000;20;;;
231030;1100;19;;;
231030;1200;18;;;
231030;1300;11;;;
231030;1400;19;;;
231030;1500;14;;;
231030;1600;12;;;
231030;1700;10;;;
231030;1800;7;;;
231030;1900;6;;;
231030;2000;9;;;
231030;2100;9;;;
231030;2200;7;;;
231030;2300;11;;;
231031;0000;11;;;
231031;0100;11;;;
231031;0200;9;;;
231031;0300;17;;;
231031;0400;16;;;
231031;0500;15;;;
231031;0600;11;;;
231031;0700;16;;;
231031;0800;13;;;
231031;0900;15;;;
231031;1000;20;;;
231031;1100;21;;;
231031;1200;21;;;
231031;1300;16;;;
231031;1400;9;;;
231031;1500;12;;;
231031;1600;10;;;
231031;1700;10;;;
231031;1800;11;;;
231031;1900;6;;;
231031;2000;8;;;
231031;2100;10;;;
231031;2200;9;;;
231031;2300;8;;;
231101;0000;6;;;
231101;0100;6;;;
231101;0200;10;;;
231101;0300;19;;;
231101;0400;9;;;
231101;0500;11;;;
231101;0600;8;;;
231101;0700;13;;;
231101;0800;8;;;
231101;0900;9;;;
231101;1000;9;;;
231101;1100;7;;;
231101;1200;8;;;
231101;1300;8;;;
231101;1400;11;;;
231101;1500;12;;;
231101;1600;14;;;
231101;1700;14;;;
231101;1800;15;;;
231101;1900;13;;;
231101;2000;15;;;
231101;2100;14;;;
231101;2200;21;;;
231101;2300;23;;;
231102;0000;27;;;
231102;0100;23;;;
231102;0200;25;;;
231102;0300;29;;;
231102;0400;26;;;
231102;0500;29;;;
231102;0600;30;;;
231102;0700;28;;;
231102;0800;12;;;
231102;0900;16;;;
231102;1000;21;;;
231102;1100;10;;;
231102;1200;11;;;
231102;1300;7;;;
231102;1400;6;;;
231102;1500;4;;;
231102;1600;;;;
231102;1700;;;;
231102;1800;3;;;
231102;1900;7;;;
231102;2000;10;;;
231102;2100;8;;;
231102;2200;9;;;
231102;2300;14;;;
231103;0000;21;;;
231103;0100;22;;;
231103;0200;18;;;
231103;0300;15;;;
231103;0400;15;;;
231103;0500;25;;;
231103;0600;27;;;
231103;0700;30;;;
231103;0800;21;;;
231103;0900;6;;;
231103;1000;;;;
231103;1100;14;;;
231103;1200;20;;;
231103;1300;9;;;
231103;1400;7;;;
231103;1500;4;;;
231103;1600;8;;;
231103;1700;7;;;
231103;1800;3;;;
231103;1900;15;;;
231103;2000;17;;;
231103;2100;21;;;
231103;2200;24;;;
231103;2300;30;;;
231104;0000;26;;;
231104;0100;25;;;
231104;0200;36;;;
231104;0300;34;;;
231104;0400;31;;;
231104;0500;28;;;
231104;0600;26;;;
231104;0700;25;;;
231104;0800;27;;;
231104;0900;16;;;
231104;1000;21;;;
231104;1100;11;;;
231104;1200;13;;;
231104;1300;16;;;
231104;1400;17;;;
231104;1500;15;;;
231104;1600;10;;;
231104;1700;15;;;
231104;1800;14;;;
231104;1900;12;;;
231104;2000;11;;;
231104;2100;10;;;
231104;2200;10;;;
231104;2300;13;;;
231105;0000;9;;;
231105;0100;12;;;
231105;0200;11;;;
231105;0300;17;;;
231105;0400;14;;;
231105;0500;17;;;
231105;0600;13;;;
231105;0700;16;;;
231105;0800;9;;;
231105;0900;19;;;
231105;1000;23;;;
231105;1100;21;;;
231105;1200;25;;;
231105;1300;22;;;
231105;1400;18;;;
231105;1500;14;;;
231105;1600;14;;;
231105;1700;13;;;
231105;1800;11;;;
231105;1900;11;;;
231105;2000;16;;;
231105;2100;10;;;
231105;2200;12;;;
231105;2300;11;;;
231106;0000;14;;;
231106;0100;12;;;
231106;0200;11;;;
231106;0300;9;;;
231106;0400;10;;;
231106;0500;11;;;
231106;0600;11;;;
231106;0700;15;;;
231106;0800;13;;;
231106;0900;19;;;
231106;1000;;;;
231106;1100;;;;
231106;1200;;;;
231106;1300;;;;
231106;1400;19;;;
231106;1500;19;;;
231106;1600;16;;;
231106;1700;22;;;
231106;1800;19;;;
231106;1900;8;;;
231106;2000;11;;;
231106;2100;11;;;
231106;2200;11;;;
231106;2300;9;;;
231107;0000;8;;;
231107;0100;6;;;
231107;0200;7;;;
231107;0300;10;;;
231107;0400;9;;;
231107;0500;7;;;
231107;0600;8;;;
231107;0700;11;;;
231107;0800;16;;;
231107;0900;20;;;
231107;1000;18;;;
231107;1100;15;;;
231107;1200;36;;;
231107;1300;10;;;
231107;1400;;;;
231107;1500;10;;;
231107;1600;9;;;
231107;1700;7;;;
231107;1800;10;;;
231107;1900;19;;;
231107;2000;;;;
231107;2100;7;;;
231107;2200;7;;;
231107;2300;7;;;
231108;0000;8;;;
231108;0100;8;;;
231108;0200;8;;;
231108;0300;9;;;
231108;0400;11;;;
231108;0500;14;;;
231108;0600;32;;;
231108;0700;22;;;
231108;0800;18;;;
231108;0900;14;;;
231108;1000;14;;;
231108;1100;16;;;
231108;1200;17;;;
231108;1300;8;;;
231108;1400;7;;;
231108;1500;5;;;
231108;1600;;;;
231108;1700;6;;;
231108;1800;8;;;
231108;1900;9;;;
231108;2000;8;;;
231108;2100;13;;;
231108;2200;14;;;
231108;2300;12;;;
231109;0000;8;;;
231109;0100;13;;;
231109;0200;11;;;
231109;0300;10;;;
231109;0400;11;;;
231109;0500;23;;;
231109;0600;33;;;
231109;0700;24;;;
231109;0800;16;;;
231109;0900;18;;;
231109;1000;13;;;
231109;1100;;;;
231109;1200;22;;;
231109;1300;16;;;
231109;1400;15;;;
231109;1500;10;;;
231109;1600;16;;;
231109;1700;10;;;
231109;1800;15;;;
231109;1900;12;;;
231109;2000;11;;;
231109;2100;12;;;
231109;2200;11;;;
231109;2300;12;;;
231110;0000;12;;;
231110;0100;9;;;
231110;0200;15;;;
231110;0300;16;;;
231110;0400;11;;;
231110;0500;18;;;
231110;0600;13;;;
231110;0700;18;;;
231110;0800;13;;;
231110;0900;11;;;
231110;1000;8;;;
231110;1100;6;;;
231110;1200;3;;;
231110;1300;2;;;
231110;1400;5;;;
231110;1500;9;;;
231110;1600;6;;;
231110;1700;7;;;
231110;1800;5;;;
231110;1900;3;;;
231110;2000;6;;;
231110;2100;7;;;
231110;2200;13;;;
231110;2300;11;;;
231111;0000;10;;;
231111;0100;7;;;
231111;0200;8;;;
231111;0300;12;;;
231111;0400;18;;;
231111;0500;14;;;
231111;0600;20;;;
231111;0700;7;;;
231111;0800;10;;;
231111;0900;12;;;
231111;1000;13;;;
231111;1100;11;;;
231111;1200;7;;;
231111;1300;6;;;
231111;1400;7;;;
231111;1500;6;;;
231111;1600;4;;;
231111;1700;10;;;
231111;1800;7;;;
231111;1900;9;;;
231111;2000;11;;;
231111;2100;10;;;
231111;2200;7;;;
231111;2300;3;;;
231112;0000;1;;;
231112;0100;8;;;
231112;0200;8;;;
231112;0300;5;;;
231112;0400;17;;;
231112;0500;9;;;
231112;0600;14;;;
231112;0700;11;;;
231112;0800;14;;;
231112;0900;15;;;
231112;1000;12;;;
231112;1100;9;;;
231112;1200;10;;;
231112;1300;10;;;
231112;1400;10;;;
231112;1500;8;;;
231112;1600;6;;;
231112;1700;5;;;
231112;1800;5;;;
231112;1900;10;;;
231112;2000;11;;;
231112;2100;8;;;
231112;2200;10;;;
231112;2300;10;;;
231113;0000;8;;;
231113;0100;6;;;
231113;0200;6;;;
231113;0300;10;;;
231113;0400;8;;;
231113;0500;5;;;
231113;0600;17;;;
231113;0700;11;;;
231113;0800;15;;;
231113;0900;16;;;
231113;1000;17;;;
231113;1100;12;;;
231113;1200;12;;;
231113;1300;12;;;
231113;1400;8;;;
231113;1500;5;;;
231113;1600;3;;;
231113;1700;3;;;
231113;1800;7;;;
231113;1900;7;;;
231113;2000;6;;;
231113;2100;7;;;
231113;2200;11;;;
231113;2300;10;;;
231114;0000;12;;;
231114;0100;12;;;
231114;0200;9;;;
231114;0300;7;;;
231114;0400;9;;;
231114;0500;19;;;
231114;0600;25;;;
231114;0700;24;;;
231114;0800;20;;;
231114;0900;23;;;
231114;1000;24;;;
231114;1100;20;;;
231114;1200;9;;;
231114;1300;16;;;
231114;1400;9;;;
231114;1500;5;;;
231114;1600;3;;;
231114;1700;7;;;
231114;1800;9;;;
231114;1900;9;;;
231114;2000;11;;;
231114;2100;9;;;
231114;2200;11;;;
231114;2300;11;;;
231115;0000;8;;;
231115;0100;14;;;
231115;0200;13;;;
231115;0300;18;;;
231115;0400;13;;;
231115;0500;14;;;
231115;0600;12;;;
231115;0700;9;;;
231115;0800;9;;;
231115;0900;10;;;
231115;1000;14;;;
231115;1100;12;;;
231115;1200;12;;;
231115;1300;8;;;
231115;1400;8;;;
231115;1500;9;;;
231115;1600;9;;;
231115;1700;9;;;
231115;1800;8;;;
231115;1900;7;;;
231115;2000;4;;;
231115;2100;4;;;
231115;2200;10;;;
231115;2300;11;;;
231116;0000;9;;;
231116;0100;7;;;
231116;0200;9;;;
231116;0300;11;;;
231116;0400;13;;;
231116;0500;15;;;
231116;0600;24;;;
231116;0700;22;;;
231116;0800;22;;;
231116;0900;21;;;
231116;1000;22;;;
231116;1100;13;;;
231116;1200;14;;;
231116;1300;12;;;
231116;1400;10;;;
231116;1500;8;;;
231116;1600;9;;;
231116;1700;9;;;
231116;1800;6;;;
231116;1900;7;;;
231116;2000;6;;;
231116;2100;4;;;
231116;2200;9;;;
231116;2300;8;;;
231117;0000;4;;;
231117;0100;2;;;
231117;0200;3;;;
231117;0300;5;;;
231117;0400;5;;;
231117;0500;7;;;
231117;0600;5;;;
231117;0700;5;;;
231117;0800;6;;;
231117;0900;10;;;
231117;1000;9;;;
231117;1100;12;;;
231117;1200;14;;;
231117;1300;11;;;
231117;1400;7;;;
231117;1500;10;;;
231117;1600;11;;;
231117;1700;11;;;
231117;1800;8;;;
231117;1900;12;;;
231117;2000;19;;;
231117;2100;31;;;
231117;2200;33;;;
231117;2300;34;;;
231118;0000;44;;;
231118;0100;45;;;
231118;0200;39;;;
231118;0300;25;;;
231118;0400;20;;;
231118;0500;30;;;
231118;0600;22;;;
231118;0700;23;;;
231118;0800;19;;;
231118;0900;18;;;
231118;1000;16;;;
231118;1100;21;;;
231118;1200;19;;;
231118;1300;12;;;
231118;1400;9;;;
231118;1500;7;;;
231118;1600;13;;;
231118;1700;15;;;
231118;1800;10;;;
231118;1900;13;;;
231118;2000;26;;;
231118;2100;19;;;
231118;2200;18;;;
231118;2300;25;;;
231119;0000;30;;;
231119;0100;27;;;
231119;0200;29;;;
231119;0300;28;;;
231119;0400;32;;;
231119;0500;29;;;
231119;0600;41;;;
231119;0700;29;;;
231119;0800;29;;;
231119;0900;26;;;
231119;1000;22;;;
231119;1100;19;;;
231119;1200;18;;;
231119;1300;5;;;
231119;1400;5;;;
231119;1500;7;;;
231119;1600;11;;;
231119;1700;9;;;
231119;1800;6;;;
231119;1900;4;;;
231119;2000;5;;;
231119;2100;7;;;
231119;2200;7;;;
231119;2300;8;;;
231120;0000;6;;;
231120;0100;7;;;
231120;0200;9;;;
231120;0300;7;;;
231120;0400;8;;;
231120;0500;10;;;
231120;0600;16;;;
231120;0700;19;;;
231120;0800;10;;;
231120;0900;15;;;
231120;1000;13;;;
231120;1100;11;;;
231120;1200;12;;;
231120;1300;9;;;
231120;1400;22;;;
231120;1500;10;;;
231120;1600;7;;;
231120;1700;6;;;
231120;1800;8;;;
231120;1900;7;;;
231120;2000;5;;;
231120;2100;5;;;
231120;2200;5;;;
231120;2300;4;;;
231121;0000;2;;;
231121;0100;3;;;
231121;0200;7;;;
231121;0300;6;;;
231121;0400;5;;;
231121;0500;17;;;
231121;0600;20;;;
231121;0700;24;;;
231121;0800;21;;;
231121;0900;17;;;
231121;1000;10;;;
231121;1100;7;;;
231121;1200;6;;;
231121;1300;9;;;
231121;1400;8;;;
231121;1500;5;;;
231121;1600;4;;;
231121;1700;9;;;
231121;1800;6;;;
231121;1900;8;;;
231121;2000;8;;;
231121;2100;8;;;
231121;2200;6;;;
231121;2300;6;;;
231122;0000;6;;;
231122;0100;8;;;
231122;0200;6;;;
231122;0300;6;;;
231122;0400;10;;;
231122;0500;11;;;
231122;0600;8;;;
231122;0700;18;;;
231122;0800;10;;;
231122;0900;15;;;
231122;1000;15;;;
231122;1100;19;;;
231122;1200;12;;;
231122;1300;10;;;
231122;1400;9;;;
231122;1500;8;;;
231122;1600;6;;;
231122;1700;7;;;
231122;1800;11;;;
231122;1900;12;;;
231122;2000;9;;;
231122;2100;14;;;
231122;2200;25;;;
231122;2300;9;;;
231123;0000;11;;;
231123;0100;10;;;
231123;0200;10;;;
231123;0300;9;;;
231123;0400;12;;;
231123;0500;16;;;
231123;0600;23;;;
231123;0700;19;;;
231123;0800;19;;;
231123;0900;12;;;
231123;1000;18;;;
231123;1100;28;;;
231123;1200;16;;;
231123;1300;11;;;
231123;1400;10;;;
231123;1500;10;;;
231123;1600;11;;;
231123;1700;8;;;
231123;1800;8;;;
231123;1900;7;;;
231123;2000;12;;;
231123;2100;8;;;
231123;2200;7;;;
231123;2300;12;;;
231124;0000;11;;;
231124;0100;9;;;
231124;0200;7;;;
231124;0300;11;;;
231124;0400;8;;;
231124;0500;8;;;
231124;0600;17;;;
231124;0700;23;;;
231124;0800;16;;;
231124;0900;11;;;
231124;1000;14;;;
231124;1100;14;;;
231124;1200;14;;;
231124;1300;18;;;
231124;1400;18;;;
231124;1500;14;;;
231124;1600;12;;;
231124;1700;12;;;
231124;1800;13;;;
231124;1900;16;;;
231124;2000;12;;;
231124;2100;8;;;
231124;2200;11;;;
231124;2300;21;;;
231125;0000;21;;;
231125;0100;24;;;
231125;0200;28;;;
231125;0300;35;;;
231125;0400;33;;;
231125;0500;26;;;
231125;0600;29;;;
231125;0700;32;;;
231125;0800;35;;;
231125;0900;30;;;
231125;1000;28;;;
231125;1100;22;;;
231125;1200;18;;;
231125;1300;12;;;
231125;1400;11;;;
231125;1500;12;;;
231125;1600;13;;;
231125;1700;11;;;
231125;1800;12;;;
231125;1900;13;;;
231125;2000;16;;;
231125;2100;10;;;
231125;2200;14;;;
231125;2300;11;;;
231126;0000;10;;;
231126;0100;15;;;
231126;0200;10;;;
231126;0300;18;;;
231126;0400;15;;;
231126;0500;14;;;
231126;0600;17;;;
231126;0700;18;;;
231126;0800;23;;;
231126;0900;19;;;
231126;1000;20;;;
231126;1100;20;;;
231126;1200;17;;;
231126;1300;17;;;
231126;1400;17;;;
231126;1500;14;;;
231126;1600;13;;;
231126;1700;10;;;
231126;1800;10;;;
231126;1900;9;;;
231126;2000;8;;;
231126;2100;8;;;
231126;2200;10;;;
231126;2300;7;;;
231127;0000;13;;;
231127;0100;13;;;
231127;0200;13;;;
231127;0300;10;;;
231127;0400;10;;;
231127;0500;8;;;
231127;0600;7;;;
231127;0700;12;;;
231127;0800;17;;;
231127;0900;25;;;
231127;1000;17;;;
231127;1100;13;;;
231127;1200;14;;;
231127;1300;9;;;
231127;1400;12;;;
231127;1500;11;;;
231127;1600;12;;;
231127;1700;10;;;
231127;1800;10;;;
231127;1900;11;;;
231127;2000;12;;;
231127;2100;11;;;
231127;2200;12;;;
231127;2300;9;;;
231128;0000;8;;;
231128;0100;11;;;
231128;0200;10;;;
231128;0300;9;;;
231128;0400;11;;;
231128;0500;16;;;
231128;0600;19;;;
231128;0700;25;;;
231128;0800;26;;;
231128;0900;17;;;
231128;1000;14;;;
231128;1100;14;;;
231128;1200;14;;;
231128;1300;14;;;
231128;1400;13;;;
231128;1500;13;;;
231128;1600;9;;;
231128;1700;8;;;
231128;1800;6;;;
231128;1900;9;;;
231128;2000;10;;;
231128;2100;5;;;
231128;2200;3;;;
231128;2300;5;;;
231129;0000;4;;;
231129;0100;7;;;
231129;0200;7;;;
231129;0300;5;;;
231129;0400;9;;;
231129;0500;14;;;
231129;0600;20;;;
231129;0700;9;;;
231129;0800;15;;;
231129;0900;21;;;
231129;1000;20;;;
231129;1100;17;;;
231129;1200;15;;;
231129;1300;12;;;
231129;1400;15;;;
231129;1500;12;;;
231129;1600;10;;;
231129;1700;9;;;
231129;1800;10;;;
231129;1900;15;;;
231129;2000;13;;;
231129;2100;11;;;
231129;2200;12;;;
231129;2300;9;;;
231130;0000;9;;;
231130;0100;16;;;
231130;0200;9;;;
231130;0300;20;;;
231130;0400;15;;;
231130;0500;22;;;
231130;0600;26;;;
231130;0700;32;;;
231130;0800;23;;;
231130;0900;21;;;
231130;1000;19;;;
231130;1100;20;;;
231130;1200;14;;;
231130;1300;12;;;
231130;1400;15;;;
231130;1500;13;;;
231130;1600;16;;;
231130;1700;11;;;
231130;1800;10;;;
231130;1900;9;;;
231130;2000;9;;;
231130;2100;12;;;
231130;2200;8;;;
231130;2300;6;;;
231201;0000;11;;;
231201;0100;13;;;
231201;0200;9;;;
231201;0300;12;;;
231201;0400;11;;;
231201;0500;8;;;
231201;0600;11;;;
231201;0700;17;;;
231201;0800;23;;;
231201;0900;18;;;
231201;1000;18;;;
231201;1100;21;;;
231201;1200;18;;;
231201;1300;11;;;
231201;1400;8;;;
231201;1500;8;;;
231201;1600;7;;;
231201;1700;6;;;
231201;1800;4;;;
231201;1900;4;;;
231201;2000;12;;;
231201;2100;8;;;
231201;2200;9;;;
231201;2300;8;;;
231202;0000;7;;;
231202;0100;6;;;
231202;0200;6;;;
231202;0300;6;;;
231202;0400;9;;;
231202;0500;11;;;
231202;0600;21;;;
231202;0700;15;;;
231202;0800;12;;;
231202;0900;12;;;
231202;1000;15;;;
231202;1100;15;;;
231202;1200;10;;;
231202;1300;9;;;
231202;1400;7;;;
231202;1500;6;;;
231202;1600;8;;;
231202;1700;6;;;
231202;1800;6;;;
231202;1900;5;;;
231202;2000;8;;;
231202;2100;11;;;
231202;2200;10;;;
231202;2300;9;;;
231203;0000;11;;;
231203;0100;11;;;
231203;0200;7;;;
231203;0300;7;;;
231203;0400;8;;;
231203;0500;12;;;
231203;0600;7;;;
231203;0700;10;;;
231203;0800;8;;;
231203;0900;9;;;
231203;1000;12;;;
231203;1100;12;;;
231203;1200;18;;;
231203;1300;26;;;
231203;1400;17;;;
231203;1500;;;;
231203;1600;;;;
231203;1700;;;;
231203;1800;;;;
231203;1900;;;;
231203;2000;;;;
231203;2100;;;;
231203;2200;;;;
231203;2300;;;;
231204;0000;;;;
231204;0100;;;;
231204;0200;;;;
231204;0300;;;;
231204;0400;;;;
231204;0500;;;;
231204;0600;;;;
231204;0700;;;;
231204;0800;;;;
231204;0900;;;;
231204;1000;;;;
231204;1100;;;;
231204;1200;8;;;
231204;1300;9;;;
231204;1400;8;;;
231204;1500;6;;;
231204;1600;7;;;
231204;1700;9;;;
231204;1800;6;;;
231204;1900;8;;;
231204;2000;11;;;
231204;2100;7;;;
231204;2200;4;;;
231204;2300;4;;;
231205;0000;4;;;
231205;0100;10;;;
231205;0200;9;;;
231205;0300;12;;;
231205;0400;13;;;
231205;0500;14;;;
231205;0600;12;;;
231205;0700;19;;;
231205;0800;13;;;
231205;0900;14;;;
231205;1000;18;;;
231205;1100;11;;;
231205;1200;12;;;
231205;1300;13;;;
231205;1400;11;;;
231205;1500;10;;;
231205;1600;12;;;
231205;1700;12;;;
231205;1800;10;;;
231205;1900;14;;;
231205;2000;11;;;
231205;2100;11;;;
231205;2200;9;;;
231205;2300;13;;;
231206;0000;8;;;
231206;0100;7;;;
231206;0200;12;;;
231206;0300;14;;;
231206;0400;14;;;
231206;0500;12;;;
231206;0600;20;;;
231206;0700;17;;;
231206;0800;24;;;
231206;0900;25;;;
231206;1000;23;;;
231206;1100;20;;;
231206;1200;15;;;
231206;1300;11;;;
231206;1400;9;;;
231206;1500;8;;;
231206;1600;10;;;
231206;1700;12;;;
231206;1800;11;;;
231206;1900;15;;;
231206;2000;13;;;
231206;2100;19;;;
231206;2200;25;;;
231206;2300;21;;;
231207;0000;26;;;
231207;0100;22;;;
231207;0200;20;;;
231207;0300;20;;;
231207;0400;21;;;
231207;0500;33;;;
231207;0600;31;;;
231207;0700;31;;;
231207;0800;32;;;
231207;0900;34;;;
231207;1000;24;;;
231207;1100;27;;;
231207;1200;13;;;
231207;1300;11;;;
231207;1400;10;;;
231207;1500;10;;;
231207;1600;21;;;
231207;1700;63;;;
231207;1800;74;;;
231207;1900;97;;;
231207;2000;73;;;
231207;2100;114;;;
231207;2200;96;;;
231207;2300;80;;;
231208;0000;67;;;
231208;0100;66;;;
231208;0200;26;;;
231208;0300;15;;;
231208;0400;14;;;
231208;0500;14;;;
231208;0600;14;;;
231208;0700;21;;;
231208;0800;21;;;
231208;0900;20;;;
231208;1000;22;;;
231208;1100;16;;;
231208;1200;16;;;
231208;1300;51;;;
231208;1400;92;;;
231208;1500;30;;;
231208;1600;53;;;
231208;1700;89;;;
231208;1800;109;;;
231208;1900;45;;;
231208;2000;24;;;
231208;2100;17;;;
231208;2200;17;;;
231208;2300;13;;;
231209;0000;10;;;
231209;0100;17;;;
231209;0200;12;;;
231209;0300;10;;;
231209;0400;13;;;
231209;0500;18;;;
231209;0600;18;;;
231209;0700;16;;;
231209;0800;19;;;
231209;0900;20;;;
231209;1000;23;;;
231209;1100;21;;;
231209;1200;14;;;
231209;1300;13;;;
231209;1400;10;;;
231209;1500;6;;;
231209;1600;4;;;
231209;1700;9;;;
231209;1800;10;;;
231209;1900;9;;;
231209;2000;10;;;
231209;2100;7;;;
231209;2200;8;;;
231209;2300;11;;;
231210;0000;7;;;
231210;0100;8;;;
231210;0200;10;;;
231210;0300;17;;;
231210;0400;15;;;
231210;0500;21;;;
231210;0600;19;;;
231210;0700;16;;;
231210;0800;16;;;
231210;0900;11;;;
231210;1000;13;;;
231210;1100;11;;;
231210;1200;13;;;
231210;1300;22;;;
231210;1400;44;;;
231210;1500;96;;;
231210;1600;76;;;
231210;1700;44;;;
231210;1800;36;;;
231210;1900;32;;;
231210;2000;21;;;
231210;2100;18;;;
231210;2200;12;;;
231210;2300;20;;;
231211;0000;11;;;
231211;0100;15;;;
231211;0200;19;;;
231211;0300;13;;;
231211;0400;14;;;
231211;0500;16;;;
231211;0600;18;;;
231211;0700;21;;;
231211;0800;34;;;
231211;0900;31;;;
231211;1000;36;;;
231211;1100;37;;;
231211;1200;28;;;
231211;1300;26;;;
231211;1400;19;;;
231211;1500;17;;;
231211;1600;15;;;
231211;1700;16;;;
231211;1800;14;;;
231211;1900;12;;;
231211;2000;14;;;
231211;2100;11;;;
231211;2200;8;;;
231211;2300;8;;;
231212;0000;11;;;
231212;0100;10;;;
231212;0200;11;;;
231212;0300;12;;;
231212;0400;11;;;
231212;0500;19;;;
231212;0600;26;;;
231212;0700;22;;;
231212;0800;23;;;
231212;0900;21;;;
231212;1000;20;;;
231212;1100;18;;;
231212;1200;21;;;
231212;1300;13;;;
231212;1400;11;;;
231212;1500;13;;;
231212;1600;9;;;
231212;1700;6;;;
231212;1800;10;;;
231212;1900;9;;;
231212;2000;11;;;
231212;2100;12;;;
231212;2200;7;;;
231212;2300;8;;;
231213;0000;10;;;
231213;0100;9;;;
231213;0200;12;;;
231213;0300;13;;;
231213;0400;12;;;
231213;0500;13;;;
231213;0600;30;;;
231213;0700;24;;;
231213;0800;11;;;
231213;0900;12;;;
231213;1000;20;;;
231213;1100;20;;;
231213;1200;15;;;
231213;1300;14;;;
231213;1400;11;;;
231213;1500;9;;;
231213;1600;11;;;
231213;1700;8;;;
231213;1800;12;;;
231213;1900;11;;;
231213;2000;8;;;
231213;2100;9;;;
231213;2200;9;;;
231213;2300;9;;;
231214;0000;8;;;
231214;0100;10;;;
231214;0200;16;;;
231214;0300;14;;;
231214;0400;11;;;
231214;0500;17;;;
231214;0600;13;;;
231214;0700;16;;;
231214;0800;18;;;
231214;0900;10;;;
231214;1000;12;;;
231214;1100;12;;;
231214;1200;18;;;
231214;1300;21;;;
231214;1400;14;;;
231214;1500;14;;;
231214;1600;14;;;
231214;1700;12;;;
231214;1800;9;;;
231214;1900;12;;;
231214;2000;11;;;
231214;2100;14;;;
231214;2200;11;;;
231214;2300;11;;;
231215;0000;13;;;
231215;0100;13;;;
231215;0200;12;;;
231215;0300;14;;;
231215;0400;16;;;
231215;0500;19;;;
231215;0600;26;;;
231215;0700;16;;;
231215;0800;15;;;
231215;0900;24;;;
231215;1000;17;;;
231215;1100;13;;;
231215;1200;15;;;
231215;1300;13;;;
231215;1400;13;;;
231215;1500;13;;;
231215;1600;11;;;
231215;1700;12;;;
231215;1800;14;;;
231215;1900;10;;;
231215;2000;11;;;
231215;2100;19;;;
231215;2200;21;;;
231215;2300;14;;;
231216;0000;11;;;
231216;0100;10;;;
231216;0200;6;;;
231216;0300;4;;;
231216;0400;9;;;
231216;0500;7;;;
231216;0600;7;;;
231216;0700;6;;;
231216;0800;9;;;
231216;0900;12;;;
231216;1000;10;;;
231216;1100;12;;;
231216;1200;8;;;
231216;1300;8;;;
231216;1400;11;;;
231216;1500;7;;;
231216;1600;6;;;
231216;1700;3;;;
231216;1800;6;;;
231216;1900;8;;;
231216;2000;8;;;
231216;2100;9;;;
231216;2200;8;;;
231216;2300;8;;;
231217;0000;6;;;
231217;0100;3;;;
231217;0200;5;;;
231217;0300;7;;;
231217;0400;6;;;
231217;0500;5;;;
231217;0600;4;;;
231217;0700;9;;;
231217;0800;7;;;
231217;0900;6;;;
231217;1000;8;;;
231217;1100;8;;;
231217;1200;7;;;
231217;1300;7;;;
231217;1400;8;;;
231217;1500;8;;;
231217;1600;8;;;
231217;1700;5;;;
231217;1800;4;;;
231217;1900;4;;;
231217;2000;4;;;
231217;2100;3;;;
231217;2200;2;;;
231217;2300;6;;;
231218;0000;6;;;
231218;0100;6;;;
231218;0200;7;;;
231218;0300;9;;;
231218;0400;6;;;
231218;0500;11;;;
231218;0600;13;;;
231218;0700;10;;;
231218;0800;9;;;
231218;0900;7;;;
231218;1000;13;;;
231218;1100;11;;;
231218;1200;12;;;
231218;1300;14;;;
231218;1400;7;;;
231218;1500;5;;;
231218;1600;10;;;
231218;1700;8;;;
231218;1800;7;;;
231218;1900;11;;;
231218;2000;9;;;
231218;2100;5;;;
231218;2200;4;;;
231218;2300;8;;;
231219;0000;5;;;
231219;0100;5;;;
231219;0200;11;;;
231219;0300;14;;;
231219;0400;9;;;
231219;0500;13;;;
231219;0600;12;;;
231219;0700;10;;;
231219;0800;11;;;
231219;0900;11;;;
231219;1000;11;;;
231219;1100;14;;;
231219;1200;11;;;
231219;1300;14;;;
231219;1400;35;;;
231219;1500;139;;;
231219;1600;100;;;
231219;1700;188;;;
231219;1800;111;;;
231219;1900;80;;;
231219;2000;30;;;
231219;2100;29;;;
231219;2200;28;;;
231219;2300;21;;;
231220;0000;15;;;
231220;0100;10;;;
231220;0200;8;;;
231220;0300;8;;;
231220;0400;7;;;
231220;0500;9;;;
231220;0600;19;;;
231220;0700;26;;;
231220;0800;22;;;
231220;0900;47;;;
231220;1000;54;;;
231220;1100;47;;;
231220;1200;26;;;
231220;1300;16;;;
231220;1400;9;;;
231220;1500;11;;;
231220;1600;13;;;
231220;1700;55;;;
231220;1800;39;;;
231220;1900;61;;;
231220;2000;102;;;
231220;2100;54;;;
231220;2200;63;;;
231220;2300;55;;;
231221;0000;34;;;
231221;0100;19;;;
231221;0200;16;;;
231221;0300;12;;;
231221;0400;13;;;
231221;0500;18;;;
231221;0600;16;;;
231221;0700;23;;;
231221;0800;29;;;
231221;0900;22;;;
231221;1000;30;;;
231221;1100;22;;;
231221;1200;19;;;
231221;1300;18;;;
231221;1400;20;;;
231221;1500;21;;;
231221;1600;34;;;
231221;1700;30;;;
231221;1800;39;;;
231221;1900;27;;;
231221;2000;18;;;
231221;2100;15;;;
231221;2200;17;;;
231221;2300;19;;;
231222;0000;17;;;
231222;0100;16;;;
231222;0200;12;;;
231222;0300;12;;;
231222;0400;22;;;
231222;0500;22;;;
231222;0600;26;;;
231222;0700;23;;;
231222;0800;26;;;
231222;0900;20;;;
231222;1000;25;;;
231222;1100;23;;;
231222;1200;18;;;
231222;1300;17;;;
231222;1400;15;;;
231222;1500;14;;;
231222;1600;17;;;
231222;1700;14;;;
231222;1800;12;;;
231222;1900;13;;;
231222;2000;11;;;
231222;2100;17;;;
231222;2200;9;;;
231222;2300;13;;;
231223;0000;12;;;
231223;0100;17;;;
231223;0200;18;;;
231223;0300;13;;;
231223;0400;12;;;
231223;0500;14;;;
231223;0600;17;;;
231223;0700;23;;;
231223;0800;17;;;
231223;0900;15;;;
231223;1000;15;;;
231223;1100;13;;;
231223;1200;14;;;
231223;1300;14;;;
231223;1400;13;;;
231223;1500;13;;;
231223;1600;12;;;
231223;1700;13;;;
231223;1800;7;;;
231223;1900;9;;;
231223;2000;14;;;
231223;2100;9;;;
231223;2200;8;;;
231223;2300;8;;;
231224;0000;10;;;
231224;0100;7;;;
231224;0200;15;;;
231224;0300;14;;;
231224;0400;16;;;
231224;0500;8;;;
231224;0600;13;;;
231224;0700;16;;;
231224;0800;16;;;
231224;0900;13;;;
231224;1000;16;;;
231224;1100;13;;;
231224;1200;9;;;
231224;1300;16;;;
231224;1400;10;;;
231224;1500;16;;;
231224;1600;14;;;
231224;1700;10;;;
231224;1800;13;;;
231224;1900;13;;;
231224;2000;13;;;
231224;2100;17;;;
231224;2200;12;;;
231224;2300;14;;;
231225;0000;11;;;
231225;0100;15;;;
231225;0200;14;;;
231225;0300;12;;;
231225;0400;18;;;
231225;0500;23;;;
231225;0600;35;;;
231225;0700;30;;;
231225;0800;26;;;
231225;0900;21;;;
231225;1000;20;;;
231225;1100;17;;;
231225;1200;16;;;
231225;1300;15;;;
231225;1400;16;;;
231225;1500;11;;;
231225;1600;11;;;
231225;1700;8;;;
231225;1800;10;;;
231225;1900;8;;;
231225;2000;19;;;
231225;2100;8;;;
231225;2200;11;;;
231225;2300;8;;;
231226;0000;12;;;
231226;0100;14;;;
231226;0200;10;;;
231226;0300;8;;;
231226;0400;11;;;
231226;0500;13;;;
231226;0600;18;;;
231226;0700;31;;;
231226;0800;69;;;
231226;0900;56;;;
231226;1000;15;;;
231226;1100;17;;;
231226;1200;14;;;
231226;1300;20;;;
231226;1400;13;;;
231226;1500;12;;;
231226;1600;11;;;
231226;1700;10;;;
231226;1800;11;;;
231226;1900;8;;;
231226;2000;15;;;
231226;2100;10;;;
231226;2200;10;;;
231226;2300;8;;;
231227;0000;8;;;
231227;0100;9;;;
231227;0200;9;;;
231227;0300;8;;;
231227;0400;7;;;
231227;0500;7;;;
231227;0600;7;;;
231227;0700;10;;;
231227;0800;16;;;
231227;0900;16;;;
231227;1000;14;;;
231227;1100;24;;;
231227;1200;24;;;
231227;1300;18;;;
231227;1400;17;;;
231227;1500;13;;;
231227;1600;11;;;
231227;1700;14;;;
231227;1800;14;;;
231227;1900;13;;;
231227;2000;18;;;
231227;2100;11;;;
231227;2200;9;;;
231227;2300;8;;;
231228;0000;10;;;
231228;0100;8;;;
231228;0200;8;;;
231228;0300;9;;;
231228;0400;10;;;
231228;0500;9;;;
231228;0600;11;;;
231228;0700;19;;;
231228;0800;10;;;
231228;0900;11;;;
231228;1000;10;;;
231228;1100;8;;;
231228;1200;15;;;
231228;1300;12;;;
231228;1400;13;;;
231228;1500;15;;;
231228;1600;12;;;
231228;1700;13;;;
231228;1800;9;;;
231228;1900;11;;;
231228;2000;9;;;
231228;2100;12;;;
231228;2200;7;;;
231228;2300;16;;;
231229;0000;8;;;
231229;0100;13;;;
231229;0200;18;;;
231229;0300;11;;;
231229;0400;18;;;
231229;0500;13;;;
231229;0600;16;;;
231229;0700;21;;;
231229;0800;19;;;
231229;0900;25;;;
231229;1000;26;;;
231229;1100;18;;;
231229;1200;12;;;
231229;1300;9;;;
231229;1400;8;;;
231229;1500;7;;;
231229;1600;12;;;
231229;1700;11;;;
231229;1800;11;;;
231229;1900;12;;;
231229;2000;8;;;
231229;2100;8;;;
231229;2200;9;;;
231229;2300;8;;;
231230;0000;8;;;
231230;0100;10;;;
231230;0200;8;;;
231230;0300;17;;;
231230;0400;16;;;
231230;0500;17;;;
231230;0600;13;;;
231230;0700;18;;;
231230;0800;12;;;
231230;0900;9;;;
231230;1000;10;;;
231230;1100;12;;;
231230;1200;8;;;
231230;1300;11;;;
231230;1400;7;;;
231230;1500;5;;;
231230;1600;5;;;
231230;1700;9;;;
231230;1800;9;;;
231230;1900;7;;;
231230;2000;5;;;
231230;2100;10;;;
231230;2200;8;;;
231230;2300;3;;;
231231;0000;8;;;
231231;0100;7;;;
231231;0200;6;;;
231231;0300;6;;;
231231;0400;12;;;
231231;0500;9;;;
231231;0600;11;;;
231231;0700;9;;;
231231;0800;12;;;
231231;0900;13;;;
231231;1000;13;;;
231231;1100;17;;;
231231;1200;11;;;
231231;1300;9;;;
231231;1400;6;;;
231231;1500;7;;;
231231;1600;9;;;
231231;1700;6;;;
231231;1800;8;;;
231231;1900;10;;;
231231;2000;8;;;
231231;2100;8;;;
231231;2200;6;;;
231231;2300;7;;;
240101;0000;7;;;
240101;0100;7;;;
240101;0200;8;;;
240101;0300;6;;;
240101;0400;6;;;
240101;0500;10;;;
240101;0600;16;;;
240101;0700;9;;;
240101;0800;10;;;
240101;0900;11;;;
240101;1000;14;;;
240101;1100;16;;;
240101;1200;14;;;
240101;1300;11;;;
240101;1400;9;;;
240101;1500;13;;;
240101;1600;9;;;
240101;1700;6;;;
240101;1800;6;;;
240101;1900;5;;;
240101;2000;4;;;
240101;2100;8;;;
240101;2200;7;;;
240101;2300;4;;;
240102;0000;3;;;
240102;0100;7;;;
240102;0200;7;;;
240102;0300;8;;;
240102;0400;5;;;
240102;0500;10;;;
240102;0600;10;;;
240102;0700;19;;;
240102;0800;15;;;
240102;0900;16;;;
240102;1000;13;;;
240102;1100;14;;;
240102;1200;12;;;
240102;1300;13;;;
240102;1400;11;;;
240102;1500;13;;;
240102;1600;10;;;
240102;1700;7;;;
240102;1800;11;;;
240102;1900;11;;;
240102;2000;9;;;
240102;2100;12;;;
240102;2200;11;;;
240102;2300;11;;;
240103;0000;10;;;
240103;0100;20;;;
240103;0200;21;;;
240103;0300;15;;;
240103;0400;19;;;
240103;0500;17;;;
240103;0600;25;;;
240103;0700;24;;;
240103;0800;22;;;
240103;0900;24;;;
240103;1000;17;;;
240103;1100;14;;;
240103;1200;14;;;
240103;1300;15;;;
240103;1400;18;;;
240103;1500;9;;;
240103;1600;16;;;
240103;1700;13;;;
240103;1800;11;;;
240103;1900;14;;;
240103;2000;16;;;
240103;2100;14;;;
240103;2200;29;;;
240103;2300;19;;;
240104;0000;13;;;
240104;0100;19;;;
240104;0200;18;;;
240104;0300;20;;;
240104;0400;17;;;
240104;0500;22;;;
240104;0600;29;;;
240104;0700;23;;;
240104;0800;22;;;
240104;0900;20;;;
240104;1000;22;;;
240104;1100;19;;;
240104;1200;21;;;
240104;1300;17;;;
240104;1400;20;;;
240104;1500;15;;;
240104;1600;15;;;
240104;1700;11;;;
240104;1800;10;;;
240104;1900;11;;;
240104;2000;12;;;
240104;2100;10;;;
240104;2200;7;;;
240104;2300;8;;;
240105;0000;10;;;
240105;0100;7;;;
240105;0200;9;;;
240105;0300;8;;;
240105;0400;10;;;
240105;0500;12;;;
240105;0600;18;;;
240105;0700;17;;;
240105;0800;18;;;
240105;0900;13;;;
240105;1000;20;;;
240105;1100;13;;;
240105;1200;10;;;
240105;1300;13;;;
240105;1400;16;;;
240105;1500;15;;;
240105;1600;12;;;
240105;1700;7;;;
240105;1800;10;;;
240105;1900;8;;;
240105;2000;8;;;
240105;2100;9;;;
240105;2200;6;;;
240105;2300;4;;;
240106;0000;7;;;
240106;0100;10;;;
240106;0200;7;;;
240106;0300;8;;;
240106;0400;8;;;
240106;0500;12;;;
240106;0600;8;;;
240106;0700;11;;;
240106;0800;14;;;
240106;0900;14;;;
240106;1000;17;;;
240106;1100;16;;;
240106;1200;13;;;
240106;1300;14;;;
240106;1400;11;;;
240106;1500;9;;;
240106;1600;7;;;
240106;1700;10;;;
240106;1800;11;;;
240106;1900;12;;;
240106;2000;9;;;
240106;2100;8;;;
240106;2200;5;;;
240106;2300;5;;;
240107;0000;4;;;
240107;0100;4;;;
240107;0200;8;;;
240107;0300;7;;;
240107;0400;5;;;
240107;0500;6;;;
240107;0600;7;;;
240107;0700;11;;;
240107;0800;8;;;
240107;0900;4;;;
240107;1000;7;;;
240107;1100;11;;;
240107;1200;8;;;
240107;1300;7;;;
240107;1400;7;;;
240107;1500;4;;;
240107;1600;4;;;
240107;1700;7;;;
240107;1800;6;;;
240107;1900;4;;;
240107;2000;4;;;
240107;2100;4;;;
240107;2200;4;;;
240107;2300;7;;;
240108;0000;5;;;
240108;0100;7;;;
240108;0200;9;;;
240108;0300;4;;;
240108;0400;5;;;
240108;0500;9;;;
240108;0600;10;;;
240108;0700;8;;;
240108;0800;11;;;
240108;0900;18;;;
240108;1000;23;;;
240108;1100;11;;;
240108;1200;10;;;
240108;1300;10;;;
240108;1400;7;;;
240108;1500;7;;;
240108;1600;7;;;
240108;1700;8;;;
240108;1800;6;;;
240108;1900;5;;;
240108;2000;6;;;
240108;2100;3;;;
240108;2200;7;;;
240108;2300;6;;;
240109;0000;4;;;
240109;0100;9;;;
240109;0200;6;;;
240109;0300;4;;;
240109;0400;8;;;
240109;0500;12;;;
240109;0600;16;;;
240109;0700;16;;;
240109;0800;5;;;
240109;0900;5;;;
240109;1000;13;;;
240109;1100;10;;;
240109;1200;8;;;
240109;1300;11;;;
240109;1400;8;;;
240109;1500;17;;;
240109;1600;15;;;
240109;1700;10;;;
240109;1800;7;;;
240109;1900;8;;;
240109;2000;8;;;
240109;2100;7;;;
240109;2200;10;;;
240109;2300;9;;;
240110;0000;10;;;
240110;0100;9;;;
240110;0200;10;;;
240110;0300;11;;;
240110;0400;14;;;
240110;0500;12;;;
240110;0600;18;;;
240110;0700;23;;;
240110;0800;13;;;
240110;0900;12;;;
240110;1000;17;;;
240110;1100;16;;;
240110;1200;15;;;
240110;1300;16;;;
240110;1400;12;;;
240110;1500;14;;;
240110;1600;11;;;
240110;1700;13;;;
240110;1800;10;;;
240110;1900;16;;;
240110;2000;14;;;
240110;2100;10;;;
240110;2200;8;;;
240110;2300;9;;;
240111;0000;11;;;
240111;0100;14;;;
240111;0200;20;;;
240111;0300;13;;;
240111;0400;10;;;
240111;0500;10;;;
240111;0600;18;;;
240111;0700;33;;;
240111;0800;25;;;
240111;0900;13;;;
240111;1000;13;;;
240111;1100;16;;;
240111;1200;15;;;
240111;1300;14;;;
240111;1400;9;;;
240111;1500;8;;;
240111;1600;15;;;
240111;1700;12;;;
240111;1800;12;;;
240111;1900;9;;;
240111;2000;8;;;
240111;2100;7;;;
240111;2200;9;;;
240111;2300;9;;;
240112;0000;11;;;
240112;0100;11;;;
240112;0200;13;;;
240112;0300;12;;;
240112;0400;15;;;
240112;0500;12;;;
240112;0600;23;;;
240112;0700;;;;
240112;0800;14;;;
240112;0900;17;;;
240112;1000;17;;;
240112;1100;13;;;
240112;1200;19;;;
240112;1300;15;;;
240112;1400;9;;;
240112;1500;14;;;
240112;1600;12;;;
240112;1700;16;;;
240112;1800;11;;;
240112;1900;11;;;
240112;2000;6;;;
240112;2100;11;;;
240112;2200;10;;;
240112;2300;6;;;
240113;0000;6;;;
240113;0100;12;;;
240113;0200;16;;;
240113;0300;7;;;
240113;0400;12;;;
240113;0500;11;;;
240113;0600;13;;;
240113;0700;16;;;
240113;0800;19;;;
240113;0900;15;;;
240113;1000;16;;;
240113;1100;17;;;
240113;1200;16;;;
240113;1300;15;;;
240113;1400;10;;;
240113;1500;12;;;
240113;1600;8;;;
240113;1700;7;;;
240113;1800;10;;;
240113;1900;11;;;
240113;2000;12;;;
240113;2100;8;;;
240113;2200;10;;;
240113;2300;10;;;
240114;0000;8;;;
240114;0100;9;;;
240114;0200;10;;;
240114;0300;8;;;
240114;0400;11;;;
240114;0500;11;;;
240114;0600;14;;;
240114;0700;19;;;
240114;0800;12;;;
240114;0900;10;;;
240114;1000;12;;;
240114;1100;18;;;
240114;1200;8;;;
240114;1300;10;;;
240114;1400;10;;;
240114;1500;7;;;
240114;1600;4;;;
240114;1700;4;;;
240114;1800;6;;;
240114;1900;8;;;
240114;2000;7;;;
240114;2100;7;;;
240114;2200;8;;;
240114;2300;8;;;
240115;0000;12;;;
240115;0100;8;;;
240115;0200;7;;;
240115;0300;8;;;
240115;0400;15;;;
240115;0500;19;;;
240115;0600;25;;;
240115;0700;29;;;
240115;0800;19;;;
240115;0900;13;;;
240115;1000;12;;;
240115;1100;8;;;
240115;1200;8;;;
240115;1300;12;;;
240115;1400;15;;;
240115;1500;12;;;
240115;1600;9;;;
240115;1700;6;;;
240115;1800;7;;;
240115;1900;7;;;
240115;2000;4;;;
240115;2100;3;;;
240115;2200;8;;;
240115;2300;6;;;
240116;0000;7;;;
240116;0100;12;;;
240116;0200;8;;;
240116;0300;5;;;
240116;0400;10;;;
240116;0500;16;;;
240116;0600;15;;;
240116;0700;18;;;
240116;0800;25;;;
240116;0900;13;;;
240116;1000;14;;;
240116;1100;12;;;
240116;1200;9;;;
240116;1300;11;;;
240116;1400;7;;;
240116;1500;4;;;
240116;1600;3;;;
240116;1700;5;;;
240116;1800;8;;;
240116;1900;9;;;
240116;2000;8;;;
240116;2100;8;;;
240116;2200;11;;;
240116;2300;11;;;
240117;0000;7;;;
240117;0100;14;;;
240117;0200;13;;;
240117;0300;12;;;
240117;0400;16;;;
240117;0500;25;;;
240117;0600;20;;;
240117;0700;27;;;
240117;0800;26;;;
240117;0900;16;;;
240117;1000;19;;;
240117;1100;11;;;
240117;1200;9;;;
240117;1300;7;;;
240117;1400;10;;;
240117;1500;24;;;
240117;1600;14;;;
240117;1700;10;;;
240117;1800;13;;;
240117;1900;9;;;
240117;2000;8;;;
240117;2100;12;;;
240117;2200;8;;;
240117;2300;6;;;
240118;0000;8;;;
240118;0100;12;;;
240118;0200;10;;;
240118;0300;8;;;
240118;0400;10;;;
240118;0500;15;;;
240118;0600;25;;;
240118;0700;20;;;
240118;0800;18;;;
240118;0900;20;;;
240118;1000;15;;;
240118;1100;14;;;
240118;1200;12;;;
240118;1300;17;;;
240118;1400;16;;;
240118;1500;12;;;
240118;1600;15;;;
240118;1700;11;;;
240118;1800;13;;;
240118;1900;9;;;
240118;2000;7;;;
240118;2100;12;;;
240118;2200;12;;;
240118;2300;15;;;
240119;0000;13;;;
240119;0100;11;;;
240119;0200;14;;;
240119;0300;13;;;
240119;0400;11;;;
240119;0500;9;;;
240119;0600;20;;;
240119;0700;18;;;
240119;0800;15;;;
240119;0900;13;;;
240119;1000;15;;;
240119;1100;19;;;
240119;1200;19;;;
240119;1300;14;;;
240119;1400;;;;
240119;1500;23;;;
240119;1600;14;;;
240119;1700;16;;;
240119;1800;16;;;
240119;1900;19;;;
240119;2000;15;;;
240119;2100;19;;;
240119;2200;15;;;
240119;2300;20;;;
240120;0000;18;;;
240120;0100;18;;;
240120;0200;18;;;
240120;0300;16;;;
240120;0400;18;;;
240120;0500;21;;;
240120;0600;25;;;
240120;0700;28;;;
240120;0800;16;;;
240120;0900;17;;;
240120;1000;20;;;
240120;1100;21;;;
240120;1200;16;;;
240120;1300;16;;;
240120;1400;16;;;
240120;1500;13;;;
240120;1600;14;;;
240120;1700;14;;;
240120;1800;14;;;
240120;1900;11;;;
240120;2000;18;;;
240120;2100;16;;;
240120;2200;23;;;
240120;2300;15;;;
240121;0000;19;;;
240121;0100;23;;;
240121;0200;20;;;
240121;0300;26;;;
240121;0400;24;;;
240121;0500;22;;;
240121;0600;18;;;
240121;0700;22;;;
240121;0800;17;;;
240121;0900;22;;;
240121;1000;13;;;
240121;1100;19;;;
240121;1200;18;;;
240121;1300;14;;;
240121;1400;15;;;
240121;1500;16;;;
240121;1600;15;;;
240121;1700;15;;;
240121;1800;14;;;
240121;1900;18;;;
240121;2000;21;;;
240121;2100;16;;;
240121;2200;21;;;
240121;2300;13;;;
240122;0000;22;;;
240122;0100;21;;;
240122;0200;21;;;
240122;0300;19;;;
240122;0400;23;;;
240122;0500;14;;;
240122;0600;24;;;
240122;0700;27;;;
240122;0800;21;;;
240122;0900;20;;;
240122;1000;19;;;
240122;1100;25;;;
240122;1200;26;;;
240122;1300;21;;;
240122;1400;19;;;
240122;1500;20;;;
240122;1600;19;;;
240122;1700;19;;;
240122;1800;20;;;
240122;1900;19;;;
240122;2000;18;;;
240122;2100;13;;;
240122;2200;18;;;
240122;2300;12;;;
240123;0000;12;;;
240123;0100;19;;;
240123;0200;14;;;
240123;0300;15;;;
240123;0400;13;;;
240123;0500;19;;;
240123;0600;10;;;
240123;0700;12;;;
240123;0800;17;;;
240123;0900;21;;;
240123;1000;28;;;
240123;1100;24;;;
240123;1200;21;;;
240123;1300;36;;;
240123;1400;21;;;
240123;1500;20;;;
240123;1600;18;;;
240123;1700;12;;;
240123;1800;27;;;
240123;1900;12;;;
240123;2000;9;;;
240123;2100;18;;;
240123;2200;14;;;
240123;2300;17;;;
240124;0000;16;;;
240124;0100;8;;;
240124;0200;9;;;
240124;0300;13;;;
240124;0400;19;;;
240124;0500;17;;;
240124;0600;18;;;
240124;0700;23;;;
240124;0800;22;;;
240124;0900;31;;;
240124;1000;30;;;
240124;1100;26;;;
240124;1200;28;;;
240124;1300;15;;;
240124;1400;11;;;
240124;1500;15;;;
240124;1600;17;;;
240124;1700;18;;;
240124;1800;11;;;
240124;1900;13;;;
240124;2000;20;;;
240124;2100;14;;;
240124;2200;12;;;
240124;2300;13;;;
240125;0000;19;;;
240125;0100;15;;;
240125;0200;18;;;
240125;0300;18;;;
240125;0400;17;;;
240125;0500;26;;;
240125;0600;14;;;
240125;0700;21;;;
240125;0800;28;;;
240125;0900;22;;;
240125;1000;23;;;
240125;1100;21;;;
240125;1200;20;;;
240125;1300;22;;;
240125;1400;17;;;
240125;1500;16;;;
240125;1600;17;;;
240125;1700;13;;;
240125;1800;9;;;
240125;1900;12;;;
240125;2000;9;;;
240125;2100;11;;;
240125;2200;7;;;
240125;2300;7;;;
240126;0000;13;;;
240126;0100;9;;;
240126;0200;11;;;
240126;0300;11;;;
240126;0400;14;;;
240126;0500;13;;;
240126;0600;13;;;
240126;0700;17;;;
240126;0800;17;;;
240126;0900;19;;;
240126;1000;18;;;
240126;1100;20;;;
240126;1200;14;;;
240126;1300;9;;;
240126;1400;9;;;
240126;1500;12;;;
240126;1600;8;;;
240126;1700;15;;;
240126;1800;8;;;
240126;1900;9;;;
240126;2000;10;;;
240126;2100;9;;;
240126;2200;17;;;
240126;2300;10;;;
240127;0000;9;;;
240127;0100;7;;;
240127;0200;8;;;
240127;0300;6;;;
240127;0400;9;;;
240127;0500;8;;;
240127;0600;8;;;
240127;0700;7;;;
240127;0800;19;;;
240127;0900;21;;;
240127;1000;22;;;
240127;1100;16;;;
240127;1200;6;;;
240127;1300;8;;;
240127;1400;13;;;
240127;1500;7;;;
240127;1600;12;;;
240127;1700;13;;;
240127;1800;13;;;
240127;1900;10;;;
240127;2000;17;;;
240127;2100;14;;;
240127;2200;12;;;
240127;2300;13;;;
240128;0000;19;;;
240128;0100;13;;;
240128;0200;18;;;
240128;0300;21;;;
240128;0400;13;;;
240128;0500;11;;;
240128;0600;11;;;
240128;0700;16;;;
240128;0800;11;;;
240128;0900;16;;;
240128;1000;19;;;
240128;1100;16;;;
240128;1200;19;;;
240128;1300;13;;;
240128;1400;13;;;
240128;1500;12;;;
240128;1600;7;;;
240128;1700;6;;;
240128;1800;14;;;
240128;1900;8;;;
240128;2000;11;;;
240128;2100;8;;;
240128;2200;7;;;
240128;2300;5;;;
240129;0000;12;;;
240129;0100;8;;;
240129;0200;7;;;
240129;0300;10;;;
240129;0400;10;;;
240129;0500;15;;;
240129;0600;17;;;
240129;0700;14;;;
240129;0800;15;;;
240129;0900;16;;;
240129;1000;16;;;
240129;1100;17;;;
240129;1200;17;;;
240129;1300;15;;;
240129;1400;12;;;
240129;1500;13;;;
240129;1600;17;;;
240129;1700;21;;;
240129;1800;9;;;
240129;1900;13;;;
240129;2000;12;;;
240129;2100;11;;;
240129;2200;14;;;
240129;2300;14;;;
240130;0000;11;;;
240130;0100;16;;;
240130;0200;13;;;
240130;0300;20;;;
240130;0400;13;;;
240130;0500;20;;;
240130;0600;20;;;
240130;0700;34;;;
240130;0800;24;;;
240130;0900;34;;;
240130;1000;22;;;
240130;1100;12;;;
240130;1200;17;;;
240130;1300;21;;;
240130;1400;13;;;
240130;1500;15;;;
240130;1600;15;;;
240130;1700;13;;;
240130;1800;13;;;
240130;1900;18;;;
240130;2000;19;;;
240130;2100;13;;;
240130;2200;11;;;
240130;2300;17;;;
240131;0000;22;;;
240131;0100;22;;;
240131;0200;22;;;
240131;0300;24;;;
240131;0400;19;;;
240131;0500;34;;;
240131;0600;40;;;
240131;0700;36;;;
240131;0800;25;;;
240131;0900;21;;;
240131;1000;28;;;
240131;1100;27;;;
240131;1200;23;;;
240131;1300;15;;;
240131;1400;18;;;
240131;1500;17;;;
240131;1600;14;;;
240131;1700;12;;;
240131;1800;13;;;
240131;1900;16;;;
240131;2000;19;;;
240131;2100;25;;;
240131;2200;27;;;
240131;2300;26;;;
240201;0000;30;;;
240201;0100;28;;;
240201;0200;24;;;
240201;0300;30;;;
240201;0400;32;;;
240201;0500;35;;;
240201;0600;42;;;
240201;0700;49;;;
240201;0800;42;;;
240201;0900;34;;;
240201;1000;23;;;
240201;1100;14;;;
240201;1200;15;;;
240201;1300;12;;;
240201;1400;22;;;
240201;1500;20;;;
240201;1600;23;;;
240201;1700;16;;;
240201;1800;22;;;
240201;1900;15;;;
240201;2000;14;;;
240201;2100;10;;;
240201;2200;12;;;
240201;2300;14;;;
240202;0000;15;;;
240202;0100;14;;;
240202;0200;22;;;
240202;0300;16;;;
240202;0400;13;;;
240202;0500;17;;;
240202;0600;23;;;
240202;0700;35;;;
240202;0800;25;;;
240202;0900;;;;
240202;1000;;;;
240202;1100;;;;
240202;1200;;;;
240202;1300;;;;
240202;1400;;;;
240202;1500;20;;;
240202;1600;13;;;
240202;1700;13;;;
240202;1800;8;;;
240202;1900;16;;;
240202;2000;21;;;
240202;2100;32;;;
240202;2200;9;;;
240202;2300;9;;;
240203;0000;12;;;
240203;0100;21;;;
240203;0200;11;;;
240203;0300;12;;;
240203;0400;8;;;
240203;0500;14;;;
240203;0600;12;;;
240203;0700;15;;;
240203;0800;14;;;
240203;0900;10;;;
240203;1000;17;;;
240203;1100;25;;;
240203;1200;11;;;
240203;1300;6;;;
240203;1400;12;;;
240203;1500;16;;;
240203;1600;15;;;
240203;1700;13;;;
240203;1800;23;;;
240203;1900;30;;;
240203;2000;31;;;
240203;2100;28;;;
240203;2200;32;;;
240203;2300;27;;;
240204;0000;24;;;
240204;0100;21;;;
240204;0200;26;;;
240204;0300;20;;;
240204;0400;16;;;
240204;0500;30;;;
240204;0600;27;;;
240204;0700;26;;;
240204;0800;23;;;
240204;0900;29;;;
240204;1000;29;;;
240204;1100;41;;;
240204;1200;49;;;
240204;1300;62;;;
240204;1400;61;;;
240204;1500;44;;;
240204;1600;28;;;
240204;1700;24;;;
240204;1800;20;;;
240204;1900;23;;;
240204;2000;21;;;
240204;2100;23;;;
240204;2200;22;;;
240204;2300;16;;;
240205;0000;20;;;
240205;0100;14;;;
240205;0200;19;;;
240205;0300;17;;;
240205;0400;14;;;
240205;0500;15;;;
240205;0600;22;;;
240205;0700;30;;;
240205;0800;25;;;
240205;0900;28;;;
240205;1000;31;;;
240205;1100;32;;;
240205;1200;31;;;
240205;1300;22;;;
240205;1400;24;;;
240205;1500;22;;;
240205;1600;;;;
240205;1700;20;;;
240205;1800;20;;;
240205;1900;18;;;
240205;2000;22;;;
240205;2100;17;;;
240205;2200;20;;;
240205;2300;21;;;
240206;0000;20;;;
240206;0100;24;;;
240206;0200;23;;;
240206;0300;18;;;
240206;0400;20;;;
240206;0500;23;;;
240206;0600;38;;;
240206;0700;33;;;
240206;0800;38;;;
240206;0900;28;;;
240206;1000;26;;;
240206;1100;21;;;
240206;1200;23;;;
240206;1300;19;;;
240206;1400;15;;;
240206;1500;16;;;
240206;1600;11;;;
240206;1700;12;;;
240206;1800;14;;;
240206;1900;10;;;
240206;2000;18;;;
240206;2100;17;;;
240206;2200;11;;;
240206;2300;13;;;
240207;0000;14;;;
240207;0100;17;;;
240207;0200;23;;;
240207;0300;14;;;
240207;0400;19;;;
240207;0500;21;;;
240207;0600;31;;;
240207;0700;22;;;
240207;0800;12;;;
240207;0900;21;;;
240207;1000;18;;;
240207;1100;27;;;
240207;1200;19;;;
240207;1300;15;;;
240207;1400;9;;;
240207;1500;13;;;
240207;1600;14;;;
240207;1700;9;;;
240207;1800;8;;;
240207;1900;7;;;
240207;2000;6;;;
240207;2100;9;;;
240207;2200;17;;;
240207;2300;6;;;
240208;0000;11;;;
240208;0100;10;;;
240208;0200;17;;;
240208;0300;14;;;
240208;0400;19;;;
240208;0500;15;;;
240208;0600;21;;;
240208;0700;20;;;
240208;0800;14;;;
240208;0900;20;;;
240208;1000;13;;;
240208;1100;13;;;
240208;1200;11;;;
240208;1300;6;;;
240208;1400;20;;;
240208;1500;18;;;
240208;1600;16;;;
240208;1700;10;;;
240208;1800;9;;;
240208;1900;10;;;
240208;2000;6;;;
240208;2100;6;;;
240208;2200;9;;;
240208;2300;8;;;
240209;0000;6;;;
240209;0100;7;;;
240209;0200;10;;;
240209;0300;10;;;
240209;0400;13;;;
240209;0500;10;;;
240209;0600;13;;;
240209;0700;18;;;
240209;0800;20;;;
240209;0900;12;;;
240209;1000;10;;;
240209;1100;11;;;
240209;1200;11;;;
240209;1300;12;;;
240209;1400;10;;;
240209;1500;11;;;
240209;1600;11;;;
240209;1700;11;;;
240209;1800;13;;;
240209;1900;7;;;
240209;2000;6;;;
240209;2100;12;;;
240209;2200;7;;;
240209;2300;7;;;
240210;0000;10;;;
240210;0100;16;;;
240210;0200;12;;;
240210;0300;12;;;
240210;0400;11;;;
240210;0500;17;;;
240210;0600;16;;;
240210;0700;16;;;
240210;0800;17;;;
240210;0900;18;;;
240210;1000;12;;;
240210;1100;16;;;
240210;1200;19;;;
240210;1300;10;;;
240210;1400;14;;;
240210;1500;8;;;
240210;1600;10;;;
240210;1700;9;;;
240210;1800;13;;;
240210;1900;17;;;
240210;2000;40;;;
240210;2100;16;;;
240210;2200;7;;;
240210;2300;10;;;
240211;0000;8;;;
240211;0100;11;;;
240211;0200;10;;;
240211;0300;15;;;
240211;0400;12;;;
240211;0500;12;;;
240211;0600;14;;;
240211;0700;19;;;
240211;0800;8;;;
240211;0900;10;;;
240211;1000;10;;;
240211;1100;14;;;
240211;1200;11;;;
240211;1300;10;;;
240211;1400;8;;;
240211;1500;10;;;
240211;1600;11;;;
240211;1700;8;;;
240211;1800;14;;;
240211;1900;11;;;
240211;2000;6;;;
240211;2100;7;;;
240211;2200;6;;;
240211;2300;7;;;
240212;0000;7;;;
240212;0100;12;;;
240212;0200;10;;;
240212;0300;10;;;
240212;0400;9;;;
240212;0500;15;;;
240212;0600;19;;;
240212;0700;15;;;
240212;0800;16;;;
240212;0900;18;;;
240212;1000;11;;;
240212;1100;18;;;
240212;1200;20;;;
240212;1300;10;;;
240212;1400;16;;;
240212;1500;8;;;
240212;1600;9;;;
240212;1700;11;;;
240212;1800;10;;;
240212;1900;16;;;
240212;2000;20;;;
240212;2100;17;;;
240212;2200;10;;;
240212;2300;12;;;
240213;0000;9;;;
240213;0100;14;;;
240213;0200;10;;;
240213;0300;16;;;
240213;0400;13;;;
240213;0500;16;;;
240213;0600;27;;;
240213;0700;28;;;
240213;0800;19;;;
240213;0900;15;;;
240213;1000;18;;;
240213;1100;15;;;
240213;1200;20;;;
240213;1300;18;;;
240213;1400;13;;;
240213;1500;12;;;
240213;1600;10;;;
240213;1700;11;;;
240213;1800;13;;;
240213;1900;15;;;
240213;2000;10;;;
240213;2100;14;;;
240213;2200;14;;;
240213;2300;13;;;
240214;0000;9;;;
240214;0100;12;;;
240214;0200;16;;;
240214;0300;15;;;
240214;0400;16;;;
240214;0500;16;;;
240214;0600;13;;;
240214;0700;16;;;
240214;0800;20;;;
240214;0900;17;;;
240214;1000;24;;;
240214;1100;17;;;
240214;1200;17;;;
240214;1300;15;;;
240214;1400;14;;;
240214;1500;18;;;
240214;1600;12;;;
240214;1700;15;;;
240214;1800;12;;;
240214;1900;16;;;
240214;2000;10;;;
240214;2100;13;;;
240214;2200;14;;;
240214;2300;10;;;
240215;0000;6;;;
240215;0100;15;;;
240215;0200;9;;;
240215;0300;15;;;
240215;0400;13;;;
240215;0500;16;;;
240215;0600;17;;;
240215;0700;25;;;
240215;0800;17;;;
240215;0900;17;;;
240215;1000;23;;;
240215;1100;22;;;
240215;1200;19;;;
240215;1300;16;;;
240215;1400;19;;;
240215;1500;22;;;
240215;1600;18;;;
240215;1700;13;;;
240215;1800;10;;;
240215;1900;10;;;
240215;2000;11;;;
240215;2100;13;;;
240215;2200;14;;;
240215;2300;11;;;
240216;0000;17;;;
240216;0100;11;;;
240216;0200;13;;;
240216;0300;12;;;
240216;0400;15;;;
240216;0500;10;;;
240216;0600;18;;;
240216;0700;17;;;
240216;0800;31;;;
240216;0900;28;;;
240216;1000;19;;;
240216;1100;22;;;
240216;1200;21;;;
240216;1300;17;;;
240216;1400;15;;;
240216;1500;12;;;
240216;1600;14;;;
240216;1700;13;;;
240216;1800;15;;;
240216;1900;14;;;
240216;2000;13;;;
240216;2100;13;;;
240216;2200;16;;;
240216;2300;15;;;
240217;0000;12;;;
240217;0100;16;;;
240217;0200;13;;;
240217;0300;13;;;
240217;0400;13;;;
240217;0500;29;;;
240217;0600;23;;;
240217;0700;21;;;
240217;0800;27;;;
240217;0900;26;;;
240217;1000;29;;;
240217;1100;21;;;
240217;1200;18;;;
240217;1300;11;;;
240217;1400;13;;;
240217;1500;13;;;
240217;1600;14;;;
240217;1700;11;;;
240217;1800;13;;;
240217;1900;13;;;
240217;2000;12;;;
240217;2100;7;;;
240217;2200;10;;;
240217;2300;10;;;
240218;0000;10;;;
240218;0100;12;;;
240218;0200;18;;;
240218;0300;13;;;
240218;0400;16;;;
240218;0500;18;;;
240218;0600;15;;;
240218;0700;18;;;
240218;0800;14;;;
240218;0900;11;;;
240218;1000;13;;;
240218;1100;12;;;
240218;1200;11;;;
240218;1300;10;;;
240218;1400;8;;;
240218;1500;13;;;
240218;1600;10;;;
240218;1700;12;;;
240218;1800;17;;;
240218;1900;11;;;
240218;2000;15;;;
240218;2100;16;;;
240218;2200;17;;;
240218;2300;15;;;
240219;0000;18;;;
240219;0100;17;;;
240219;0200;15;;;
240219;0300;17;;;
240219;0400;23;;;
240219;0500;19;;;
240219;0600;16;;;
240219;0700;23;;;
240219;0800;21;;;
240219;0900;19;;;
240219;1000;17;;;
240219;1100;16;;;
240219;1200;13;;;
240219;1300;16;;;
240219;1400;12;;;
240219;1500;18;;;
240219;1600;11;;;
240219;1700;17;;;
240219;1800;12;;;
240219;1900;12;;;
240219;2000;12;;;
240219;2100;14;;;
240219;2200;9;;;
240219;2300;8;;;
240220;0000;10;;;
240220;0100;10;;;
240220;0200;9;;;
240220;0300;12;;;
240220;0400;10;;;
240220;0500;12;;;
240220;0600;13;;;
240220;0700;13;;;
240220;0800;16;;;
240220;0900;15;;;
240220;1000;22;;;
240220;1100;23;;;
240220;1200;17;;;
240220;1300;16;;;
240220;1400;15;;;
240220;1500;12;;;
240220;1600;9;;;
240220;1700;8;;;
240220;1800;10;;;
240220;1900;13;;;
240220;2000;10;;;
240220;2100;7;;;
240220;2200;8;;;
240220;2300;5;;;
240221;0000;6;;;
240221;0100;7;;;
240221;0200;7;;;
240221;0300;8;;;
240221;0400;9;;;
240221;0500;8;;;
240221;0600;11;;;
240221;0700;15;;;
240221;0800;9;;;
240221;0900;17;;;
240221;1000;15;;;
240221;1100;13;;;
240221;1200;11;;;
240221;1300;11;;;
240221;1400;10;;;
240221;1500;8;;;
240221;1600;10;;;
240221;1700;11;;;
240221;1800;9;;;
240221;1900;6;;;
240221;2000;7;;;
240221;2100;6;;;
240221;2200;7;;;
240221;2300;4;;;
240222;0000;4;;;
240222;0100;7;;;
240222;0200;9;;;
240222;0300;8;;;
240222;0400;9;;;
240222;0500;7;;;
240222;0600;10;;;
240222;0700;11;;;
240222;0800;8;;;
240222;0900;14;;;
240222;1000;18;;;
240222;1100;6;;;
240222;1200;6;;;
240222;1300;5;;;
240222;1400;5;;;
240222;1500;6;;;
240222;1600;5;;;
240222;1700;5;;;
240222;1800;7;;;
240222;1900;7;;;
240222;2000;9;;;
240222;2100;9;;;
240222;2200;10;;;
240222;2300;10;;;
240223;0000;12;;;
240223;0100;10;;;
240223;0200;17;;;
240223;0300;15;;;
240223;0400;13;;;
240223;0500;16;;;
240223;0600;16;;;
240223;0700;18;;;
240223;0800;20;;;
240223;0900;20;;;
240223;1000;15;;;
240223;1100;18;;;
240223;1200;18;;;
240223;1300;14;;;
240223;1400;11;;;
240223;1500;7;;;
240223;1600;9;;;
240223;1700;10;;;
240223;1800;14;;;
240223;1900;10;;;
240223;2000;12;;;
240223;2100;11;;;
240223;2200;12;;;
240223;2300;8;;;
240224;0000;8;;;
240224;0100;17;;;
240224;0200;11;;;
240224;0300;8;;;
240224;0400;7;;;
240224;0500;13;;;
240224;0600;20;;;
240224;0700;19;;;
240224;0800;8;;;
240224;0900;13;;;
240224;1000;12;;;
240224;1100;7;;;
240224;1200;6;;;
240224;1300;10;;;
240224;1400;10;;;
240224;1500;4;;;
240224;1600;8;;;
240224;1700;7;;;
240224;1800;11;;;
240224;1900;10;;;
240224;2000;10;;;
240224;2100;11;;;
240224;2200;7;;;
240224;2300;10;;;
240225;0000;8;;;
240225;0100;8;;;
240225;0200;6;;;
240225;0300;8;;;
240225;0400;16;;;
240225;0500;11;;;
240225;0600;18;;;
240225;0700;21;;;
240225;0800;14;;;
240225;0900;13;;;
240225;1000;16;;;
240225;1100;21;;;
240225;1200;12;;;
240225;1300;9;;;
240225;1400;12;;;
240225;1500;16;;;
240225;1600;14;;;
240225;1700;13;;;
240225;1800;16;;;
240225;1900;12;;;
240225;2000;16;;;
240225;2100;14;;;
240225;2200;10;;;
240225;2300;9;;;
240226;0000;12;;;
240226;0100;17;;;
240226;0200;13;;;
240226;0300;9;;;
240226;0400;12;;;
240226;0500;13;;;
240226;0600;12;;;
240226;0700;18;;;
240226;0800;33;;;
240226;0900;18;;;
240226;1000;23;;;
240226;1100;24;;;
240226;1200;17;;;
240226;1300;17;;;
240226;1400;11;;;
240226;1500;15;;;
240226;1600;15;;;
240226;1700;10;;;
240226;1800;10;;;
240226;1900;14;;;
240226;2000;16;;;
240226;2100;17;;;
240226;2200;15;;;
240226;2300;14;;;
240227;0000;11;;;
240227;0100;10;;;
240227;0200;15;;;
240227;0300;13;;;
240227;0400;12;;;
240227;0500;9;;;
240227;0600;14;;;
240227;0700;19;;;
240227;0800;18;;;
240227;0900;18;;;
240227;1000;14;;;
240227;1100;20;;;
240227;1200;14;;;
240227;1300;12;;;
240227;1400;10;;;
240227;1500;8;;;
240227;1600;8;;;
240227;1700;9;;;
240227;1800;12;;;
240227;1900;9;;;
240227;2000;18;;;
240227;2100;7;;;
240227;2200;6;;;
240227;2300;8;;;
240228;0000;13;;;
240228;0100;15;;;
240228;0200;11;;;
240228;0300;14;;;
240228;0400;10;;;
240228;0500;12;;;
240228;0600;17;;;
240228;0700;21;;;
240228;0800;14;;;
240228;0900;15;;;
240228;1000;15;;;
240228;1100;18;;;
240228;1200;8;;;
240228;1300;7;;;
240228;1400;8;;;
240228;1500;8;;;
240228;1600;8;;;
240228;1700;12;;;
240228;1800;11;;;
240228;1900;10;;;
240228;2000;8;;;
240228;2100;26;;;
240228;2200;9;;;
240228;2300;13;;;
240229;0000;19;;;
240229;0100;15;;;
240229;0200;13;;;
240229;0300;11;;;
240229;0400;17;;;
240229;0500;18;;;
240229;0600;28;;;
240229;0700;28;;;
240229;0800;20;;;
240229;0900;20;;;
240229;1000;13;;;
240229;1100;9;;;
240229;1200;11;;;
240229;1300;10;;;
240229;1400;8;;;
240229;1500;11;;;
240229;1600;14;;;
240229;1700;9;;;
240229;1800;7;;;
240229;1900;9;;;
240229;2000;6;;;
240229;2100;8;;;
240229;2200;8;;;
240229;2300;10;;;
240301;0000;8;;;
240301;0100;12;;;
240301;0200;15;;;
240301;0300;10;;;
240301;0400;10;;;
240301;0500;24;;;
240301;0600;36;;;
240301;0700;38;;;
240301;0800;48;;;
240301;0900;13;;;
240301;1000;15;;;
240301;1100;13;;;
240301;1200;9;;;
240301;1300;13;;;
240301;1400;9;;;
240301;1500;12;;;
240301;1600;13;;;
240301;1700;11;;;
240301;1800;8;;;
240301;1900;23;;;
240301;2000;14;;;
240301;2100;18;;;
240301;2200;16;;;
240301;2300;19;;;
240302;0000;19;;;
240302;0100;19;;;
240302;0200;20;;;
240302;0300;19;;;
240302;0400;20;;;
240302;0500;30;;;
240302;0600;17;;;
240302;0700;17;;;
240302;0800;18;;;
240302;0900;20;;;
240302;1000;23;;;
240302;1100;16;;;
240302;1200;15;;;
240302;1300;10;;;
240302;1400;9;;;
240302;1500;9;;;
240302;1600;5;;;
240302;1700;9;;;
240302;1800;6;;;
240302;1900;7;;;
240302;2000;10;;;
240302;2100;9;;;
240302;2200;9;;;
240302;2300;10;;;
240303;0000;10;;;
240303;0100;15;;;
240303;0200;13;;;
240303;0300;15;;;
240303;0400;19;;;
240303;0500;13;;;
240303;0600;24;;;
240303;0700;25;;;
240303;0800;21;;;
240303;0900;12;;;
240303;1000;13;;;
240303;1100;14;;;
240303;1200;9;;;
240303;1300;15;;;
240303;1400;9;;;
240303;1500;12;;;
240303;1600;10;;;
240303;1700;8;;;
240303;1800;10;;;
240303;1900;12;;;
240303;2000;13;;;
240303;2100;9;;;
240303;2200;12;;;
240303;2300;11;;;
240304;0000;13;;;
240304;0100;9;;;
240304;0200;14;;;
240304;0300;13;;;
240304;0400;18;;;
240304;0500;24;;;
240304;0600;24;;;
240304;0700;24;;;
240304;0800;18;;;
240304;0900;11;;;
240304;1000;12;;;
240304;1100;15;;;
240304;1200;22;;;
240304;1300;13;;;
240304;1400;17;;;
240304;1500;12;;;
240304;1600;9;;;
240304;1700;12;;;
240304;1800;11;;;
240304;1900;13;;;
240304;2000;13;;;
240304;2100;15;;;
240304;2200;9;;;
240304;2300;10;;;
240305;0000;14;;;
240305;0100;19;;;
240305;0200;10;;;
240305;0300;13;;;
240305;0400;17;;;
240305;0500;16;;;
240305;0600;35;;;
240305;0700;24;;;
240305;0800;26;;;
240305;0900;21;;;
240305;1000;18;;;
240305;1100;17;;;
240305;1200;14;;;
240305;1300;18;;;
240305;1400;9;;;
240305;1500;10;;;
240305;1600;10;;;
240305;1700;12;;;
240305;1800;14;;;
240305;1900;18;;;
240305;2000;16;;;
240305;2100;13;;;
240305;2200;15;;;
240305;2300;24;;;
240306;0000;18;;;
240306;0100;18;;;
240306;0200;18;;;
240306;0300;17;;;
240306;0400;26;;;
240306;0500;26;;;
240306;0600;34;;;
240306;0700;51;;;
240306;0800;34;;;
240306;0900;32;;;
240306;1000;24;;;
240306;1100;24;;;
240306;1200;16;;;
240306;1300;16;;;
240306;1400;11;;;
240306;1500;12;;;
240306;1600;11;;;
240306;1700;14;;;
240306;1800;12;;;
240306;1900;9;;;
240306;2000;7;;;
240306;2100;10;;;
240306;2200;11;;;
240306;2300;9;;;
240307;0000;10;;;
240307;0100;14;;;
240307;0200;11;;;
240307;0300;17;;;
240307;0400;16;;;
240307;0500;20;;;
240307;0600;34;;;
240307;0700;31;;;
240307;0800;28;;;
240307;0900;22;;;
240307;1000;16;;;
240307;1100;18;;;
240307;1200;11;;;
240307;1300;14;;;
240307;1400;13;;;
240307;1500;10;;;
240307;1600;6;;;
240307;1700;4;;;
240307;1800;6;;;
240307;1900;6;;;
240307;2000;13;;;
240307;2100;10;;;
240307;2200;5;;;
240307;2300;5;;;
240308;0000;13;;;
240308;0100;8;;;
240308;0200;9;;;
240308;0300;8;;;
240308;0400;12;;;
240308;0500;10;;;
240308;0600;18;;;
240308;0700;21;;;
240308;0800;16;;;
240308;0900;18;;;
240308;1000;8;;;
240308;1100;7;;;
240308;1200;9;;;
240308;1300;7;;;
240308;1400;7;;;
240308;1500;10;;;
240308;1600;9;;;
240308;1700;6;;;
240308;1800;7;;;
240308;1900;6;;;
240308;2000;10;;;
240308;2100;10;;;
240308;2200;12;;;
240308;2300;13;;;
240309;0000;9;;;
240309;0100;6;;;
240309;0200;5;;;
240309;0300;4;;;
240309;0400;7;;;
240309;0500;18;;;
240309;0600;22;;;
240309;0700;19;;;
240309;0800;16;;;
240309;0900;11;;;
240309;1000;9;;;
240309;1100;11;;;
240309;1200;17;;;
240309;1300;8;;;
240309;1400;9;;;
240309;1500;7;;;
240309;1600;6;;;
240309;1700;6;;;
240309;1800;9;;;
240309;1900;9;;;
240309;2000;10;;;
240309;2100;13;;;
240309;2200;10;;;
240309;2300;12;;;
240310;0000;14;;;
240310;0100;9;;;
240310;0200;15;;;
240310;0300;14;;;
240310;0400;15;;;
240310;0500;14;;;
240310;0600;24;;;
240310;0700;20;;;
240310;0800;27;;;
240310;0900;18;;;
240310;1000;12;;;
240310;1100;12;;;
240310;1200;8;;;
240310;1300;5;;;
240310;1400;9;;;
240310;1500;14;;;
240310;1600;12;;;
240310;1700;17;;;
240310;1800;16;;;
240310;1900;15;;;
240310;2000;12;;;
240310;2100;8;;;
240310;2200;12;;;
240310;2300;13;;;
240311;0000;10;;;
240311;0100;12;;;
240311;0200;12;;;
240311;0300;12;;;
240311;0400;15;;;
240311;0500;23;;;
240311;0600;15;;;
240311;0700;25;;;
240311;0800;35;;;
240311;0900;21;;;
240311;1000;16;;;
240311;1100;19;;;
240311;1200;14;;;
240311;1300;13;;;
240311;1400;9;;;
240311;1500;13;;;
240311;1600;15;;;
240311;1700;12;;;
240311;1800;8;;;
240311;1900;8;;;
240311;2000;9;;;
240311;2100;10;;;
240311;2200;7;;;
240311;2300;6;;;
240312;0000;7;;;
240312;0100;5;;;
240312;0200;3;;;
240312;0300;6;;;
240312;0400;8;;;
240312;0500;15;;;
240312;0600;22;;;
240312;0700;32;;;
240312;0800;18;;;
240312;0900;10;;;
240312;1000;11;;;
240312;1100;9;;;
240312;1200;19;;;
240312;1300;12;;;
240312;1400;8;;;
240312;1500;12;;;
240312;1600;6;;;
240312;1700;2;;;
240312;1800;6;;;
240312;1900;7;;;
240312;2000;7;;;
240312;2100;9;;;
240312;2200;6;;;
240312;2300;9;;;
240313;0000;9;;;
240313;0100;10;;;
240313;0200;10;;;
240313;0300;11;;;
240313;0400;7;;;
240313;0500;12;;;
240313;0600;9;;;
240313;0700;15;;;
240313;0800;15;;;
240313;0900;18;;;
240313;1000;22;;;
240313;1100;17;;;
240313;1200;17;;;
240313;1300;11;;;
240313;1400;7;;;
240313;1500;8;;;
240313;1600;8;;;
240313;1700;5;;;
240313;1800;7;;;
240313;1900;9;;;
240313;2000;7;;;
240313;2100;13;;;
240313;2200;10;;;
240313;2300;11;;;
240314;0000;12;;;
240314;0100;15;;;
240314;0200;11;;;
240314;0300;13;;;
240314;0400;11;;;
240314;0500;16;;;
240314;0600;17;;;
240314;0700;26;;;
240314;0800;21;;;
240314;0900;24;;;
240314;1000;17;;;
240314;1100;22;;;
240314;1200;15;;;
240314;1300;10;;;
240314;1400;7;;;
240314;1500;9;;;
240314;1600;9;;;
240314;1700;7;;;
240314;1800;5;;;
240314;1900;6;;;
240314;2000;12;;;
240314;2100;10;;;
240314;2200;18;;;
240314;2300;14;;;
240315;0000;10;;;
240315;0100;19;;;
240315;0200;18;;;
240315;0300;12;;;
240315;0400;16;;;
240315;0500;20;;;
240315;0600;17;;;
240315;0700;17;;;
240315;0800;24;;;
240315;0900;23;;;
240315;1000;16;;;
240315;1100;16;;;
240315;1200;17;;;
240315;1300;9;;;
240315;1400;13;;;
240315;1500;8;;;
240315;1600;10;;;
240315;1700;9;;;
240315;1800;15;;;
240315;1900;18;;;
240315;2000;15;;;
240315;2100;19;;;
240315;2200;44;;;
240315;2300;19;;;
240316;0000;24;;;
240316;0100;18;;;
240316;0200;8;;;
240316;0300;16;;;
240316;0400;14;;;
240316;0500;22;;;
240316;0600;25;;;
240316;0700;22;;;
240316;0800;22;;;
240316;0900;21;;;
240316;1000;18;;;
240316;1100;21;;;
240316;1200;21;;;
240316;1300;12;;;
240316;1400;14;;;
240316;1500;9;;;
240316;1600;8;;;
240316;1700;8;;;
240316;1800;11;;;
240316;1900;17;;;
240316;2000;12;;;
240316;2100;15;;;
240316;2200;24;;;
240316;2300;22;;;
240317;0000;20;;;
240317;0100;18;;;
240317;0200;17;;;
240317;0300;22;;;
240317;0400;25;;;
240317;0500;24;;;
240317;0600;34;;;
240317;0700;34;;;
240317;0800;28;;;
240317;0900;22;;;
240317;1000;12;;;
240317;1100;21;;;
240317;1200;12;;;
240317;1300;12;;;
240317;1400;10;;;
240317;1500;11;;;
240317;1600;10;;;
240317;1700;7;;;
240317;1800;11;;;
240317;1900;11;;;
240317;2000;14;;;
240317;2100;13;;;
240317;2200;12;;;
240317;2300;16;;;
240318;0000;25;;;
240318;0100;16;;;
240318;0200;25;;;
240318;0300;26;;;
240318;0400;28;;;
240318;0500;33;;;
240318;0600;34;;;
240318;0700;38;;;
240318;0800;38;;;
240318;0900;32;;;
240318;1000;20;;;
240318;1100;30;;;
240318;1200;13;;;
240318;1300;18;;;
240318;1400;9;;;
240318;1500;11;;;
240318;1600;10;;;
240318;1700;7;;;
240318;1800;10;;;
240318;1900;12;;;
240318;2000;13;;;
240318;2100;22;;;
240318;2200;26;;;
240318;2300;28;;;
240319;0000;27;;;
240319;0100;28;;;
240319;0200;31;;;
240319;0300;31;;;
240319;0400;30;;;
240319;0500;27;;;
240319;0600;37;;;
240319;0700;50;;;
240319;0800;44;;;
240319;0900;5;;;
240319;1000;5;;;
240319;1100;9;;;
240319;1200;12;;;
240319;1300;17;;;
240319;1400;9;;;
240319;1500;13;;;
240319;1600;12;;;
240319;1700;15;;;
240319;1800;17;;;
240319;1900;14;;;
240319;2000;12;;;
240319;2100;9;;;
240319;2200;9;;;
240319;2300;11;;;
240320;0000;9;;;
240320;0100;12;;;
240320;0200;9;;;
240320;0300;8;;;
240320;0400;15;;;
240320;0500;9;;;
240320;0600;13;;;
240320;0700;14;;;
240320;0800;15;;;
240320;0900;17;;;
240320;1000;16;;;
240320;1100;14;;;
240320;1200;18;;;
240320;1300;18;;;
240320;1400;13;;;
240320;1500;11;;;
240320;1600;14;;;
240320;1700;15;;;
240320;1800;15;;;
240320;1900;12;;;
240320;2000;14;;;
240320;2100;17;;;
240320;2200;22;;;
240320;2300;23;;;
240321;0000;22;;;
240321;0100;24;;;
240321;0200;21;;;
240321;0300;23;;;
240321;0400;22;;;
240321;0500;30;;;
240321;0600;34;;;
240321;0700;39;;;
240321;0800;40;;;
240321;0900;30;;;
240321;1000;33;;;
240321;1100;32;;;
240321;1200;25;;;
240321;1300;26;;;
240321;1400;15;;;
240321;1500;16;;;
240321;1600;14;;;
240321;1700;9;;;
240321;1800;7;;;
240321;1900;12;;;
240321;2000;14;;;
240321;2100;20;;;
240321;2200;11;;;
240321;2300;18;;;
240322;0000;18;;;
240322;0100;25;;;
240322;0200;18;;;
240322;0300;19;;;
240322;0400;17;;;
240322;0500;26;;;
240322;0600;31;;;
240322;0700;39;;;
240322;0800;22;;;
240322;0900;22;;;
240322;1000;16;;;
240322;1100;27;;;
240322;1200;22;;;
240322;1300;19;;;
240322;1400;10;;;
240322;1500;9;;;
240322;1600;9;;;
240322;1700;6;;;
240322;1800;6;;;
240322;1900;5;;;
240322;2000;8;;;
240322;2100;5;;;
240322;2200;9;;;
240322;2300;11;;;
240323;0000;9;;;
240323;0100;9;;;
240323;0200;18;;;
240323;0300;21;;;
240323;0400;15;;;
240323;0500;12;;;
240323;0600;18;;;
240323;0700;25;;;
240323;0800;31;;;
240323;0900;27;;;
240323;1000;22;;;
240323;1100;21;;;
240323;1200;12;;;
240323;1300;9;;;
240323;1400;8;;;
240323;1500;8;;;
240323;1600;9;;;
240323;1700;9;;;
240323;1800;7;;;
240323;1900;8;;;
240323;2000;9;;;
240323;2100;11;;;
240323;2200;9;;;
240323;2300;8;;;
240324;0000;11;;;
240324;0100;12;;;
240324;0200;14;;;
240324;0300;9;;;
240324;0400;16;;;
240324;0500;27;;;
240324;0600;22;;;
240324;0700;27;;;
240324;0800;30;;;
240324;0900;12;;;
240324;1000;12;;;
240324;1100;16;;;
240324;1200;7;;;
240324;1300;7;;;
240324;1400;8;;;
240324;1500;9;;;
240324;1600;12;;;
240324;1700;10;;;
240324;1800;11;;;
240324;1900;9;;;
240324;2000;11;;;
240324;2100;7;;;
240324;2200;6;;;
240324;2300;6;;;
240325;0000;6;;;
240325;0100;12;;;
240325;0200;16;;;
240325;0300;9;;;
240325;0400;15;;;
240325;0500;19;;;
240325;0600;28;;;
240325;0700;34;;;
240325;0800;21;;;
240325;0900;10;;;
240325;1000;16;;;
240325;1100;13;;;
240325;1200;10;;;
240325;1300;10;;;
240325;1400;11;;;
240325;1500;15;;;
240325;1600;12;;;
240325;1700;9;;;
240325;1800;15;;;
240325;1900;13;;;
240325;2000;13;;;
240325;2100;15;;;
240325;2200;14;;;
240325;2300;11;;;
240326;0000;16;;;
240326;0100;18;;;
240326;0200;17;;;
240326;0300;26;;;
240326;0400;23;;;
240326;0500;21;;;
240326;0600;22;;;
240326;0700;24;;;
240326;0800;35;;;
240326;0900;25;;;
240326;1000;20;;;
240326;1100;19;;;
240326;1200;21;;;
240326;1300;22;;;
240326;1400;19;;;
240326;1500;9;;;
240326;1600;;;;
240326;1700;14;;;
240326;1800;16;;;
240326;1900;15;;;
240326;2000;14;;;
240326;2100;16;;;
240326;2200;17;;;
240326;2300;13;;;
240327;0000;14;;;
240327;0100;14;;;
240327;0200;19;;;
240327;0300;23;;;
240327;0400;20;;;
240327;0500;23;;;
240327;0600;34;;;
240327;0700;37;;;
240327;0800;35;;;
240327;0900;25;;;
240327;1000;20;;;
240327;1100;15;;;
240327;1200;13;;;
240327;1300;11;;;
240327;1400;7;;;
240327;1500;11;;;
240327;1600;13;;;
240327;1700;13;;;
240327;1800;10;;;
240327;1900;13;;;
240327;2000;11;;;
240327;2100;14;;;
240327;2200;12;;;
240327;2300;17;;;
240328;0000;21;;;
240328;0100;13;;;
240328;0200;18;;;
240328;0300;19;;;
240328;0400;19;;;
240328;0500;29;;;
240328;0600;31;;;
240328;0700;41;;;
240328;0800;35;;;
240328;0900;32;;;
240328;1000;28;;;
240328;1100;22;;;
240328;1200;17;;;
240328;1300;24;;;
240328;1400;12;;;
240328;1500;11;;;
240328;1600;12;;;
240328;1700;9;;;
240328;1800;12;;;
240328;1900;15;;;
240328;2000;11;;;
240328;2100;12;;;
240328;2200;15;;;
240328;2300;19;;;
240329;0000;24;;;
240329;0100;29;;;
240329;0200;37;;;
240329;0300;34;;;
240329;0400;38;;;
240329;0500;41;;;
240329;0600;41;;;
240329;0700;43;;;
240329;0800;37;;;
240329;0900;36;;;
240329;1000;26;;;
240329;1100;18;;;
240329;1200;16;;;
240329;1300;15;;;
240329;1400;18;;;
240329;1500;17;;;
240329;1600;17;;;
240329;1700;17;;;
240329;1800;18;;;
240329;1900;20;;;
240329;2000;26;;;
240329;2100;20;;;
240329;2200;17;;;
240329;2300;30;;;
240330;0000;23;;;
240330;0100;30;;;
240330;0200;27;;;
240330;0300;27;;;
240330;0400;35;;;
240330;0500;36;;;
240330;0600;39;;;
240330;0700;43;;;
240330;0800;37;;;
240330;0900;25;;;
240330;1000;25;;;
240330;1100;19;;;
240330;1200;20;;;
240330;1300;15;;;
240330;1400;13;;;
240330;1500;13;;;
240330;1600;17;;;
240330;1700;9;;;
240330;1800;7;;;
240330;1900;7;;;
240330;2000;9;;;
240330;2100;10;;;
240330;2200;9;;;
240330;2300;11;;;
240331;0000;16;;;
240331;0100;14;;;
240331;0200;13;;;
240331;0300;20;;;
240331;0400;20;;;
240331;0500;19;;;
240331;0600;23;;;
240331;0700;32;;;
240331;0800;23;;;
240331;0900;12;;;
240331;1000;11;;;
240331;1100;12;;;
240331;1200;9;;;
240331;1300;6;;;
240331;1400;7;;;
240331;1500;7;;;
240331;1600;8;;;
240331;1700;5;;;
240331;1800;3;;;
240331;1900;12;;;
240331;2000;14;;;
240331;2100;11;;;
240331;2200;17;;;
240331;2300;13;;;
240401;0000;13;;;
240401;0100;8;;;
240401;0200;10;;;
240401;0300;7;;;
240401;0400;4;;;
240401;0500;7;;;
240401;0600;11;;;
240401;0700;14;;;
240401;0800;18;;;
240401;0900;18;;;
240401;1000;7;;;
240401;1100;10;;;
240401;1200;13;;;
240401;1300;13;;;
240401;1400;20;;;
240401;1500;11;;;
240401;1600;8;;;
240401;1700;6;;;
240401;1800;9;;;
240401;1900;9;;;
240401;2000;12;;;
240401;2100;10;;;
240401;2200;10;;;
240401;2300;13;;;
240402;0000;18;;;
240402;0100;14;;;
240402;0200;27;;;
240402;0300;24;;;
240402;0400;26;;;
240402;0500;31;;;
240402;0600;32;;;
240402;0700;43;;;
240402;0800;32;;;
240402;0900;21;;;
240402;1000;14;;;
240402;1100;12;;;
240402;1200;14;;;
240402;1300;14;;;
240402;1400;11;;;
240402;1500;10;;;
240402;1600;10;;;
240402;1700;14;;;
240402;1800;14;;;
240402;1900;25;;;
240402;2000;14;;;
240402;2100;13;;;
240402;2200;9;;;
240402;2300;8;;;
240403;0000;10;;;
240403;0100;8;;;
240403;0200;6;;;
240403;0300;9;;;
240403;0400;6;;;
240403;0500;8;;;
240403;0600;12;;;
240403;0700;14;;;
240403;0800;10;;;
240403;0900;15;;;
240403;1000;25;;;
240403;1100;17;;;
240403;1200;16;;;
240403;1300;24;;;
240403;1400;25;;;
240403;1500;22;;;
240403;1600;16;;;
240403;1700;16;;;
240403;1800;21;;;
240403;1900;21;;;
240403;2000;19;;;
240403;2100;31;;;
240403;2200;28;;;
240403;2300;27;;;
240404;0000;18;;;
240404;0100;15;;;
240404;0200;17;;;
240404;0300;23;;;
240404;0400;24;;;
240404;0500;28;;;
240404;0600;22;;;
240404;0700;30;;;
240404;0800;21;;;
240404;0900;22;;;
240404;1000;26;;;
240404;1100;23;;;
240404;1200;24;;;
240404;1300;28;;;
240404;1400;18;;;
240404;1500;14;;;
240404;1600;10;;;
240404;1700;7;;;
240404;1800;11;;;
240404;1900;10;;;
240404;2000;15;;;
240404;2100;16;;;
240404;2200;15;;;
240404;2300;16;;;
240405;0000;13;;;
240405;0100;16;;;
240405;0200;18;;;
240405;0300;19;;;
240405;0400;21;;;
240405;0500;25;;;
240405;0600;28;;;
240405;0700;52;;;
240405;0800;47;;;
240405;0900;26;;;
240405;1000;;;;
240405;1100;;;;
240405;1200;;;;
240405;1300;;;;
240405;1400;;;;
240405;1500;;;;
240405;1600;;;;
240405;1700;;;;
240405;1800;;;;
240405;1900;;;;
240405;2000;;;;
240405;2100;;;;
240405;2200;;;;
240405;2300;;;;
240406;0000;;;;
240406;0100;;;;
240406;0200;;;;
240406;0300;;;;
240406;0400;;;;
240406;0500;;;;
240406;0600;;;;
240406;0700;;;;
240406;0800;;;;
240406;0900;;;;
240406;1000;;;;
240406;1100;;;;
240406;1200;;;;
240406;1300;;;;
240406;1400;;;;
240406;1500;;;;
240406;1600;;;;
240406;1700;;;;
240406;1800;;;;
240406;1900;;;;
240406;2000;;;;
240406;2100;;;;
240406;2200;;;;
240406;2300;;;;
240407;0000;;;;
240407;0100;;;;
240407;0200;;;;
240407;0300;;;;
240407;0400;;;;
240407;0500;;;;
240407;0600;;;;
240407;0700;;;;
240407;0800;;;;
240407;0900;;;;
240407;1000;;;;
240407;1100;;;;
240407;1200;;;;
240407;1300;;;;
240407;1400;;;;
240407;1500;;;;
240407;1600;;;;
240407;1700;;;;
240407;1800;;;;
240407;1900;;;;
240407;2000;;;;
240407;2100;;;;
240407;2200;;;;
240407;2300;;;;
240408;0000;;;;
240408;0100;;;;
240408;0200;;;;
240408;0300;;;;
240408;0400;;;;
240408;0500;;;;
240408;0600;;;;
240408;0700;;;;
240408;0800;;;;
240408;0900;;;;
240408;1000;;;;
240408;1100;;;;
240408;1200;;;;
240408;1300;;;;
240408;1400;;;;
240408;1500;;;;
240408;1600;;;;
240408;1700;;;;
240408;1800;;;;
240408;1900;;;;
240408;2000;;;;
240408;2100;;;;
240408;2200;;;;
240408;2300;;;;
240409;0000;;;;
240409;0100;;;;
240409;0200;;;;
240409;0300;;;;
240409;0400;;;;
240409;0500;;;;
240409;0600;;;;
240409;0700;;;;
240409;0800;;;;
240409;0900;;;;
240409;1000;;;;
240409;1100;;;;
240409;1200;;;;
240409;1300;11;;;
240409;1400;11;;;
240409;1500;9;;;
240409;1600;11;;;
240409;1700;37;;;
240409;1800;75;;;
240409;1900;56;;;
240409;2000;29;;;
240409;2100;31;;;
240409;2200;34;;;
240409;2300;21;;;
240410;0000;21;;;
240410;0100;38;;;
240410;0200;21;;;
240410;0300;21;;;
240410;0400;23;;;
240410;0500;33;;;
240410;0600;29;;;
240410;0700;29;;;
240410;0800;37;;;
240410;0900;41;;;
240410;1000;33;;;
240410;1100;33;;;
240410;1200;27;;;
240410;1300;20;;;
240410;1400;12;;;
240410;1500;10;;;
240410;1600;13;;;
240410;1700;10;;;
240410;1800;7;;;
240410;1900;11;;;
240410;2000;10;;;
240410;2100;8;;;
240410;2200;9;;;
240410;2300;17;;;
240411;0000;13;;;
240411;0100;12;;;
240411;0200;26;;;
240411;0300;14;;;
240411;0400;12;;;
240411;0500;17;;;
240411;0600;30;;;
240411;0700;19;;;
240411;0800;26;;;
240411;0900;21;;;
240411;1000;22;;;
240411;1100;20;;;
240411;1200;21;;;
240411;1300;20;;;
240411;1400;15;;;
240411;1500;18;;;
240411;1600;17;;;
240411;1700;12;;;
240411;1800;9;;;
240411;1900;10;;;
240411;2000;9;;;
240411;2100;8;;;
240411;2200;8;;;
240411;2300;8;;;
240412;0000;6;;;
240412;0100;9;;;
240412;0200;8;;;
240412;0300;7;;;
240412;0400;7;;;
240412;0500;8;;;
240412;0600;14;;;
240412;0700;21;;;
240412;0800;11;;;
240412;0900;10;;;
240412;1000;18;;;
240412;1100;26;;;
240412;1200;21;;;
240412;1300;6;;;
240412;1400;16;;;
240412;1500;15;;;
240412;1600;10;;;
240412;1700;16;;;
240412;1800;14;;;
240412;1900;12;;;
240412;2000;12;;;
240412;2100;12;;;
240412;2200;18;;;
240412;2300;15;;;
240413;0000;15;;;
240413;0100;12;;;
240413;0200;9;;;
240413;0300;13;;;
240413;0400;18;;;
240413;0500;15;;;
240413;0600;13;;;
240413;0700;17;;;
240413;0800;15;;;
240413;0900;29;;;
240413;1000;26;;;
240413;1100;18;;;
240413;1200;15;;;
240413;1300;17;;;
240413;1400;15;;;
240413;1500;17;;;
240413;1600;11;;;
240413;1700;16;;;
240413;1800;11;;;
240413;1900;9;;;
240413;2000;10;;;
240413;2100;9;;;
240413;2200;7;;;
240413;2300;11;;;
240414;0000;10;;;
240414;0100;12;;;
240414;0200;9;;;
240414;0300;12;;;
240414;0400;22;;;
240414;0500;14;;;
240414;0600;19;;;
240414;0700;26;;;
240414;0800;27;;;
240414;0900;16;;;
240414;1000;19;;;
240414;1100;14;;;
240414;1200;13;;;
240414;1300;10;;;
240414;1400;11;;;
240414;1500;13;;;
240414;1600;8;;;
240414;1700;5;;;
240414;1800;7;;;
240414;1900;10;;;
240414;2000;7;;;
240414;2100;6;;;
240414;2200;5;;;
240414;2300;5;;;
240415;0000;4;;;
240415;0100;3;;;
240415;0200;5;;;
240415;0300;7;;;
240415;0400;5;;;
240415;0500;9;;;
240415;0600;12;;;
240415;0700;11;;;
240415;0800;12;;;
240415;0900;14;;;
240415;1000;10;;;
240415;1100;12;;;
240415;1200;13;;;
240415;1300;11;;;
240415;1400;11;;;
240415;1500;12;;;
240415;1600;8;;;
240415;1700;7;;;
240415;1800;9;;;
240415;1900;7;;;
240415;2000;16;;;
240415;2100;15;;;
240415;2200;14;;;
240415;2300;25;;;
240416;0000;34;;;
240416;0100;27;;;
240416;0200;33;;;
240416;0300;34;;;
240416;0400;28;;;
240416;0500;23;;;
240416;0600;34;;;
240416;0700;29;;;
240416;0800;27;;;
240416;0900;31;;;
240416;1000;20;;;
240416;1100;22;;;
240416;1200;26;;;
240416;1300;20;;;
240416;1400;8;;;
240416;1500;13;;;
240416;1600;14;;;
240416;1700;8;;;
240416;1800;9;;;
240416;1900;10;;;
240416;2000;17;;;
240416;2100;15;;;
240416;2200;19;;;
240416;2300;29;;;
240417;0000;34;;;
240417;0100;24;;;
240417;0200;17;;;
240417;0300;18;;;
240417;0400;19;;;
240417;0500;17;;;
240417;0600;17;;;
240417;0700;28;;;
240417;0800;30;;;
240417;0900;28;;;
240417;1000;19;;;
240417;1100;22;;;
240417;1200;23;;;
240417;1300;15;;;
240417;1400;27;;;
240417;1500;11;;;
240417;1600;16;;;
240417;1700;16;;;
240417;1800;15;;;
240417;1900;26;;;
240417;2000;26;;;
240417;2100;35;;;
240417;2200;42;;;
240417;2300;33;;;
240418;0000;29;;;
240418;0100;24;;;
240418;0200;22;;;
240418;0300;14;;;
240418;0400;16;;;
240418;0500;16;;;
240418;0600;12;;;
240418;0700;29;;;
240418;0800;32;;;
240418;0900;35;;;
240418;1000;43;;;
240418;1100;34;;;
240418;1200;25;;;
240418;1300;16;;;
240418;1400;15;;;
240418;1500;9;;;
240418;1600;4;;;
240418;1700;9;;;
240418;1800;14;;;
240418;1900;13;;;
240418;2000;12;;;
240418;2100;14;;;
240418;2200;11;;;
240418;2300;17;;;
240419;0000;33;;;
240419;0100;34;;;
240419;0200;38;;;
240419;0300;29;;;
240419;0400;15;;;
240419;0500;25;;;
240419;0600;22;;;
240419;0700;15;;;
240419;0800;27;;;
240419;0900;26;;;
240419;1000;28;;;
240419;1100;25;;;
240419;1200;17;;;
240419;1300;25;;;
240419;1400;22;;;
240419;1500;16;;;
240419;1600;16;;;
240419;1700;17;;;
240419;1800;17;;;
240419;1900;12;;;
240419;2000;15;;;
240419;2100;25;;;
240419;2200;30;;;
240419;2300;26;;;
240420;0000;36;;;
240420;0100;38;;;
240420;0200;31;;;
240420;0300;33;;;
240420;0400;27;;;
240420;0500;27;;;
240420;0600;29;;;
240420;0700;35;;;
240420;0800;36;;;
240420;0900;34;;;
240420;1000;34;;;
240420;1100;35;;;
240420;1200;27;;;
240420;1300;24;;;
240420;1400;21;;;
240420;1500;17;;;
240420;1600;19;;;
240420;1700;17;;;
240420;1800;19;;;
240420;1900;14;;;
240420;2000;16;;;
240420;2100;22;;;
240420;2200;23;;;
240420;2300;25;;;
240421;0000;26;;;
240421;0100;24;;;
240421;0200;21;;;
240421;0300;25;;;
240421;0400;23;;;
240421;0500;26;;;
240421;0600;30;;;
240421;0700;15;;;
240421;0800;19;;;
240421;0900;30;;;
240421;1000;26;;;
240421;1100;20;;;
240421;1200;17;;;
240421;1300;12;;;
240421;1400;12;;;
240421;1500;9;;;
240421;1600;8;;;
240421;1700;8;;;
240421;1800;8;;;
240421;1900;5;;;
240421;2000;5;;;
240421;2100;10;;;
240421;2200;15;;;
240421;2300;15;;;
240422;0000;12;;;
240422;0100;17;;;
240422;0200;18;;;
240422;0300;19;;;
240422;0400;22;;;
240422;0500;21;;;
240422;0600;19;;;
240422;0700;26;;;
240422;0800;28;;;
240422;0900;24;;;
240422;1000;11;;;
240422;1100;10;;;
240422;1200;8;;;
240422;1300;5;;;
240422;1400;3;;;
240422;1500;5;;;
240422;1600;4;;;
240422;1700;1;;;
240422;1800;2;;;
240422;1900;6;;;
240422;2000;4;;;
240422;2100;2;;;
240422;2200;17;;;
240422;2300;12;;;
240423;0000;15;;;
240423;0100;12;;;
240423;0200;13;;;
240423;0300;9;;;
240423;0400;13;;;
240423;0500;17;;;
240423;0600;21;;;
240423;0700;25;;;
240423;0800;17;;;
240423;0900;16;;;
240423;1000;24;;;
240423;1100;25;;;
240423;1200;27;;;
240423;1300;23;;;
240423;1400;20;;;
240423;1500;20;;;
240423;1600;10;;;
240423;1700;8;;;
240423;1800;7;;;
240423;1900;14;;;
240423;2000;27;;;
240423;2100;24;;;
240423;2200;27;;;
240423;2300;23;;;
240424;0000;24;;;
240424;0100;26;;;
240424;0200;24;;;
240424;0300;17;;;
240424;0400;29;;;
240424;0500;27;;;
240424;0600;35;;;
240424;0700;25;;;
240424;0800;40;;;
240424;0900;23;;;
240424;1000;29;;;
240424;1100;10;;;
240424;1200;10;;;
240424;1300;16;;;
240424;1400;9;;;
240424;1500;11;;;
240424;1600;9;;;
240424;1700;5;;;
240424;1800;4;;;
240424;1900;9;;;
240424;2000;9;;;
240424;2100;11;;;
240424;2200;8;;;
240424;2300;16;;;
240425;0000;34;;;
240425;0100;29;;;
240425;0200;29;;;
240425;0300;26;;;
240425;0400;34;;;
240425;0500;29;;;
240425;0600;32;;;
240425;0700;32;;;
240425;0800;28;;;
240425;0900;31;;;
240425;1000;21;;;
240425;1100;19;;;
240425;1200;20;;;
240425;1300;19;;;
240425;1400;13;;;
240425;1500;8;;;
240425;1600;6;;;
240425;1700;6;;;
240425;1800;10;;;
240425;1900;6;;;
240425;2000;4;;;
240425;2100;6;;;
240425;2200;8;;;
240425;2300;7;;;
240426;0000;6;;;
240426;0100;15;;;
240426;0200;21;;;
240426;0300;22;;;
240426;0400;26;;;
240426;0500;26;;;
240426;0600;28;;;
240426;0700;42;;;
240426;0800;46;;;
240426;0900;19;;;
240426;1000;18;;;
240426;1100;14;;;
240426;1200;12;;;
240426;1300;13;;;
240426;1400;11;;;
240426;1500;6;;;
240426;1600;5;;;
240426;1700;3;;;
240426;1800;4;;;
240426;1900;6;;;
240426;2000;7;;;
240426;2100;9;;;
240426;2200;6;;;
240426;2300;4;;;
240427;0000;6;;;
240427;0100;8;;;
240427;0200;9;;;
240427;0300;9;;;
240427;0400;7;;;
240427;0500;7;;;
240427;0600;11;;;
240427;0700;17;;;
240427;0800;9;;;
240427;0900;13;;;
240427;1000;8;;;
240427;1100;11;;;
240427;1200;14;;;
240427;1300;20;;;
240427;1400;12;;;
240427;1500;13;;;
240427;1600;8;;;
240427;1700;10;;;
240427;1800;8;;;
240427;1900;12;;;
240427;2000;11;;;
240427;2100;18;;;
240427;2200;16;;;
240427;2300;21;;;
240428;0000;15;;;
240428;0100;18;;;
240428;0200;18;;;
240428;0300;16;;;
240428;0400;18;;;
240428;0500;21;;;
240428;0600;14;;;
240428;0700;22;;;
240428;0800;19;;;
240428;0900;20;;;
240428;1000;18;;;
240428;1100;18;;;
240428;1200;16;;;
240428;1300;19;;;
240428;1400;19;;;
240428;1500;14;;;
240428;1600;17;;;
240428;1700;11;;;
240428;1800;16;;;
240428;1900;13;;;
240428;2000;21;;;
240428;2100;29;;;
240428;2200;26;;;
240428;2300;17;;;
240429;0000;8;;;
240429;0100;12;;;
240429;0200;12;;;
240429;0300;10;;;
240429;0400;11;;;
240429;0500;16;;;
240429;0600;16;;;
240429;0700;14;;;
240429;0800;20;;;
240429;0900;6;;;
240429;1000;8;;;
240429;1100;8;;;
240429;1200;14;;;
240429;1300;11;;;
240429;1400;11;;;
240429;1500;6;;;
240429;1600;4;;;
240429;1700;5;;;
240429;1800;4;;;
240429;1900;8;;;
240429;2000;3;;;
240429;2100;1;;;
240429;2200;8;;;
240429;2300;11;;;
240430;0000;9;;;
240430;0100;14;;;
240430;0200;24;;;
240430;0300;14;;;
240430;0400;13;;;
240430;0500;16;;;
240430;0600;13;;;
240430;0700;21;;;
240430;0800;8;;;
240430;0900;4;;;
240430;1000;2;;;
240430;1100;2;;;
240430;1200;1;;;
240430;1300;6;;;
240430;1400;5;;;
240430;1500;2;;;
240430;1600;3;;;
240430;1700;5;;;
240430;1800;5;;;
240430;1900;5;;;
240430;2000;7;;;
240430;2100;9;;;
240430;2200;7;;;
240430;2300;21;;;
240501;0000;15;;;
240501;0100;16;;;
240501;0200;18;;;
240501;0300;18;;;
240501;0400;20;;;
240501;0500;17;;;
240501;0600;11;;;
240501;0700;12;;;
240501;0800;12;;;
240501;0900;13;;;
240501;1000;7;;;
240501;1100;5;;;
240501;1200;6;;;
240501;1300;7;;;
240501;1400;9;;;
240501;1500;7;;;
240501;1600;5;;;
240501;1700;5;;;
240501;1800;3;;;
240501;1900;11;;;
240501;2000;34;;;
240501;2100;7;;;
240501;2200;19;;;
240501;2300;22;;;
240502;0000;23;;;
240502;0100;34;;;
240502;0200;28;;;
240502;0300;35;;;
240502;0400;31;;;
240502;0500;25;;;
240502;0600;25;;;
240502;0700;28;;;
240502;0800;23;;;
240502;0900;18;;;
240502;1000;28;;;
240502;1100;20;;;
240502;1200;17;;;
240502;1300;17;;;
240502;1400;17;;;
240502;1500;17;;;
240502;1600;12;;;
240502;1700;15;;;
240502;1800;19;;;
240502;1900;18;;;
240502;2000;20;;;
240502;2100;17;;;
240502;2200;13;;;
240502;2300;17;;;
240503;0000;18;;;
240503;0100;16;;;
240503;0200;21;;;
240503;0300;17;;;
240503;0400;25;;;
240503;0500;32;;;
240503;0600;32;;;
240503;0700;27;;;
240503;0800;35;;;
240503;0900;29;;;
240503;1000;35;;;
240503;1100;21;;;
240503;1200;21;;;
240503;1300;17;;;
240503;1400;12;;;
240503;1500;13;;;
240503;1600;16;;;
240503;1700;12;;;
240503;1800;20;;;
240503;1900;23;;;
240503;2000;12;;;
240503;2100;18;;;
240503;2200;15;;;
240503;2300;20;;;
240504;0000;17;;;
240504;0100;22;;;
240504;0200;23;;;
240504;0300;25;;;
240504;0400;28;;;
240504;0500;26;;;
240504;0600;36;;;
240504;0700;29;;;
240504;0800;40;;;
240504;0900;38;;;
240504;1000;29;;;
240504;1100;23;;;
240504;1200;15;;;
240504;1300;12;;;
240504;1400;10;;;
240504;1500;8;;;
240504;1600;6;;;
240504;1700;4;;;
240504;1800;11;;;
240504;1900;11;;;
240504;2000;12;;;
240504;2100;32;;;
240504;2200;63;;;
240504;2300;68;;;
240505;0000;73;;;
240505;0100;65;;;
240505;0200;50;;;
240505;0300;58;;;
240505;0400;62;;;
240505;0500;57;;;
240505;0600;49;;;
240505;0700;42;;;
240505;0800;51;;;
240505;0900;41;;;
240505;1000;37;;;
240505;1100;23;;;
240505;1200;21;;;
240505;1300;27;;;
240505;1400;24;;;
240505;1500;24;;;
240505;1600;18;;;
240505;1700;11;;;
240505;1800;13;;;
240505;1900;10;;;
240505;2000;23;;;
240505;2100;29;;;
240505;2200;35;;;
240505;2300;29;;;
240506;0000;36;;;
240506;0100;52;;;
240506;0200;46;;;
240506;0300;38;;;
240506;0400;32;;;
240506;0500;35;;;
240506;0600;26;;;
240506;0700;33;;;
240506;0800;37;;;
240506;0900;31;;;
240506;1000;29;;;
240506;1100;28;;;
240506;1200;22;;;
240506;1300;15;;;
240506;1400;12;;;
240506;1500;16;;;
240506;1600;10;;;
240506;1700;9;;;
240506;1800;19;;;
240506;1900;5;;;
240506;2000;8;;;
240506;2100;16;;;
240506;2200;4;;;
240506;2300;3;;;
240507;0000;12;;;
240507;0100;18;;;
240507;0200;10;;;
240507;0300;14;;;
240507;0400;18;;;
240507;0500;18;;;
240507;0600;19;;;
240507;0700;18;;;
240507;0800;23;;;
240507;0900;27;;;
240507;1000;25;;;
240507;1100;19;;;
240507;1200;12;;;
240507;1300;9;;;
240507;1400;5;;;
240507;1500;1;;;
240507;1600;1;;;
240507;1700;1;;;
240507;1800;3;;;
240507;1900;1;;;
240507;2000;2;;;
240507;2100;4;;;
240507;2200;5;;;
240507;2300;12;;;
240508;0000;10;;;
240508;0100;12;;;
240508;0200;16;;;
240508;0300;26;;;
240508;0400;25;;;
240508;0500;24;;;
240508;0600;23;;;
240508;0700;33;;;
240508;0800;27;;;
240508;0900;18;;;
240508;1000;13;;;
240508;1100;9;;;
240508;1200;14;;;
240508;1300;10;;;
240508;1400;14;;;
240508;1500;10;;;
240508;1600;14;;;
240508;1700;18;;;
240508;1800;20;;;
240508;1900;15;;;
240508;2000;22;;;
240508;2100;39;;;
240508;2200;53;;;
240508;2300;60;;;
240509;0000;53;;;
240509;0100;47;;;
240509;0200;51;;;
240509;0300;52;;;
240509;0400;41;;;
240509;0500;42;;;
240509;0600;52;;;
240509;0700;51;;;
240509;0800;45;;;
240509;0900;37;;;
240509;1000;36;;;
240509;1100;32;;;
240509;1200;25;;;
240509;1300;22;;;
240509;1400;32;;;
240509;1500;28;;;
240509;1600;25;;;
240509;1700;26;;;
240509;1800;15;;;
240509;1900;20;;;
240509;2000;25;;;
240509;2100;51;;;
240509;2200;64;;;
240509;2300;76;;;
240510;0000;80;;;
240510;0100;66;;;
240510;0200;60;;;
240510;0300;56;;;
240510;0400;45;;;
240510;0500;46;;;
240510;0600;52;;;
240510;0700;57;;;
240510;0800;52;;;
240510;0900;25;;;
240510;1000;23;;;
240510;1100;19;;;
240510;1200;13;;;
240510;1300;14;;;
240510;1400;16;;;
240510;1500;17;;;
240510;1600;12;;;
240510;1700;17;;;
240510;1800;11;;;
240510;1900;15;;;
240510;2000;29;;;
240510;2100;30;;;
240510;2200;59;;;
240510;2300;81;;;
240511;0000;89;;;
240511;0100;96;;;
240511;0200;82;;;
240511;0300;76;;;
240511;0400;74;;;
240511;0500;58;;;
240511;0600;60;;;
240511;0700;57;;;
240511;0800;57;;;
240511;0900;70;;;
240511;1000;55;;;
240511;1100;51;;;
240511;1200;45;;;
240511;1300;32;;;
240511;1400;29;;;
240511;1500;30;;;
240511;1600;34;;;
240511;1700;22;;;
240511;1800;25;;;
240511;1900;36;;;
240511;2000;45;;;
240511;2100;28;;;
240511;2200;54;;;
240511;2300;27;;;
240512;0000;27;;;
240512;0100;35;;;
240512;0200;28;;;
240512;0300;61;;;
240512;0400;54;;;
240512;0500;37;;;
240512;0600;44;;;
240512;0700;45;;;
240512;0800;55;;;
240512;0900;44;;;
240512;1000;31;;;
240512;1100;36;;;
240512;1200;28;;;
240512;1300;26;;;
240512;1400;19;;;
240512;1500;20;;;
240512;1600;16;;;
240512;1700;12;;;
240512;1800;19;;;
240512;1900;22;;;
240512;2000;25;;;
240512;2100;31;;;
240512;2200;35;;;
240512;2300;30;;;
240513;0000;32;;;
240513;0100;63;;;
240513;0200;62;;;
240513;0300;64;;;
240513;0400;50;;;
240513;0500;50;;;
240513;0600;40;;;
240513;0700;48;;;
240513;0800;43;;;
240513;0900;37;;;
240513;1000;35;;;
240513;1100;35;;;
240513;1200;30;;;
240513;1300;26;;;
240513;1400;27;;;
240513;1500;31;;;
240513;1600;23;;;
240513;1700;27;;;
240513;1800;27;;;
240513;1900;24;;;
240513;2000;33;;;
240513;2100;33;;;
240513;2200;41;;;
240513;2300;64;;;
240514;0000;58;;;
240514;0100;54;;;
240514;0200;44;;;
240514;0300;44;;;
240514;0400;47;;;
240514;0500;40;;;
240514;0600;45;;;
240514;0700;45;;;
240514;0800;53;;;
240514;0900;45;;;
240514;1000;45;;;
240514;1100;45;;;
240514;1200;39;;;
240514;1300;30;;;
240514;1400;28;;;
240514;1500;28;;;
240514;1600;24;;;
240514;1700;21;;;
240514;1800;28;;;
240514;1900;46;;;
240514;2000;49;;;
240514;2100;83;;;
240514;2200;85;;;
240514;2300;81;;;
240515;0000;71;;;
240515;0100;69;;;
240515;0200;69;;;
240515;0300;61;;;
240515;0400;50;;;
240515;0500;34;;;
240515;0600;38;;;
240515;0700;44;;;
240515;0800;48;;;
240515;0900;37;;;
240515;1000;18;;;
240515;1100;22;;;
240515;1200;17;;;
240515;1300;18;;;
240515;1400;11;;;
240515;1500;10;;;
240515;1600;10;;;
240515;1700;9;;;
240515;1800;18;;;
240515;1900;24;;;
240515;2000;39;;;
240515;2100;52;;;
240515;2200;64;;;
240515;2300;61;;;
240516;0000;60;;;
240516;0100;62;;;
240516;0200;46;;;
240516;0300;36;;;
240516;0400;37;;;
240516;0500;34;;;
240516;0600;36;;;
240516;0700;46;;;
240516;0800;52;;;
240516;0900;33;;;
240516;1000;36;;;
240516;1100;35;;;
240516;1200;27;;;
240516;1300;23;;;
240516;1400;21;;;
240516;1500;15;;;
240516;1600;14;;;
240516;1700;15;;;
240516;1800;17;;;
240516;1900;17;;;
240516;2000;14;;;
240516;2100;40;;;
240516;2200;56;;;
240516;2300;70;;;
240517;0000;76;;;
240517;0100;54;;;
240517;0200;49;;;
240517;0300;47;;;
240517;0400;45;;;
240517;0500;42;;;
240517;0600;46;;;
240517;0700;59;;;
240517;0800;56;;;
240517;0900;57;;;
240517;1000;37;;;
240517;1100;31;;;
240517;1200;17;;;
240517;1300;19;;;
240517;1400;19;;;
240517;1500;17;;;
240517;1600;16;;;
240517;1700;15;;;
240517;1800;20;;;
240517;1900;35;;;
240517;2000;24;;;
240517;2100;47;;;
240517;2200;27;;;
240517;2300;55;;;
240518;0000;83;;;
240518;0100;95;;;
240518;0200;81;;;
240518;0300;57;;;
240518;0400;46;;;
240518;0500;38;;;
240518;0600;44;;;
240518;0700;41;;;
240518;0800;49;;;
240518;0900;35;;;
240518;1000;50;;;
240518;1100;34;;;
240518;1200;33;;;
240518;1300;26;;;
240518;1400;23;;;
240518;1500;27;;;
240518;1600;26;;;
240518;1700;29;;;
240518;1800;29;;;
240518;1900;32;;;
240518;2000;48;;;
240518;2100;62;;;
240518;2200;111;;;
240518;2300;115;;;
240519;0000;112;;;
240519;0100;69;;;
240519;0200;86;;;
240519;0300;75;;;
240519;0400;66;;;
240519;0500;57;;;
240519;0600;61;;;
240519;0700;62;;;
240519;0800;55;;;
240519;0900;41;;;
240519;1000;40;;;
240519;1100;47;;;
240519;1200;45;;;
240519;1300;32;;;
240519;1400;27;;;
240519;1500;31;;;
240519;1600;34;;;
240519;1700;48;;;
240519;1800;57;;;
240519;1900;73;;;
240519;2000;80;;;
240519;2100;96;;;
240519;2200;88;;;
240519;2300;80;;;
240520;0000;65;;;
240520;0100;67;;;
240520;0200;57;;;
240520;0300;56;;;
240520;0400;51;;;
240520;0500;48;;;
240520;0600;61;;;
240520;0700;49;;;
240520;0800;48;;;
240520;0900;61;;;
240520;1000;26;;;
240520;1100;43;;;
240520;1200;30;;;
240520;1300;36;;;
240520;1400;30;;;
240520;1500;36;;;
240520;1600;28;;;
240520;1700;28;;;
240520;1800;30;;;
240520;1900;22;;;
240520;2000;22;;;
240520;2100;24;;;
240520;2200;17;;;
240520;2300;14;;;
240521;0000;22;;;
240521;0100;14;;;
240521;0200;11;;;
240521;0300;21;;;
240521;0400;16;;;
240521;0500;14;;;
240521;0600;15;;;
240521;0700;20;;;
240521;0800;11;;;
240521;0900;12;;;
240521;1000;17;;;
240521;1100;17;;;
240521;1200;12;;;
240521;1300;12;;;
240521;1400;11;;;
240521;1500;17;;;
240521;1600;12;;;
240521;1700;21;;;
240521;1800;22;;;
240521;1900;22;;;
240521;2000;26;;;
240521;2100;20;;;
240521;2200;23;;;
240521;2300;24;;;
240522;0000;23;;;
240522;0100;28;;;
240522;0200;29;;;
240522;0300;29;;;
240522;0400;30;;;
240522;0500;26;;;
240522;0600;32;;;
240522;0700;26;;;
240522;0800;24;;;
240522;0900;25;;;
240522;1000;17;;;
240522;1100;10;;;
240522;1200;9;;;
240522;1300;9;;;
240522;1400;12;;;
240522;1500;10;;;
240522;1600;9;;;
240522;1700;12;;;
240522;1800;9;;;
240522;1900;7;;;
240522;2000;10;;;
240522;2100;9;;;
240522;2200;8;;;
240522;2300;11;;;
240523;0000;15;;;
240523;0100;10;;;
240523;0200;10;;;
240523;0300;8;;;
240523;0400;4;;;
240523;0500;4;;;
240523;0600;4;;;
240523;0700;7;;;
240523;0800;9;;;
240523;0900;7;;;
240523;1000;6;;;
240523;1100;7;;;
240523;1200;6;;;
240523;1300;7;;;
240523;1400;9;;;
240523;1500;10;;;
240523;1600;11;;;
240523;1700;11;;;
240523;1800;22;;;
240523;1900;47;;;
240523;2000;49;;;
240523;2100;48;;;
240523;2200;71;;;
240523;2300;55;;;
240524;0000;39;;;
240524;0100;43;;;
240524;0200;32;;;
240524;0300;31;;;
240524;0400;28;;;
240524;0500;25;;;
240524;0600;23;;;
240524;0700;28;;;
240524;0800;26;;;
240524;0900;44;;;
240524;1000;27;;;
240524;1100;40;;;
240524;1200;41;;;
240524;1300;30;;;
240524;1400;32;;;
240524;1500;29;;;
240524;1600;36;;;
240524;1700;37;;;
240524;1800;28;;;
240524;1900;39;;;
240524;2000;56;;;
240524;2100;56;;;
240524;2200;83;;;
240524;2300;83;;;
240525;0000;94;;;
240525;0100;98;;;
240525;0200;71;;;
240525;0300;62;;;
240525;0400;63;;;
240525;0500;49;;;
240525;0600;55;;;
240525;0700;51;;;
240525;0800;59;;;
240525;0900;56;;;
240525;1000;46;;;
240525;1100;27;;;
240525;1200;17;;;
240525;1300;12;;;
240525;1400;18;;;
240525;1500;22;;;
240525;1600;20;;;
240525;1700;22;;;
240525;1800;22;;;
240525;1900;19;;;
240525;2000;14;;;
240525;2100;15;;;
240525;2200;19;;;
240525;2300;14;;;
240526;0000;19;;;
240526;0100;22;;;
240526;0200;14;;;
240526;0300;17;;;
240526;0400;26;;;
240526;0500;19;;;
240526;0600;20;;;
240526;0700;22;;;
240526;0800;29;;;
240526;0900;28;;;
240526;1000;27;;;
240526;1100;31;;;
240526;1200;28;;;
240526;1300;9;;;
240526;1400;14;;;
240526;1500;10;;;
240526;1600;12;;;
240526;1700;11;;;
240526;1800;20;;;
240526;1900;32;;;
240526;2000;50;;;
240526;2100;58;;;
240526;2200;45;;;
240526;2300;63;;;
240527;0000;54;;;
240527;0100;31;;;
240527;0200;27;;;
240527;0300;24;;;
240527;0400;25;;;
240527;0500;20;;;
240527;0600;19;;;
240527;0700;29;;;
240527;0800;31;;;
240527;0900;37;;;
240527;1000;41;;;
240527;1100;45;;;
240527;1200;34;;;
240527;1300;28;;;
240527;1400;30;;;
240527;1500;36;;;
240527;1600;36;;;
240527;1700;43;;;
240527;1800;48;;;
240527;1900;63;;;
240527;2000;84;;;
240527;2100;64;;;
240527;2200;56;;;
240527;2300;66;;;
240528;0000;83;;;
240528;0100;84;;;
240528;0200;80;;;
240528;0300;62;;;
240528;0400;48;;;
240528;0500;33;;;
240528;0600;34;;;
240528;0700;39;;;
240528;0800;40;;;
240528;0900;53;;;
240528;1000;52;;;
240528;1100;40;;;
240528;1200;28;;;
240528;1300;21;;;
240528;1400;32;;;
240528;1500;19;;;
240528;1600;;;;
240528;1700;29;;;
240528;1800;26;;;
240528;1900;25;;;
240528;2000;38;;;
240528;2100;40;;;
240528;2200;36;;;
240528;2300;39;;;
240529;0000;67;;;
240529;0100;55;;;
240529;0200;53;;;
240529;0300;51;;;
240529;0400;48;;;
240529;0500;47;;;
240529;0600;52;;;
240529;0700;54;;;
240529;0800;61;;;
240529;0900;67;;;
240529;1000;77;;;
240529;1100;70;;;
240529;1200;52;;;
240529;1300;60;;;
240529;1400;60;;;
240529;1500;55;;;
240529;1600;59;;;
240529;1700;56;;;
240529;1800;54;;;
240529;1900;62;;;
240529;2000;85;;;
240529;2100;73;;;
240529;2200;80;;;
240529;2300;81;;;
240530;0000;88;;;
240530;0100;81;;;
240530;0200;77;;;
240530;0300;61;;;
240530;0400;58;;;
240530;0500;48;;;
240530;0600;35;;;
240530;0700;51;;;
240530;0800;58;;;
240530;0900;61;;;
240530;1000;51;;;
240530;1100;68;;;
240530;1200;62;;;
240530;1300;39;;;
240530;1400;34;;;
240530;1500;27;;;
240530;1600;39;;;
240530;1700;46;;;
240530;1800;;;;
240530;1900;104;;;
240530;2000;106;;;
240530;2100;96;;;
240530;2200;83;;;
240530;2300;71;;;
240531;0000;64;;;
240531;0100;63;;;
240531;0200;50;;;
240531;0300;44;;;
240531;0400;63;;;
240531;0500;46;;;
240531;0600;43;;;
240531;0700;37;;;
240531;0800;47;;;
240531;0900;55;;;
240531;1000;54;;;
240531;1100;80;;;
240531;1200;52;;;
240531;1300;48;;;
240531;1400;31;;;
240531;1500;36;;;
240531;1600;34;;;
240531;1700;31;;;
240531;1800;38;;;
240531;1900;54;;;
240531;2000;60;;;
240531;2100;103;;;
240531;2200;118;;;
240531;2300;103;;;
240601;0000;98;;;
240601;0100;106;;;
240601;0200;103;;;
240601;0300;87;;;
240601;0400;62;;;
240601;0500;54;;;
240601;0600;49;;;
240601;0700;46;;;
240601;0800;45;;;
240601;0900;42;;;
240601;1000;38;;;
240601;1100;42;;;
240601;1200;42;;;
240601;1300;35;;;
240601;1400;35;;;
240601;1500;33;;;
240601;1600;30;;;
240601;1700;33;;;
240601;1800;40;;;
240601;1900;74;;;
240601;2000;101;;;
240601;2100;109;;;
240601;2200;121;;;
240601;2300;107;;;
240602;0000;82;;;
240602;0100;64;;;
240602;0200;75;;;
240602;0300;70;;;
240602;0400;61;;;
240602;0500;59;;;
240602;0600;58;;;
240602;0700;61;;;
240602;0800;63;;;
240602;0900;56;;;
240602;1000;56;;;
240602;1100;47;;;
240602;1200;52;;;
240602;1300;61;;;
240602;1400;58;;;
240602;1500;58;;;
240602;1600;59;;;
240602;1700;64;;;
240602;1800;90;;;
240602;1900;117;;;
240602;2000;115;;;
240602;2100;112;;;
240602;2200;110;;;
240602;2300;85;;;
240603;0000;88;;;
240603;0100;95;;;
240603;0200;63;;;
240603;0300;48;;;
240603;0400;73;;;
240603;0500;69;;;
240603;0600;52;;;
240603;0700;51;;;
240603;0800;63;;;
240603;0900;51;;;
240603;1000;45;;;
240603;1100;54;;;
240603;1200;38;;;
240603;1300;33;;;
240603;1400;25;;;
240603;1500;24;;;
240603;1600;31;;;
240603;1700;38;;;
240603;1800;42;;;
240603;1900;48;;;
240603;2000;43;;;
240603;2100;47;;;
240603;2200;39;;;
240603;2300;38;;;
240604;0000;51;;;
240604;0100;39;;;
240604;0200;43;;;
240604;0300;52;;;
240604;0400;49;;;
240604;0500;57;;;
240604;0600;61;;;
240604;0700;53;;;
240604;0800;64;;;
240604;0900;61;;;
240604;1000;76;;;
240604;1100;79;;;
240604;1200;65;;;
240604;1300;65;;;
240604;1400;69;;;
240604;1500;67;;;
240604;1600;72;;;
240604;1700;78;;;
240604;1800;80;;;
240604;1900;88;;;
240604;2000;98;;;
240604;2100;102;;;
240604;2200;103;;;
240604;2300;98;;;
240605;0000;89;;;
240605;0100;82;;;
240605;0200;75;;;
240605;0300;88;;;
240605;0400;88;;;
240605;0500;79;;;
240605;0600;79;;;
240605;0700;83;;;
240605;0800;78;;;
240605;0900;69;;;
240605;1000;67;;;
240605;1100;97;;;
240605;1200;;;;
240605;1300;;;;
240605;1400;30;;;
240605;1500;29;;;
240605;1600;28;;;
240605;1700;35;;;
240605;1800;36;;;
240605;1900;48;;;
240605;2000;43;;;
240605;2100;50;;;
240605;2200;62;;;
240605;2300;68;;;
240606;0000;64;;;
240606;0100;61;;;
240606;0200;63;;;
240606;0300;77;;;
240606;0400;65;;;
240606;0500;49;;;
240606;0600;50;;;
240606;0700;51;;;
240606;0800;51;;;
240606;0900;66;;;
240606;1000;83;;;
240606;1100;72;;;
240606;1200;58;;;
240606;1300;66;;;
240606;1400;54;;;
240606;1500;55;;;
240606;1600;58;;;
240606;1700;64;;;
240606;1800;81;;;
240606;1900;74;;;
240606;2000;87;;;
240606;2100;93;;;
240606;2200;102;;;
240606;2300;96;;;
240607;0000;107;;;
240607;0100;114;;;
240607;0200;107;;;
240607;0300;98;;;
240607;0400;95;;;
240607;0500;100;;;
240607;0600;92;;;
240607;0700;95;;;
240607;0800;90;;;
240607;0900;89;;;
240607;1000;63;;;
240607;1100;54;;;
240607;1200;39;;;
240607;1300;42;;;
240607;1400;41;;;
240607;1500;30;;;
240607;1600;19;;;
240607;1700;27;;;
240607;1800;51;;;
240607;1900;80;;;
240607;2000;97;;;
240607;2100;121;;;
240607;2200;126;;;
240607;2300;125;;;
240608;0000;105;;;
240608;0100;67;;;
240608;0200;67;;;
240608;0300;77;;;
240608;0400;53;;;
240608;0500;38;;;
240608;0600;36;;;
240608;0700;54;;;
240608;0800;54;;;
240608;0900;27;;;
240608;1000;25;;;
240608;1100;33;;;
240608;1200;24;;;
240608;1300;27;;;
240608;1400;19;;;
240608;1500;16;;;
240608;1600;7;;;
240608;1700;10;;;
240608;1800;15;;;
240608;1900;25;;;
240608;2000;25;;;
240608;2100;7;;;
240608;2200;6;;;
240608;2300;3;;;
240609;0000;4;;;
240609;0100;4;;;
240609;0200;2;;;
240609;0300;1;;;
240609;0400;5;;;
240609;0500;4;;;
240609;0600;3;;;
240609;0700;4;;;
240609;0800;5;;;
240609;0900;7;;;
240609;1000;9;;;
240609;1100;6;;;
240609;1200;3;;;
240609;1300;10;;;
240609;1400;9;;;
240609;1500;15;;;
240609;1600;24;;;
240609;1700;19;;;
240609;1800;26;;;
240609;1900;9;;;
240609;2000;15;;;
240609;2100;18;;;
240609;2200;25;;;
240609;2300;21;;;
240610;0000;15;;;
240610;0100;18;;;
240610;0200;19;;;
240610;0300;20;;;
240610;0400;22;;;
240610;0500;21;;;
240610;0600;22;;;
240610;0700;25;;;
240610;0800;32;;;
240610;0900;35;;;
240610;1000;31;;;
240610;1100;36;;;
240610;1200;44;;;
240610;1300;21;;;
240610;1400;22;;;
240610;1500;28;;;
240610;1600;36;;;
240610;1700;25;;;
240610;1800;25;;;
240610;1900;35;;;
240610;2000;28;;;
240610;2100;30;;;
240610;2200;38;;;
240610;2300;33;;;
240611;0000;41;;;
240611;0100;48;;;
240611;0200;40;;;
240611;0300;44;;;
240611;0400;40;;;
240611;0500;39;;;
240611;0600;43;;;
240611;0700;42;;;
240611;0800;38;;;
240611;0900;28;;;
240611;1000;28;;;
240611;1100;32;;;
240611;1200;46;;;
240611;1300;46;;;
240611;1400;62;;;
240611;1500;66;;;
240611;1600;59;;;
240611;1700;58;;;
240611;1800;51;;;
240611;1900;62;;;
240611;2000;72;;;
240611;2100;73;;;
240611;2200;82;;;
240611;2300;84;;;
240612;0000;85;;;
240612;0100;83;;;
240612;0200;64;;;
240612;0300;63;;;
240612;0400;67;;;
240612;0500;49;;;
240612;0600;39;;;
240612;0700;38;;;
240612;0800;43;;;
240612;0900;47;;;
240612;1000;77;;;
240612;1100;46;;;
240612;1200;22;;;
240612;1300;12;;;
240612;1400;8;;;
240612;1500;7;;;
240612;1600;9;;;
240612;1700;10;;;
240612;1800;15;;;
240612;1900;20;;;
240612;2000;26;;;
240612;2100;11;;;
240612;2200;19;;;
240612;2300;21;;;
240613;0000;23;;;
240613;0100;21;;;
240613;0200;9;;;
240613;0300;9;;;
240613;0400;6;;;
240613;0500;7;;;
240613;0600;9;;;
240613;0700;6;;;
240613;0800;8;;;
240613;0900;6;;;
240613;1000;3;;;
240613;1100;7;;;
240613;1200;12;;;
240613;1300;8;;;
240613;1400;6;;;
240613;1500;9;;;
240613;1600;8;;;
240613;1700;8;;;
240613;1800;8;;;
240613;1900;5;;;
240613;2000;6;;;
240613;2100;14;;;
240613;2200;13;;;
240613;2300;7;;;
240614;0000;7;;;
240614;0100;5;;;
240614;0200;8;;;
240614;0300;8;;;
240614;0400;7;;;
240614;0500;4;;;
240614;0600;5;;;
240614;0700;6;;;
240614;0800;6;;;
240614;0900;6;;;
240614;1000;6;;;
240614;1100;6;;;
240614;1200;5;;;
240614;1300;4;;;
240614;1400;4;;;
240614;1500;4;;;
240614;1600;6;;;
240614;1700;11;;;
240614;1800;19;;;
240614;1900;20;;;
240614;2000;36;;;
240614;2100;57;;;
240614;2200;48;;;
240614;2300;50;;;
240615;0000;47;;;
240615;0100;42;;;
240615;0200;54;;;
240615;0300;35;;;
240615;0400;36;;;
240615;0500;26;;;
240615;0600;22;;;
240615;0700;21;;;
240615;0800;26;;;
240615;0900;20;;;
240615;1000;9;;;
240615;1100;14;;;
240615;1200;27;;;
240615;1300;21;;;
240615;1400;11;;;
240615;1500;19;;;
240615;1600;4;;;
240615;1700;8;;;
240615;1800;12;;;
240615;1900;41;;;
240615;2000;66;;;
240615;2100;92;;;
240615;2200;113;;;
240615;2300;148;;;
240616;0000;140;;;
240616;0100;101;;;
240616;0200;84;;;
240616;0300;75;;;
240616;0400;71;;;
240616;0500;64;;;
240616;0600;53;;;
240616;0700;41;;;
240616;0800;42;;;
240616;0900;31;;;
240616;1000;40;;;
240616;1100;33;;;
240616;1200;39;;;
240616;1300;34;;;
240616;1400;32;;;
240616;1500;31;;;
240616;1600;29;;;
240616;1700;34;;;
240616;1800;41;;;
240616;1900;50;;;
240616;2000;61;;;
240616;2100;75;;;
240616;2200;101;;;
240616;2300;110;;;
240617;0000;98;;;
240617;0100;100;;;
240617;0200;93;;;
240617;0300;62;;;
240617;0400;47;;;
240617;0500;41;;;
240617;0600;58;;;
240617;0700;52;;;
240617;0800;46;;;
240617;0900;54;;;
240617;1000;58;;;
240617;1100;58;;;
240617;1200;53;;;
240617;1300;46;;;
240617;1400;62;;;
240617;1500;38;;;
240617;1600;68;;;
240617;1700;63;;;
240617;1800;70;;;
240617;1900;54;;;
240617;2000;22;;;
240617;2100;11;;;
240617;2200;18;;;
240617;2300;14;;;
240618;0000;20;;;
240618;0100;11;;;
240618;0200;9;;;
240618;0300;9;;;
240618;0400;8;;;
240618;0500;13;;;
240618;0600;8;;;
240618;0700;13;;;
240618;0800;18;;;
240618;0900;13;;;
240618;1000;8;;;
240618;1100;4;;;
240618;1200;15;;;
240618;1300;16;;;
240618;1400;9;;;
240618;1500;12;;;
240618;1600;9;;;
240618;1700;7;;;
240618;1800;6;;;
240618;1900;3;;;
240618;2000;3;;;
240618;2100;6;;;
240618;2200;8;;;
240618;2300;12;;;
240619;0000;10;;;
240619;0100;10;;;
240619;0200;8;;;
240619;0300;9;;;
240619;0400;6;;;
240619;0500;5;;;
240619;0600;6;;;
240619;0700;10;;;
240619;0800;18;;;
240619;0900;20;;;
240619;1000;8;;;
240619;1100;6;;;
240619;1200;3;;;
240619;1300;10;;;
240619;1400;6;;;
240619;1500;6;;;
240619;1600;6;;;
240619;1700;4;;;
240619;1800;6;;;
240619;1900;29;;;
240619;2000;51;;;
240619;2100;44;;;
240619;2200;57;;;
240619;2300;55;;;
240620;0000;49;;;
240620;0100;62;;;
240620;0200;58;;;
240620;0300;60;;;
240620;0400;43;;;
240620;0500;58;;;
240620;0600;48;;;
240620;0700;34;;;
240620;0800;37;;;
240620;0900;38;;;
240620;1000;51;;;
240620;1100;26;;;
240620;1200;17;;;
240620;1300;7;;;
240620;1400;6;;;
240620;1500;7;;;
240620;1600;8;;;
240620;1700;14;;;
240620;1800;18;;;
240620;1900;19;;;
240620;2000;26;;;
240620;2100;31;;;
240620;2200;30;;;
240620;2300;39;;;
240621;0000;37;;;
240621;0100;43;;;
240621;0200;32;;;
240621;0300;14;;;
240621;0400;9;;;
240621;0500;7;;;
240621;0600;4;;;
240621;0700;3;;;
240621;0800;7;;;
240621;0900;6;;;
240621;1000;5;;;
240621;1100;8;;;
240621;1200;9;;;
240621;1300;16;;;
240621;1400;9;;;
240621;1500;11;;;
240621;1600;11;;;
240621;1700;7;;;
240621;1800;9;;;
240621;1900;7;;;
240621;2000;10;;;
240621;2100;8;;;
240621;2200;9;;;
240621;2300;8;;;
240622;0000;5;;;
240622;0100;11;;;
240622;0200;7;;;
240622;0300;6;;;
240622;0400;4;;;
240622;0500;1;;;
240622;0600;1;;;
240622;0700;6;;;
240622;0800;8;;;
240622;0900;9;;;
240622;1000;7;;;
240622;1100;8;;;
240622;1200;8;;;
240622;1300;9;;;
240622;1400;8;;;
240622;1500;11;;;
240622;1600;9;;;
240622;1700;6;;;
240622;1800;14;;;
240622;1900;8;;;
240622;2000;9;;;
240622;2100;8;;;
240622;2200;6;;;
240622;2300;6;;;
240623;0000;13;;;
240623;0100;10;;;
240623;0200;6;;;
240623;0300;12;;;
240623;0400;10;;;
240623;0500;16;;;
240623;0600;16;;;
240623;0700;16;;;
240623;0800;15;;;
240623;0900;19;;;
240623;1000;15;;;
240623;1100;14;;;
240623;1200;13;;;
240623;1300;13;;;
240623;1400;13;;;
240623;1500;15;;;
240623;1600;9;;;
240623;1700;7;;;
240623;1800;3;;;
240623;1900;11;;;
240623;2000;9;;;
240623;2100;9;;;
240623;2200;13;;;
240623;2300;7;;;
240624;0000;12;;;
240624;0100;10;;;
240624;0200;8;;;
240624;0300;13;;;
240624;0400;12;;;
240624;0500;14;;;
240624;0600;10;;;
240624;0700;14;;;
240624;0800;19;;;
240624;0900;22;;;
240624;1000;20;;;
240624;1100;17;;;
240624;1200;19;;;
240624;1300;23;;;
240624;1400;16;;;
240624;1500;18;;;
240624;1600;20;;;
240624;1700;42;;;
240624;1800;11;;;
240624;1900;14;;;
240624;2000;13;;;
240624;2100;12;;;
240624;2200;10;;;
240624;2300;12;;;
240625;0000;9;;;
240625;0100;14;;;
240625;0200;10;;;
240625;0300;12;;;
240625;0400;12;;;
240625;0500;11;;;
240625;0600;14;;;
240625;0700;18;;;
240625;0800;16;;;
240625;0900;19;;;
240625;1000;19;;;
240625;1100;10;;;
240625;1200;7;;;
240625;1300;7;;;
240625;1400;18;;;
240625;1500;14;;;
240625;1600;17;;;
240625;1700;17;;;
240625;1800;21;;;
240625;1900;26;;;
240625;2000;53;;;
240625;2100;51;;;
240625;2200;93;;;
240625;2300;76;;;
240626;0000;82;;;
240626;0100;67;;;
240626;0200;66;;;
240626;0300;50;;;
240626;0400;43;;;
240626;0500;39;;;
240626;0600;47;;;
240626;0700;51;;;
240626;0800;48;;;
240626;0900;44;;;
240626;1000;38;;;
240626;1100;43;;;
240626;1200;39;;;
240626;1300;33;;;
240626;1400;40;;;
240626;1500;35;;;
240626;1600;45;;;
240626;1700;58;;;
240626;1800;84;;;
240626;1900;96;;;
240626;2000;103;;;
240626;2100;90;;;
240626;2200;66;;;
240626;2300;66;;;
240627;0000;57;;;
240627;0100;49;;;
240627;0200;38;;;
240627;0300;36;;;
240627;0400;44;;;
240627;0500;43;;;
240627;0600;35;;;
240627;0700;41;;;
240627;0800;47;;;
240627;0900;50;;;
240627;1000;46;;;
240627;1100;81;;;
240627;1200;57;;;
240627;1300;19;;;
240627;1400;26;;;
240627;1500;33;;;
240627;1600;26;;;
240627;1700;29;;;
240627;1800;25;;;
240627;1900;31;;;
240627;2000;29;;;
240627;2100;35;;;
240627;2200;31;;;
240627;2300;29;;;
240628;0000;31;;;
240628;0100;30;;;
240628;0200;30;;;
240628;0300;35;;;
240628;0400;44;;;
240628;0500;54;;;
240628;0600;61;;;
240628;0700;57;;;
240628;0800;44;;;
240628;0900;34;;;
240628;1000;28;;;
240628;1100;28;;;
240628;1200;29;;;
240628;1300;33;;;
240628;1400;44;;;
240628;1500;43;;;
240628;1600;24;;;
240628;1700;22;;;
240628;1800;34;;;
240628;1900;32;;;
240628;2000;52;;;
240628;2100;85;;;
240628;2200;88;;;
240628;2300;74;;;
240629;0000;59;;;
240629;0100;62;;;
240629;0200;79;;;
240629;0300;98;;;
240629;0400;92;;;
240629;0500;72;;;
240629;0600;60;;;
240629;0700;66;;;
240629;0800;58;;;
240629;0900;54;;;
240629;1000;61;;;
240629;1100;66;;;
240629;1200;66;;;
240629;1300;66;;;
240629;1400;75;;;
240629;1500;61;;;
240629;1600;45;;;
240629;1700;52;;;
240629;1800;90;;;
240629;1900;107;;;
240629;2000;153;;;
240629;2100;215;;;
240629;2200;215;;;
240629;2300;206;;;
240630;0000;212;;;
240630;0100;167;;;
240630;0200;153;;;
240630;0300;118;;;
240630;0400;96;;;
240630;0500;95;;;
240630;0600;78;;;
240630;0700;67;;;
240630;0800;64;;;
240630;0900;48;;;
240630;1000;54;;;
240630;1100;55;;;
240630;1200;43;;;
240630;1300;31;;;
240630;1400;21;;;
240630;1500;28;;;
240630;1600;19;;;
240630;1700;32;;;
240630;1800;41;;;
240630;1900;72;;;
240630;2000;80;;;
240630;2100;76;;;
240630;2200;68;;;
240630;2300;59;;;
240701;0000;59;;;
240701;0100;48;;;
240701;0200;60;;;
240701;0300;55;;;
240701;0400;53;;;
240701;0500;38;;;
240701;0600;38;;;
240701;0700;39;;;
240701;0800;42;;;
240701;0900;45;;;
240701;1000;41;;;
240701;1100;40;;;
240701;1200;39;;;
240701;1300;35;;;
240701;1400;30;;;
240701;1500;22;;;
240701;1600;23;;;
240701;1700;30;;;
240701;1800;36;;;
240701;1900;50;;;
240701;2000;64;;;
240701;2100;64;;;
240701;2200;69;;;
240701;2300;77;;;
240702;0000;66;;;
240702;0100;55;;;
240702;0200;57;;;
240702;0300;39;;;
240702;0400;34;;;
240702;0500;23;;;
240702;0600;27;;;
240702;0700;26;;;
240702;0800;28;;;
240702;0900;40;;;
240702;1000;38;;;
240702;1100;29;;;
240702;1200;32;;;
240702;1300;31;;;
240702;1400;16;;;
240702;1500;25;;;
240702;1600;20;;;
240702;1700;27;;;
240702;1800;35;;;
240702;1900;40;;;
240702;2000;32;;;
240702;2100;38;;;
240702;2200;54;;;
240702;2300;64;;;
240703;0000;48;;;
240703;0100;46;;;
240703;0200;43;;;
240703;0300;43;;;
240703;0400;40;;;
240703;0500;40;;;
240703;0600;40;;;
240703;0700;41;;;
240703;0800;54;;;
240703;0900;63;;;
240703;1000;65;;;
240703;1100;56;;;
240703;1200;37;;;
240703;1300;40;;;
240703;1400;33;;;
240703;1500;31;;;
240703;1600;28;;;
240703;1700;26;;;
240703;1800;16;;;
240703;1900;21;;;
240703;2000;16;;;
240703;2100;14;;;
240703;2200;19;;;
240703;2300;22;;;
240704;0000;22;;;
240704;0100;24;;;
240704;0200;16;;;
240704;0300;20;;;
240704;0400;19;;;
240704;0500;28;;;
240704;0600;29;;;
240704;0700;34;;;
240704;0800;56;;;
240704;0900;66;;;
240704;1000;46;;;
240704;1100;41;;;
240704;1200;33;;;
240704;1300;32;;;
240704;1400;25;;;
240704;1500;25;;;
240704;1600;22;;;
240704;1700;12;;;
240704;1800;21;;;
240704;1900;20;;;
240704;2000;26;;;
240704;2100;23;;;
240704;2200;26;;;
240704;2300;36;;;
240705;0000;31;;;
240705;0100;27;;;
240705;0200;33;;;
240705;0300;43;;;
240705;0400;56;;;
240705;0500;58;;;
240705;0600;70;;;
240705;0700;116;;;
240705;0800;75;;;
240705;0900;76;;;
240705;1000;57;;;
240705;1100;53;;;
240705;1200;48;;;
240705;1300;47;;;
240705;1400;40;;;
240705;1500;36;;;
240705;1600;36;;;
240705;1700;49;;;
240705;1800;53;;;
240705;1900;72;;;
240705;2000;40;;;
240705;2100;57;;;
240705;2200;95;;;
240705;2300;120;;;
240706;0000;114;;;
240706;0100;98;;;
240706;0200;91;;;
240706;0300;99;;;
240706;0400;90;;;
240706;0500;84;;;
240706;0600;81;;;
240706;0700;82;;;
240706;0800;108;;;
240706;0900;104;;;
240706;1000;75;;;
240706;1100;62;;;
240706;1200;50;;;
240706;1300;38;;;
240706;1400;32;;;
240706;1500;17;;;
240706;1600;29;;;
240706;1700;43;;;
240706;1800;44;;;
240706;1900;39;;;
240706;2000;35;;;
240706;2100;26;;;
240706;2200;45;;;
240706;2300;42;;;
240707;0000;56;;;
240707;0100;57;;;
240707;0200;68;;;
240707;0300;92;;;
240707;0400;93;;;
240707;0500;103;;;
240707;0600;101;;;
240707;0700;96;;;
240707;0800;86;;;
240707;0900;101;;;
240707;1000;75;;;
240707;1100;56;;;
240707;1200;56;;;
240707;1300;58;;;
240707;1400;67;;;
240707;1500;46;;;
240707;1600;27;;;
240707;1700;34;;;
240707;1800;34;;;
240707;1900;49;;;
240707;2000;65;;;
240707;2100;40;;;
240707;2200;46;;;
240707;2300;40;;;
240708;0000;56;;;
240708;0100;71;;;
240708;0200;79;;;
240708;0300;80;;;
240708;0400;75;;;
240708;0500;71;;;
240708;0600;62;;;
240708;0700;66;;;
240708;0800;69;;;
240708;0900;74;;;
240708;1000;64;;;
240708;1100;66;;;
240708;1200;53;;;
240708;1300;53;;;
240708;1400;51;;;
240708;1500;57;;;
240708;1600;48;;;
240708;1700;37;;;
240708;1800;40;;;
240708;1900;51;;;
240708;2000;71;;;
240708;2100;99;;;
240708;2200;95;;;
240708;2300;123;;;
240709;0000;106;;;
240709;0100;91;;;
240709;0200;86;;;
240709;0300;75;;;
240709;0400;64;;;
240709;0500;63;;;
240709;0600;69;;;
240709;0700;74;;;
240709;0800;91;;;
240709;0900;90;;;
240709;1000;91;;;
240709;1100;76;;;
240709;1200;70;;;
240709;1300;45;;;
240709;1400;;;;
240709;1500;;;;
240709;1600;23;;;
240709;1700;23;;;
240709;1800;19;;;
240709;1900;22;;;
240709;2000;21;;;
240709;2100;8;;;
240709;2200;13;;;
240709;2300;17;;;
240710;0000;19;;;
240710;0100;11;;;
240710;0200;20;;;
240710;0300;10;;;
240710;0400;10;;;
240710;0500;13;;;
240710;0600;11;;;
240710;0700;23;;;
240710;0800;19;;;
240710;0900;27;;;
240710;1000;30;;;
240710;1100;26;;;
240710;1200;27;;;
240710;1300;33;;;
240710;1400;34;;;
240710;1500;39;;;
240710;1600;38;;;
240710;1700;44;;;
240710;1800;46;;;
240710;1900;45;;;
240710;2000;55;;;
240710;2100;45;;;
240710;2200;84;;;
240710;2300;79;;;
240711;0000;93;;;
240711;0100;81;;;
240711;0200;78;;;
240711;0300;74;;;
240711;0400;66;;;
240711;0500;75;;;
240711;0600;73;;;
240711;0700;77;;;
240711;0800;82;;;
240711;0900;76;;;
240711;1000;64;;;
240711;1100;50;;;
240711;1200;42;;;
240711;1300;44;;;
240711;1400;38;;;
240711;1500;43;;;
240711;1600;36;;;
240711;1700;45;;;
240711;1800;43;;;
240711;1900;63;;;
240711;2000;70;;;
240711;2100;95;;;
240711;2200;111;;;
240711;2300;107;;;
240712;0000;87;;;
240712;0100;74;;;
240712;0200;74;;;
240712;0300;76;;;
240712;0400;59;;;
240712;0500;59;;;
240712;0600;54;;;
240712;0700;59;;;
240712;0800;73;;;
240712;0900;71;;;
240712;1000;70;;;
240712;1100;66;;;
240712;1200;49;;;
240712;1300;41;;;
240712;1400;36;;;
240712;1500;44;;;
240712;1600;31;;;
240712;1700;39;;;
240712;1800;39;;;
240712;1900;42;;;
240712;2000;82;;;
240712;2100;90;;;
240712;2200;130;;;
240712;2300;137;;;
240713;0000;130;;;
240713;0100;134;;;
240713;0200;126;;;
240713;0300;133;;;
240713;0400;106;;;
240713;0500;122;;;
240713;0600;114;;;
240713;0700;88;;;
240713;0800;116;;;
240713;0900;105;;;
240713;1000;101;;;
240713;1100;82;;;
240713;1200;68;;;
240713;1300;66;;;
240713;1400;72;;;
240713;1500;77;;;
240713;1600;78;;;
240713;1700;72;;;
240713;1800;89;;;
240713;1900;126;;;
240713;2000;163;;;
240713;2100;184;;;
240713;2200;207;;;
240713;2300;193;;;
240714;0000;160;;;
240714;0100;136;;;
240714;0200;126;;;
240714;0300;106;;;
240714;0400;119;;;
240714;0500;102;;;
240714;0600;85;;;
240714;0700;77;;;
240714;0800;68;;;
240714;0900;67;;;
240714;1000;58;;;
240714;1100;53;;;
240714;1200;45;;;
240714;1300;48;;;
240714;1400;42;;;
240714;1500;48;;;
240714;1600;53;;;
240714;1700;60;;;
240714;1800;81;;;
240714;1900;113;;;
240714;2000;124;;;
240714;2100;165;;;
240714;2200;179;;;
240714;2300;180;;;
240715;0000;169;;;
240715;0100;160;;;
240715;0200;148;;;
240715;0300;114;;;
240715;0400;80;;;
240715;0500;69;;;
240715;0600;62;;;
240715;0700;73;;;
240715;0800;66;;;
240715;0900;59;;;
240715;1000;82;;;
240715;1100;78;;;
240715;1200;58;;;
240715;1300;38;;;
240715;1400;49;;;
240715;1500;45;;;
240715;1600;40;;;
240715;1700;39;;;
240715;1800;60;;;
240715;1900;73;;;
240715;2000;90;;;
240715;2100;99;;;
240715;2200;130;;;
240715;2300;139;;;
240716;0000;138;;;
240716;0100;136;;;
240716;0200;111;;;
240716;0300;107;;;
240716;0400;69;;;
240716;0500;79;;;
240716;0600;85;;;
240716;0700;85;;;
240716;0800;72;;;
240716;0900;69;;;
240716;1000;72;;;
240716;1100;75;;;
240716;1200;65;;;
240716;1300;41;;;
240716;1400;46;;;
240716;1500;47;;;
240716;1600;37;;;
240716;1700;56;;;
240716;1800;60;;;
240716;1900;82;;;
240716;2000;78;;;
240716;2100;71;;;
240716;2200;75;;;
240716;2300;75;;;
240717;0000;65;;;
240717;0100;53;;;
240717;0200;58;;;
240717;0300;63;;;
240717;0400;56;;;
240717;0500;53;;;
240717;0600;57;;;
240717;0700;60;;;
240717;0800;75;;;
240717;0900;74;;;
240717;1000;55;;;
240717;1100;42;;;
240717;1200;51;;;
240717;1300;34;;;
240717;1400;32;;;
240717;1500;31;;;
240717;1600;43;;;
240717;1700;50;;;
240717;1800;52;;;
240717;1900;60;;;
240717;2000;50;;;
240717;2100;57;;;
240717;2200;57;;;
240717;2300;56;;;
240718;0000;53;;;
240718;0100;61;;;
240718;0200;59;;;
240718;0300;61;;;
240718;0400;46;;;
240718;0500;47;;;
240718;0600;52;;;
240718;0700;55;;;
240718;0800;62;;;
240718;0900;56;;;
240718;1000;61;;;
240718;1100;50;;;
240718;1200;35;;;
240718;1300;39;;;
240718;1400;28;;;
240718;1500;35;;;
240718;1600;38;;;
240718;1700;53;;;
240718;1800;44;;;
240718;1900;30;;;
240718;2000;33;;;
240718;2100;28;;;
240718;2200;26;;;
240718;2300;24;;;
240719;0000;25;;;
240719;0100;24;;;
240719;0200;26;;;
240719;0300;27;;;
240719;0400;25;;;
240719;0500;29;;;
240719;0600;28;;;
240719;0700;32;;;
240719;0800;40;;;
240719;0900;41;;;
240719;1000;45;;;
240719;1100;48;;;
240719;1200;53;;;
240719;1300;53;;;
240719;1400;55;;;
240719;1500;37;;;
240719;1600;39;;;
240719;1700;37;;;
240719;1800;46;;;
240719;1900;42;;;
240719;2000;41;;;
240719;2100;87;;;
240719;2200;122;;;
240719;2300;135;;;
240720;0000;126;;;
240720;0100;103;;;
240720;0200;110;;;
240720;0300;118;;;
240720;0400;123;;;
240720;0500;98;;;
240720;0600;96;;;
240720;0700;94;;;
240720;0800;94;;;
240720;0900;74;;;
240720;1000;111;;;
240720;1100;81;;;
240720;1200;53;;;
240720;1300;42;;;
240720;1400;31;;;
240720;1500;29;;;
240720;1600;26;;;
240720;1700;26;;;
240720;1800;28;;;
240720;1900;25;;;
240720;2000;29;;;
240720;2100;27;;;
240720;2200;35;;;
240720;2300;37;;;
240721;0000;38;;;
240721;0100;44;;;
240721;0200;49;;;
240721;0300;47;;;
240721;0400;47;;;
240721;0500;46;;;
240721;0600;50;;;
240721;0700;47;;;
240721;0800;50;;;
240721;0900;49;;;
240721;1000;42;;;
240721;1100;34;;;
240721;1200;32;;;
240721;1300;27;;;
240721;1400;17;;;
240721;1500;16;;;
240721;1600;16;;;
240721;1700;17;;;
240721;1800;17;;;
240721;1900;14;;;
240721;2000;35;;;
240721;2100;55;;;
240721;2200;53;;;
240721;2300;55;;;
240722;0000;55;;;
240722;0100;47;;;
240722;0200;42;;;
240722;0300;40;;;
240722;0400;39;;;
240722;0500;45;;;
240722;0600;41;;;
240722;0700;44;;;
240722;0800;53;;;
240722;0900;44;;;
240722;1000;46;;;
240722;1100;41;;;
240722;1200;43;;;
240722;1300;31;;;
240722;1400;36;;;
240722;1500;33;;;
240722;1600;36;;;
240722;1700;38;;;
240722;1800;33;;;
240722;1900;42;;;
240722;2000;60;;;
240722;2100;63;;;
240722;2200;60;;;
240722;2300;65;;;
240723;0000;61;;;
240723;0100;60;;;
240723;0200;31;;;
240723;0300;30;;;
240723;0400;30;;;
240723;0500;32;;;
240723;0600;13;;;
240723;0700;22;;;
240723;0800;26;;;
240723;0900;32;;;
240723;1000;33;;;
240723;1100;20;;;
240723;1200;18;;;
240723;1300;16;;;
240723;1400;18;;;
240723;1500;26;;;
240723;1600;22;;;
240723;1700;25;;;
240723;1800;28;;;
240723;1900;34;;;
240723;2000;33;;;
240723;2100;44;;;
240723;2200;67;;;
240723;2300;58;;;
240724;0000;60;;;
240724;0100;65;;;
240724;0200;64;;;
240724;0300;60;;;
240724;0400;66;;;
240724;0500;49;;;
240724;0600;43;;;
240724;0700;46;;;
240724;0800;53;;;
240724;0900;56;;;
240724;1000;59;;;
240724;1100;53;;;
240724;1200;32;;;
240724;1300;24;;;
240724;1400;30;;;
240724;1500;29;;;
240724;1600;;;;
240724;1700;34;;;
240724;1800;38;;;
240724;1900;51;;;
240724;2000;68;;;
240724;2100;81;;;
240724;2200;78;;;
240724;2300;81;;;
240725;0000;78;;;
240725;0100;61;;;
240725;0200;53;;;
240725;0300;37;;;
240725;0400;37;;;
240725;0500;36;;;
240725;0600;31;;;
240725;0700;40;;;
240725;0800;47;;;
240725;0900;33;;;
240725;1000;31;;;
240725;1100;43;;;
240725;1200;43;;;
240725;1300;45;;;
240725;1400;28;;;
240725;1500;22;;;
240725;1600;22;;;
240725;1700;34;;;
240725;1800;32;;;
240725;1900;37;;;
240725;2000;49;;;
240725;2100;52;;;
240725;2200;58;;;
240725;2300;75;;;
240726;0000;76;;;
240726;0100;68;;;
240726;0200;63;;;
240726;0300;61;;;
240726;0400;55;;;
240726;0500;47;;;
240726;0600;56;;;
240726;0700;64;;;
240726;0800;60;;;
240726;0900;65;;;
240726;1000;61;;;
240726;1100;63;;;
240726;1200;60;;;
240726;1300;60;;;
240726;1400;61;;;
240726;1500;50;;;
240726;1600;56;;;
240726;1700;57;;;
240726;1800;41;;;
240726;1900;45;;;
240726;2000;41;;;
240726;2100;40;;;
240726;2200;49;;;
240726;2300;65;;;
240727;0000;42;;;
240727;0100;40;;;
240727;0200;38;;;
240727;0300;37;;;
240727;0400;34;;;
240727;0500;54;;;
240727;0600;52;;;
240727;0700;26;;;
240727;0800;40;;;
240727;0900;39;;;
240727;1000;58;;;
240727;1100;61;;;
240727;1200;64;;;
240727;1300;62;;;
240727;1400;21;;;
240727;1500;8;;;
240727;1600;8;;;
240727;1700;22;;;
240727;1800;14;;;
240727;1900;22;;;
240727;2000;22;;;
240727;2100;18;;;
240727;2200;28;;;
240727;2300;33;;;
240728;0000;40;;;
240728;0100;42;;;
240728;0200;68;;;
240728;0300;81;;;
240728;0400;78;;;
240728;0500;99;;;
240728;0600;87;;;
240728;0700;78;;;
240728;0800;67;;;
240728;0900;52;;;
240728;1000;49;;;
240728;1100;50;;;
240728;1200;57;;;
240728;1300;53;;;
240728;1400;48;;;
240728;1500;53;;;
240728;1600;43;;;
240728;1700;44;;;
240728;1800;34;;;
240728;1900;39;;;
240728;2000;58;;;
240728;2100;75;;;
240728;2200;81;;;
240728;2300;87;;;
240729;0000;80;;;
240729;0100;79;;;
240729;0200;74;;;
240729;0300;69;;;
240729;0400;61;;;
240729;0500;57;;;
240729;0600;71;;;
240729;0700;78;;;
240729;0800;80;;;
240729;0900;74;;;
240729;1000;55;;;
240729;1100;70;;;
240729;1200;59;;;
240729;1300;35;;;
240729;1400;37;;;
240729;1500;29;;;
240729;1600;16;;;
240729;1700;30;;;
240729;1800;50;;;
240729;1900;59;;;
240729;2000;80;;;
240729;2100;68;;;
240729;2200;76;;;
240729;2300;66;;;
240730;0000;64;;;
240730;0100;63;;;
240730;0200;60;;;
240730;0300;47;;;
240730;0400;45;;;
240730;0500;43;;;
240730;0600;46;;;
240730;0700;48;;;
240730;0800;63;;;
240730;0900;59;;;
240730;1000;43;;;
240730;1100;51;;;
240730;1200;52;;;
240730;1300;45;;;
240730;1400;50;;;
240730;1500;46;;;
240730;1600;50;;;
240730;1700;58;;;
240730;1800;55;;;
240730;1900;64;;;
240730;2000;77;;;
240730;2100;55;;;
240730;2200;50;;;
240730;2300;57;;;
240731;0000;52;;;
240731;0100;63;;;
240731;0200;61;;;
240731;0300;59;;;
240731;0400;52;;;
240731;0500;52;;;
240731;0600;50;;;
240731;0700;49;;;
240731;0800;55;;;
240731;0900;55;;;
240731;1000;46;;;
240731;1100;59;;;
240731;1200;37;;;
240731;1300;39;;;
240731;1400;52;;;
240731;1500;70;;;
240731;1600;71;;;
240731;1700;51;;;
240731;1800;62;;;
240731;1900;45;;;
240731;2000;25;;;
240731;2100;20;;;
240731;2200;18;;;
240731;2300;15;;;
240801;0000;16;;;
240801;0100;19;;;
240801;0200;26;;;
240801;0300;15;;;
240801;0400;14;;;
240801;0500;16;;;
240801;0600;18;;;
240801;0700;;;;
240801;0800;25;;;
240801;0900;45;;;
240801;1000;16;;;
240801;1100;15;;;
240801;1200;10;;;
240801;1300;11;;;
240801;1400;7;;;
240801;1500;9;;;
240801;1600;20;;;
240801;1700;18;;;
240801;1800;26;;;
240801;1900;34;;;
240801;2000;28;;;
240801;2100;25;;;
240801;2200;29;;;
240801;2300;35;;;
240802;0000;17;;;
240802;0100;8;;;
240802;0200;6;;;
240802;0300;1;;;
240802;0400;4;;;
240802;0500;2;;;
240802;0600;2;;;
240802;0700;1;;;
240802;0800;;;;
240802;0900;11;;;
240802;1000;7;;;
240802;1100;6;;;
240802;1200;5;;;
240802;1300;5;;;
240802;1400;6;;;
240802;1500;;;;
240802;1600;;;;
240802;1700;;;;
240802;1800;;;;
240802;1900;;;;
240802;2000;;;;
240802;2100;;;;
240802;2200;;;;
240802;2300;;;;
240803;0000;;;;
240803;0100;;;;
240803;0200;;;;
240803;0300;;;;
240803;0400;;;;
240803;0500;;;;
240803;0600;;;;
240803;0700;;;;
240803;0800;;;;
240803;0900;;;;
240803;1000;;;;
240803;1100;;;;
240803;1200;;;;
240803;1300;;;;
240803;1400;;;;
240803;1500;;;;
240803;1600;;;;
240803;1700;;;;
240803;1800;;;;
240803;1900;47;;;
240803;2000;66;;;
240803;2100;60;;;
240803;2200;101;;;
240803;2300;103;;;
240804;0000;115;;;
240804;0100;125;;;
240804;0200;90;;;
240804;0300;81;;;
240804;0400;54;;;
240804;0500;34;;;
240804;0600;32;;;
240804;0700;34;;;
240804;0800;53;;;
240804;0900;60;;;
240804;1000;41;;;
240804;1100;31;;;
240804;1200;20;;;
240804;1300;15;;;
240804;1400;17;;;
240804;1500;4;;;
240804;1600;5;;;
240804;1700;10;;;
240804;1800;9;;;
240804;1900;10;;;
240804;2000;10;;;
240804;2100;12;;;
240804;2200;7;;;
240804;2300;7;;;
240805;0000;18;;;
240805;0100;15;;;
240805;0200;19;;;
240805;0300;18;;;
240805;0400;24;;;
240805;0500;24;;;
240805;0600;33;;;
240805;0700;38;;;
240805;0800;36;;;
240805;0900;37;;;
240805;1000;33;;;
240805;1100;17;;;
240805;1200;11;;;
240805;1300;13;;;
240805;1400;10;;;
240805;1500;15;;;
240805;1600;12;;;
240805;1700;17;;;
240805;1800;19;;;
240805;1900;9;;;
240805;2000;7;;;
240805;2100;7;;;
240805;2200;12;;;
240805;2300;9;;;
240806;0000;10;;;
240806;0100;10;;;
240806;0200;5;;;
240806;0300;1;;;
240806;0400;1;;;
240806;0500;1;;;
240806;0600;6;;;
240806;0700;6;;;
240806;0800;7;;;
240806;0900;8;;;
240806;1000;6;;;
240806;1100;5;;;
240806;1200;9;;;
240806;1300;8;;;
240806;1400;5;;;
240806;1500;4;;;
240806;1600;4;;;
240806;1700;6;;;
240806;1800;6;;;
240806;1900;8;;;
240806;2000;8;;;
240806;2100;4;;;
240806;2200;6;;;
240806;2300;7;;;
240807;0000;9;;;
240807;0100;11;;;
240807;0200;8;;;
240807;0300;14;;;
240807;0400;14;;;
240807;0500;18;;;
240807;0600;21;;;
240807;0700;18;;;
240807;0800;18;;;
240807;0900;27;;;
240807;1000;20;;;
240807;1100;24;;;
240807;1200;28;;;
240807;1300;18;;;
240807;1400;19;;;
240807;1500;15;;;
240807;1600;17;;;
240807;1700;19;;;
240807;1800;16;;;
240807;1900;15;;;
240807;2000;12;;;
240807;2100;12;;;
240807;2200;21;;;
240807;2300;26;;;
240808;0000;36;;;
240808;0100;41;;;
240808;0200;54;;;
240808;0300;50;;;
240808;0400;38;;;
240808;0500;32;;;
240808;0600;37;;;
240808;0700;34;;;
240808;0800;40;;;
240808;0900;26;;;
240808;1000;32;;;
240808;1100;27;;;
240808;1200;29;;;
240808;1300;33;;;
240808;1400;32;;;
240808;1500;28;;;
240808;1600;34;;;
240808;1700;40;;;
240808;1800;33;;;
240808;1900;64;;;
240808;2000;70;;;
240808;2100;79;;;
240808;2200;96;;;
240808;2300;83;;;
240809;0000;80;;;
240809;0100;69;;;
240809;0200;47;;;
240809;0300;40;;;
240809;0400;38;;;
240809;0500;42;;;
240809;0600;47;;;
240809;0700;54;;;
240809;0800;55;;;
240809;0900;56;;;
240809;1000;50;;;
240809;1100;52;;;
240809;1200;37;;;
240809;1300;32;;;
240809;1400;24;;;
240809;1500;30;;;
240809;1600;34;;;
240809;1700;41;;;
240809;1800;37;;;
240809;1900;42;;;
240809;2000;50;;;
240809;2100;63;;;
240809;2200;64;;;
240809;2300;80;;;
240810;0000;125;;;
240810;0100;100;;;
240810;0200;75;;;
240810;0300;57;;;
240810;0400;44;;;
240810;0500;54;;;
240810;0600;71;;;
240810;0700;58;;;
240810;0800;65;;;
240810;0900;54;;;
240810;1000;44;;;
240810;1100;46;;;
240810;1200;40;;;
240810;1300;27;;;
240810;1400;20;;;
240810;1500;32;;;
240810;1600;21;;;
240810;1700;16;;;
240810;1800;26;;;
240810;1900;32;;;
240810;2000;36;;;
240810;2100;43;;;
240810;2200;67;;;
240810;2300;84;;;
240811;0000;77;;;
240811;0100;91;;;
240811;0200;86;;;
240811;0300;87;;;
240811;0400;63;;;
240811;0500;54;;;
240811;0600;51;;;
240811;0700;41;;;
240811;0800;46;;;
240811;0900;43;;;
240811;1000;55;;;
240811;1100;56;;;
240811;1200;42;;;
240811;1300;36;;;
240811;1400;37;;;
240811;1500;33;;;
240811;1600;20;;;
240811;1700;12;;;
240811;1800;23;;;
240811;1900;28;;;
240811;2000;35;;;
240811;2100;40;;;
240811;2200;45;;;
240811;2300;54;;;
240812;0000;67;;;
240812;0100;67;;;
240812;0200;61;;;
240812;0300;55;;;
240812;0400;41;;;
240812;0500;53;;;
240812;0600;51;;;
240812;0700;50;;;
240812;0800;57;;;
240812;0900;55;;;
240812;1000;78;;;
240812;1100;48;;;
240812;1200;33;;;
240812;1300;21;;;
240812;1400;23;;;
240812;1500;32;;;
240812;1600;27;;;
240812;1700;23;;;
240812;1800;33;;;
240812;1900;41;;;
240812;2000;36;;;
240812;2100;49;;;
240812;2200;48;;;
240812;2300;56;;;
240813;0000;54;;;
240813;0100;49;;;
240813;0200;49;;;
240813;0300;40;;;
240813;0400;42;;;
240813;0500;35;;;
240813;0600;36;;;
240813;0700;47;;;
240813;0800;55;;;
240813;0900;57;;;
240813;1000;53;;;
240813;1100;46;;;
240813;1200;45;;;
240813;1300;34;;;
240813;1400;23;;;
240813;1500;27;;;
240813;1600;26;;;
240813;1700;25;;;
240813;1800;25;;;
240813;1900;20;;;
240813;2000;26;;;
240813;2100;29;;;
240813;2200;23;;;
240813;2300;14;;;
240814;0000;20;;;
240814;0100;22;;;
240814;0200;13;;;
240814;0300;17;;;
240814;0400;19;;;
240814;0500;18;;;
240814;0600;28;;;
240814;0700;30;;;
240814;0800;24;;;
240814;0900;26;;;
240814;1000;35;;;
240814;1100;46;;;
240814;1200;51;;;
240814;1300;53;;;
240814;1400;55;;;
240814;1500;50;;;
240814;1600;52;;;
240814;1700;52;;;
240814;1800;56;;;
240814;1900;60;;;
240814;2000;73;;;
240814;2100;90;;;
240814;2200;81;;;
240814;2300;61;;;
240815;0000;49;;;
240815;0100;38;;;
240815;0200;40;;;
240815;0300;31;;;
240815;0400;44;;;
240815;0500;42;;;
240815;0600;45;;;
240815;0700;55;;;
240815;0800;50;;;
240815;0900;54;;;
240815;1000;66;;;
240815;1100;78;;;
240815;1200;78;;;
240815;1300;76;;;
240815;1400;76;;;
240815;1500;70;;;
240815;1600;52;;;
240815;1700;44;;;
240815;1800;32;;;
240815;1900;40;;;
240815;2000;40;;;
240815;2100;40;;;
240815;2200;48;;;
240815;2300;53;;;
240816;0000;65;;;
240816;0100;33;;;
240816;0200;26;;;
240816;0300;49;;;
240816;0400;43;;;
240816;0500;43;;;
240816;0600;43;;;
240816;0700;46;;;
240816;0800;43;;;
240816;0900;46;;;
240816;1000;41;;;
240816;1100;44;;;
240816;1200;46;;;
240816;1300;58;;;
240816;1400;50;;;
240816;1500;34;;;
240816;1600;24;;;
240816;1700;26;;;
240816;1800;20;;;
240816;1900;28;;;
240816;2000;28;;;
240816;2100;26;;;
240816;2200;27;;;
240816;2300;31;;;
240817;0000;30;;;
240817;0100;20;;;
240817;0200;22;;;
240817;0300;28;;;
240817;0400;26;;;
240817;0500;22;;;
240817;0600;25;;;
240817;0700;31;;;
240817;0800;25;;;
240817;0900;27;;;
240817;1000;29;;;
240817;1100;30;;;
240817;1200;35;;;
240817;1300;46;;;
240817;1400;36;;;
240817;1500;17;;;
240817;1600;22;;;
240817;1700;26;;;
240817;1800;29;;;
240817;1900;32;;;
240817;2000;30;;;
240817;2100;41;;;
240817;2200;27;;;
240817;2300;32;;;
240818;0000;33;;;
240818;0100;24;;;
240818;0200;18;;;
240818;0300;20;;;
240818;0400;23;;;
240818;0500;15;;;
240818;0600;15;;;
240818;0700;24;;;
240818;0800;20;;;
240818;0900;23;;;
240818;1000;21;;;
240818;1100;25;;;
240818;1200;29;;;
240818;1300;22;;;
240818;1400;26;;;
240818;1500;23;;;
240818;1600;25;;;
240818;1700;24;;;
240818;1800;26;;;
240818;1900;27;;;
240818;2000;31;;;
240818;2100;34;;;
240818;2200;35;;;
240818;2300;42;;;
240819;0000;31;;;
240819;0100;26;;;
240819;0200;25;;;
240819;0300;19;;;
240819;0400;23;;;
240819;0500;26;;;
240819;0600;22;;;
240819;0700;20;;;
240819;0800;25;;;
240819;0900;25;;;
240819;1000;26;;;
240819;1100;31;;;
240819;1200;37;;;
240819;1300;39;;;
240819;1400;34;;;
240819;1500;26;;;
240819;1600;15;;;
240819;1700;16;;;
240819;1800;20;;;
240819;1900;14;;;
240819;2000;14;;;
240819;2100;11;;;
240819;2200;10;;;
240819;2300;12;;;
240820;0000;12;;;
240820;0100;13;;;
240820;0200;11;;;
240820;0300;7;;;
240820;0400;3;;;
240820;0500;3;;;
240820;0600;5;;;
240820;0700;8;;;
240820;0800;10;;;
240820;0900;13;;;
240820;1000;19;;;
240820;1100;18;;;
240820;1200;22;;;
240820;1300;30;;;
240820;1400;31;;;
240820;1500;38;;;
240820;1600;19;;;
240820;1700;15;;;
240820;1800;20;;;
240820;1900;24;;;
240820;2000;34;;;
240820;2100;21;;;
240820;2200;11;;;
240820;2300;12;;;
240821;0000;15;;;
240821;0100;17;;;
240821;0200;21;;;
240821;0300;28;;;
240821;0400;31;;;
240821;0500;38;;;
240821;0600;57;;;
240821;0700;41;;;
240821;0800;43;;;
240821;0900;38;;;
240821;1000;34;;;
240821;1100;31;;;
240821;1200;19;;;
240821;1300;17;;;
240821;1400;9;;;
240821;1500;8;;;
240821;1600;8;;;
240821;1700;6;;;
240821;1800;5;;;
240821;1900;9;;;
240821;2000;12;;;
240821;2100;;;;
240821;2200;;;;
240821;2300;;;;
240822;0000;;;;
240822;0100;;;;
240822;0200;;;;
240822;0300;;;;
240822;0400;;;;
240822;0500;;;;
240822;0600;;;;
240822;0700;;;;
240822;0800;;;;
240822;0900;;;;
240822;1000;;;;
240822;1100;7;;;
240822;1200;12;;;
240822;1300;8;;;
240822;1400;5;;;
240822;1500;2;;;
240822;1600;2;;;
240822;1700;4;;;
240822;1800;4;;;
240822;1900;6;;;
240822;2000;6;;;
240822;2100;5;;;
240822;2200;5;;;
240822;2300;8;;;
240823;0000;12;;;
240823;0100;13;;;
240823;0200;14;;;
240823;0300;16;;;
240823;0400;22;;;
240823;0500;16;;;
240823;0600;13;;;
240823;0700;13;;;
240823;0800;11;;;
240823;0900;13;;;
240823;1000;11;;;
240823;1100;8;;;
240823;1200;9;;;
240823;1300;9;;;
240823;1400;9;;;
240823;1500;9;;;
240823;1600;9;;;
240823;1700;7;;;
240823;1800;5;;;
240823;1900;11;;;
240823;2000;18;;;
240823;2100;15;;;
240823;2200;50;;;
240823;2300;66;;;
240824;0000;67;;;
240824;0100;74;;;
240824;0200;61;;;
240824;0300;56;;;
240824;0400;45;;;
240824;0500;36;;;
240824;0600;34;;;
240824;0700;29;;;
240824;0800;34;;;
240824;0900;28;;;
240824;1000;32;;;
240824;1100;27;;;
240824;1200;22;;;
240824;1300;10;;;
240824;1400;13;;;
240824;1500;17;;;
240824;1600;11;;;
240824;1700;13;;;
240824;1800;26;;;
240824;1900;56;;;
240824;2000;88;;;
240824;2100;84;;;
240824;2200;99;;;
240824;2300;112;;;
240825;0000;85;;;
240825;0100;78;;;
240825;0200;71;;;
240825;0300;58;;;
240825;0400;59;;;
240825;0500;51;;;
240825;0600;48;;;
240825;0700;64;;;
240825;0800;50;;;
240825;0900;46;;;
240825;1000;33;;;
240825;1100;14;;;
240825;1200;10;;;
240825;1300;8;;;
240825;1400;10;;;
240825;1500;9;;;
240825;1600;12;;;
240825;1700;16;;;
240825;1800;13;;;
240825;1900;9;;;
240825;2000;15;;;
240825;2100;15;;;
240825;2200;13;;;
240825;2300;10;;;
240826;0000;21;;;
240826;0100;23;;;
240826;0200;23;;;
240826;0300;31;;;
240826;0400;45;;;
240826;0500;39;;;
240826;0600;36;;;
240826;0700;38;;;
240826;0800;40;;;
240826;0900;39;;;
240826;1000;24;;;
240826;1100;13;;;
240826;1200;9;;;
240826;1300;14;;;
240826;1400;17;;;
240826;1500;17;;;
240826;1600;11;;;
240826;1700;11;;;
240826;1800;14;;;
240826;1900;16;;;
240826;2000;20;;;
240826;2100;22;;;
240826;2200;26;;;
240826;2300;73;;;
240827;0000;39;;;
240827;0100;49;;;
240827;0200;43;;;
240827;0300;51;;;
240827;0400;39;;;
240827;0500;46;;;
240827;0600;41;;;
240827;0700;45;;;
240827;0800;44;;;
240827;0900;59;;;
240827;1000;38;;;
240827;1100;36;;;
240827;1200;38;;;
240827;1300;25;;;
240827;1400;26;;;
240827;1500;24;;;
240827;1600;20;;;
240827;1700;25;;;
240827;1800;19;;;
240827;1900;21;;;
240827;2000;10;;;
240827;2100;13;;;
240827;2200;16;;;
240827;2300;16;;;
240828;0000;14;;;
240828;0100;15;;;
240828;0200;12;;;
240828;0300;28;;;
240828;0400;39;;;
240828;0500;38;;;
240828;0600;46;;;
240828;0700;26;;;
240828;0800;34;;;
240828;0900;36;;;
240828;1000;25;;;
240828;1100;30;;;
240828;1200;28;;;
240828;1300;25;;;
240828;1400;21;;;
240828;1500;22;;;
240828;1600;17;;;
240828;1700;19;;;
240828;1800;16;;;
240828;1900;20;;;
240828;2000;23;;;
240828;2100;34;;;
240828;2200;25;;;
240828;2300;28;;;
240829;0000;27;;;
240829;0100;28;;;
240829;0200;32;;;
240829;0300;33;;;
240829;0400;36;;;
240829;0500;27;;;
240829;0600;16;;;
240829;0700;14;;;
240829;0800;10;;;
240829;0900;16;;;
240829;1000;19;;;
240829;1100;23;;;
240829;1200;19;;;
240829;1300;13;;;
240829;1400;13;;;
240829;1500;16;;;
240829;1600;8;;;
240829;1700;15;;;
240829;1800;15;;;
240829;1900;14;;;
240829;2000;14;;;
240829;2100;14;;;
240829;2200;15;;;
240829;2300;16;;;
240830;0000;15;;;
240830;0100;10;;;
240830;0200;11;;;
240830;0300;11;;;
240830;0400;9;;;
240830;0500;10;;;
240830;0600;13;;;
240830;0700;13;;;
240830;0800;14;;;
240830;0900;8;;;
240830;1000;10;;;
240830;1100;7;;;
240830;1200;7;;;
240830;1300;11;;;
240830;1400;10;;;
240830;1500;13;;;
240830;1600;15;;;
240830;1700;16;;;
240830;1800;17;;;
240830;1900;15;;;
240830;2000;19;;;
240830;2100;37;;;
240830;2200;50;;;
240830;2300;75;;;
240831;0000;81;;;
240831;0100;83;;;
240831;0200;78;;;
240831;0300;70;;;
240831;0400;55;;;
240831;0500;47;;;
240831;0600;51;;;
240831;0700;41;;;
240831;0800;37;;;
240831;0900;37;;;
240831;1000;40;;;
240831;1100;30;;;
240831;1200;25;;;
240831;1300;24;;;
240831;1400;25;;;
240831;1500;29;;;
240831;1600;31;;;
240831;1700;27;;;
240831;1800;27;;;
240831;1900;43;;;
240831;2000;61;;;
240831;2100;94;;;
240831;2200;93;;;
240831;2300;105;;;
240901;0000;97;;;
240901;0100;85;;;
240901;0200;68;;;
240901;0300;71;;;
240901;0400;60;;;
240901;0500;49;;;
240901;0600;61;;;
240901;0700;58;;;
240901;0800;46;;;
240901;0900;60;;;
240901;1000;41;;;
240901;1100;33;;;
240901;1200;24;;;
240901;1300;22;;;
240901;1400;18;;;
240901;1500;20;;;
240901;1600;17;;;
240901;1700;8;;;
240901;1800;9;;;
240901;1900;18;;;
240901;2000;19;;;
240901;2100;15;;;
240901;2200;12;;;
240901;2300;19;;;
240902;0000;18;;;
240902;0100;14;;;
240902;0200;11;;;
240902;0300;12;;;
240902;0400;12;;;
240902;0500;9;;;
240902;0600;15;;;
240902;0700;19;;;
240902;0800;14;;;
240902;0900;11;;;
240902;1000;15;;;
240902;1100;9;;;
240902;1200;9;;;
240902;1300;6;;;
240902;1400;4;;;
240902;1500;3;;;
240902;1600;6;;;
240902;1700;8;;;
240902;1800;9;;;
240902;1900;8;;;
240902;2000;7;;;
240902;2100;11;;;
240902;2200;8;;;
240902;2300;9;;;
240903;0000;13;;;
240903;0100;24;;;
240903;0200;14;;;
240903;0300;13;;;
240903;0400;15;;;
240903;0500;17;;;
240903;0600;20;;;
240903;0700;24;;;
240903;0800;23;;;
240903;0900;19;;;
240903;1000;21;;;
240903;1100;19;;;
240903;1200;4;;;
240903;1300;8;;;
240903;1400;13;;;
240903;1500;14;;;
240903;1600;11;;;
240903;1700;12;;;
240903;1800;14;;;
240903;1900;14;;;
240903;2000;9;;;
240903;2100;11;;;
240903;2200;17;;;
240903;2300;19;;;
240904;0000;30;;;
240904;0100;28;;;
240904;0200;14;;;
240904;0300;17;;;
240904;0400;24;;;
240904;0500;30;;;
240904;0600;44;;;
240904;0700;41;;;
240904;0800;37;;;
240904;0900;32;;;
240904;1000;27;;;
240904;1100;24;;;
240904;1200;22;;;
240904;1300;26;;;
240904;1400;26;;;
240904;1500;11;;;
240904;1600;15;;;
240904;1700;10;;;
240904;1800;15;;;
240904;1900;21;;;
240904;2000;25;;;
240904;2100;24;;;
240904;2200;35;;;
240904;2300;52;;;
240905;0000;54;;;
240905;0100;50;;;
240905;0200;55;;;
240905;0300;34;;;
240905;0400;25;;;
240905;0500;34;;;
240905;0600;30;;;
240905;0700;41;;;
240905;0800;42;;;
240905;0900;51;;;
240905;1000;41;;;
240905;1100;52;;;
240905;1200;25;;;
240905;1300;27;;;
240905;1400;13;;;
240905;1500;17;;;
240905;1600;18;;;
240905;1700;10;;;
240905;1800;12;;;
240905;1900;19;;;
240905;2000;15;;;
240905;2100;10;;;
240905;2200;15;;;
240905;2300;23;;;
240906;0000;22;;;
240906;0100;28;;;
240906;0200;21;;;
240906;0300;31;;;
240906;0400;16;;;
240906;0500;18;;;
240906;0600;29;;;
240906;0700;34;;;
240906;0800;33;;;
240906;0900;34;;;
240906;1000;24;;;
240906;1100;19;;;
240906;1200;19;;;
240906;1300;18;;;
240906;1400;13;;;
240906;1500;18;;;
240906;1600;10;;;
240906;1700;8;;;
240906;1800;14;;;
240906;1900;14;;;
240906;2000;10;;;
240906;2100;11;;;
240906;2200;12;;;
240906;2300;11;;;
240907;0000;13;;;
240907;0100;11;;;
240907;0200;11;;;
240907;0300;12;;;
240907;0400;9;;;
240907;0500;11;;;
240907;0600;12;;;
240907;0700;12;;;
240907;0800;26;;;
240907;0900;13;;;
240907;1000;25;;;
240907;1100;21;;;
240907;1200;24;;;
240907;1300;26;;;
240907;1400;24;;;
240907;1500;25;;;
240907;1600;17;;;
240907;1700;20;;;
240907;1800;13;;;
240907;1900;12;;;
240907;2000;17;;;
240907;2100;28;;;
240907;2200;27;;;
240907;2300;34;;;
240908;0000;31;;;
240908;0100;24;;;
240908;0200;19;;;
240908;0300;33;;;
240908;0400;30;;;
240908;0500;34;;;
240908;0600;42;;;
240908;0700;36;;;
240908;0800;41;;;
240908;0900;49;;;
240908;1000;36;;;
240908;1100;34;;;
240908;1200;29;;;
240908;1300;32;;;
240908;1400;27;;;
240908;1500;24;;;
240908;1600;24;;;
240908;1700;18;;;
240908;1800;21;;;
240908;1900;24;;;
240908;2000;15;;;
240908;2100;19;;;
240908;2200;19;;;
240908;2300;18;;;
240909;0000;19;;;
240909;0100;21;;;
240909;0200;27;;;
240909;0300;39;;;
240909;0400;45;;;
240909;0500;25;;;
240909;0600;33;;;
240909;0700;32;;;
240909;0800;31;;;
240909;0900;32;;;
240909;1000;34;;;
240909;1100;28;;;
240909;1200;26;;;
240909;1300;28;;;
240909;1400;14;;;
240909;1500;13;;;
240909;1600;10;;;
240909;1700;13;;;
240909;1800;15;;;
240909;1900;9;;;
240909;2000;13;;;
240909;2100;11;;;
240909;2200;11;;;
240909;2300;9;;;
240910;0000;14;;;
240910;0100;10;;;
240910;0200;8;;;
240910;0300;13;;;
240910;0400;17;;;
240910;0500;19;;;
240910;0600;28;;;
240910;0700;34;;;
240910;0800;35;;;
240910;0900;32;;;
240910;1000;23;;;
240910;1100;19;;;
240910;1200;24;;;
240910;1300;11;;;
240910;1400;9;;;
240910;1500;9;;;
240910;1600;10;;;
240910;1700;6;;;
240910;1800;3;;;
240910;1900;4;;;
240910;2000;6;;;
240910;2100;6;;;
240910;2200;6;;;
240910;2300;5;;;
240911;0000;5;;;
240911;0100;7;;;
240911;0200;10;;;
240911;0300;14;;;
240911;0400;10;;;
240911;0500;10;;;
240911;0600;17;;;
240911;0700;20;;;
240911;0800;19;;;
240911;0900;21;;;
240911;1000;17;;;
240911;1100;15;;;
240911;1200;18;;;
240911;1300;16;;;
240911;1400;13;;;
240911;1500;10;;;
240911;1600;12;;;
240911;1700;9;;;
240911;1800;9;;;
240911;1900;13;;;
240911;2000;14;;;
240911;2100;13;;;
240911;2200;11;;;
240911;2300;18;;;
240912;0000;19;;;
240912;0100;31;;;
240912;0200;17;;;
240912;0300;12;;;
240912;0400;18;;;
240912;0500;32;;;
240912;0600;36;;;
240912;0700;28;;;
240912;0800;45;;;
240912;0900;33;;;
240912;1000;25;;;
240912;1100;21;;;
240912;1200;20;;;
240912;1300;22;;;
240912;1400;16;;;
240912;1500;16;;;
240912;1600;12;;;
240912;1700;14;;;
240912;1800;12;;;
240912;1900;12;;;
240912;2000;11;;;
240912;2100;9;;;
240912;2200;6;;;
240912;2300;7;;;
240913;0000;5;;;
240913;0100;6;;;
240913;0200;5;;;
240913;0300;9;;;
240913;0400;11;;;
240913;0500;9;;;
240913;0600;12;;;
240913;0700;14;;;
240913;0800;18;;;
240913;0900;18;;;
240913;1000;24;;;
240913;1100;21;;;
240913;1200;22;;;
240913;1300;26;;;
240913;1400;28;;;
240913;1500;23;;;
240913;1600;20;;;
240913;1700;17;;;
240913;1800;17;;;
240913;1900;18;;;
240913;2000;19;;;
240913;2100;28;;;
240913;2200;28;;;
240913;2300;39;;;
240914;0000;30;;;
240914;0100;32;;;
240914;0200;36;;;
240914;0300;44;;;
240914;0400;49;;;
240914;0500;51;;;
240914;0600;44;;;
240914;0700;39;;;
240914;0800;34;;;
240914;0900;35;;;
240914;1000;30;;;
240914;1100;30;;;
240914;1200;25;;;
240914;1300;31;;;
240914;1400;18;;;
240914;1500;17;;;
240914;1600;16;;;
240914;1700;9;;;
240914;1800;7;;;
240914;1900;11;;;
240914;2000;12;;;
240914;2100;10;;;
240914;2200;16;;;
240914;2300;23;;;
240915;0000;32;;;
240915;0100;35;;;
240915;0200;41;;;
240915;0300;43;;;
240915;0400;48;;;
240915;0500;35;;;
240915;0600;30;;;
240915;0700;34;;;
240915;0800;23;;;
240915;0900;15;;;
240915;1000;20;;;
240915;1100;21;;;
240915;1200;24;;;
240915;1300;21;;;
240915;1400;13;;;
240915;1500;11;;;
240915;1600;8;;;
240915;1700;10;;;
240915;1800;;;;
240915;1900;25;;;
240915;2000;11;;;
240915;2100;15;;;
240915;2200;18;;;
240915;2300;28;;;
240916;0000;29;;;
240916;0100;29;;;
240916;0200;24;;;
240916;0300;18;;;
240916;0400;16;;;
240916;0500;14;;;
240916;0600;29;;;
240916;0700;26;;;
240916;0800;30;;;
240916;0900;28;;;
240916;1000;33;;;
240916;1100;29;;;
240916;1200;20;;;
240916;1300;17;;;
240916;1400;11;;;
240916;1500;16;;;
240916;1600;15;;;
240916;1700;14;;;
240916;1800;19;;;
240916;1900;21;;;
240916;2000;14;;;
240916;2100;14;;;
240916;2200;12;;;
240916;2300;11;;;
240917;0000;10;;;
240917;0100;14;;;
240917;0200;13;;;
240917;0300;10;;;
240917;0400;10;;;
240917;0500;11;;;
240917;0600;12;;;
240917;0700;12;;;
240917;0800;22;;;
240917;0900;19;;;
240917;1000;22;;;
240917;1100;28;;;
240917;1200;23;;;
240917;1300;18;;;
240917;1400;14;;;
240917;1500;9;;;
240917;1600;8;;;
240917;1700;13;;;
240917;1800;14;;;
240917;1900;12;;;
240917;2000;17;;;
240917;2100;20;;;
240917;2200;41;;;
240917;2300;43;;;
240918;0000;39;;;
240918;0100;46;;;
240918;0200;54;;;
240918;0300;59;;;
240918;0400;52;;;
240918;0500;50;;;
240918;0600;54;;;
240918;0700;52;;;
240918;0800;53;;;
240918;0900;47;;;
240918;1000;41;;;
240918;1100;38;;;
240918;1200;23;;;
240918;1300;18;;;
240918;1400;32;;;
240918;1500;21;;;
240918;1600;16;;;
240918;1700;21;;;
240918;1800;14;;;
240918;1900;12;;;
240918;2000;15;;;
240918;2100;26;;;
240918;2200;43;;;
240918;2300;24;;;
240919;0000;13;;;
240919;0100;17;;;
240919;0200;12;;;
240919;0300;11;;;
240919;0400;9;;;
240919;0500;13;;;
240919;0600;12;;;
240919;0700;11;;;
240919;0800;7;;;
240919;0900;9;;;
240919;1000;7;;;
240919;1100;4;;;
240919;1200;1;;;
240919;1300;3;;;
240919;1400;5;;;
240919;1500;6;;;
240919;1600;6;;;
240919;1700;5;;;
240919;1800;6;;;
240919;1900;8;;;
240919;2000;8;;;
240919;2100;13;;;
240919;2200;29;;;
240919;2300;25;;;
240920;0000;24;;;
240920;0100;15;;;
240920;0200;21;;;
240920;0300;36;;;
240920;0400;35;;;
240920;0500;27;;;
240920;0600;23;;;
240920;0700;24;;;
240920;0800;11;;;
240920;0900;18;;;
240920;1000;18;;;
240920;1100;23;;;
240920;1200;11;;;
240920;1300;13;;;
240920;1400;16;;;
240920;1500;21;;;
240920;1600;21;;;
240920;1700;13;;;
240920;1800;14;;;
240920;1900;16;;;
240920;2000;28;;;
240920;2100;22;;;
240920;2200;15;;;
240920;2300;11;;;
240921;0000;10;;;
240921;0100;8;;;
240921;0200;6;;;
240921;0300;8;;;
240921;0400;11;;;
240921;0500;8;;;
240921;0600;14;;;
240921;0700;12;;;
240921;0800;15;;;
240921;0900;25;;;
240921;1000;18;;;
240921;1100;21;;;
240921;1200;32;;;
240921;1300;14;;;
240921;1400;10;;;
240921;1500;6;;;
240921;1600;7;;;
240921;1700;6;;;
240921;1800;5;;;
240921;1900;4;;;
240921;2000;8;;;
240921;2100;6;;;
240921;2200;6;;;
240921;2300;5;;;
240922;0000;4;;;
240922;0100;6;;;
240922;0200;9;;;
240922;0300;10;;;
240922;0400;7;;;
240922;0500;8;;;
240922;0600;15;;;
240922;0700;14;;;
240922;0800;15;;;
240922;0900;13;;;
240922;1000;13;;;
240922;1100;13;;;
240922;1200;11;;;
240922;1300;11;;;
240922;1400;16;;;
240922;1500;11;;;
240922;1600;17;;;
240922;1700;23;;;
240922;1800;21;;;
240922;1900;11;;;
240922;2000;15;;;
240922;2100;6;;;
240922;2200;7;;;
240922;2300;7;;;
240923;0000;8;;;
240923;0100;11;;;
240923;0200;11;;;
240923;0300;12;;;
240923;0400;13;;;
240923;0500;9;;;
240923;0600;8;;;
240923;0700;8;;;
240923;0800;16;;;
240923;0900;8;;;
240923;1000;7;;;
240923;1100;7;;;
240923;1200;10;;;
240923;1300;11;;;
240923;1400;9;;;
240923;1500;9;;;
240923;1600;7;;;
240923;1700;5;;;
240923;1800;6;;;
240923;1900;9;;;
240923;2000;9;;;
240923;2100;8;;;
240923;2200;11;;;
240923;2300;8;;;
240924;0000;6;;;
240924;0100;3;;;
240924;0200;4;;;
240924;0300;12;;;
240924;0400;14;;;
240924;0500;17;;;
240924;0600;18;;;
240924;0700;22;;;
240924;0800;22;;;
240924;0900;17;;;
240924;1000;20;;;
240924;1100;16;;;
240924;1200;20;;;
240924;1300;12;;;
240924;1400;9;;;
240924;1500;9;;;
240924;1600;6;;;
240924;1700;7;;;
240924;1800;6;;;
240924;1900;6;;;
240924;2000;6;;;
240924;2100;6;;;
240924;2200;7;;;
240924;2300;7;;;
240925;0000;6;;;
240925;0100;7;;;
240925;0200;12;;;
240925;0300;8;;;
240925;0400;10;;;
240925;0500;17;;;
240925;0600;22;;;
240925;0700;20;;;
240925;0800;29;;;
240925;0900;28;;;
240925;1000;21;;;
240925;1100;23;;;
240925;1200;13;;;
240925;1300;17;;;
240925;1400;12;;;
240925;1500;10;;;
240925;1600;12;;;
240925;1700;15;;;
240925;1800;12;;;
240925;1900;10;;;
240925;2000;13;;;
240925;2100;14;;;
240925;2200;17;;;
240925;2300;25;;;
240926;0000;29;;;
240926;0100;32;;;
240926;0200;33;;;
240926;0300;33;;;
240926;0400;27;;;
240926;0500;32;;;
240926;0600;27;;;
240926;0700;35;;;
240926;0800;39;;;
240926;0900;21;;;
240926;1000;24;;;
240926;1100;26;;;
240926;1200;21;;;
240926;1300;8;;;
240926;1400;8;;;
240926;1500;8;;;
240926;1600;11;;;
240926;1700;13;;;
240926;1800;10;;;
240926;1900;9;;;
240926;2000;19;;;
240926;2100;30;;;
240926;2200;23;;;
240926;2300;27;;;
240927;0000;40;;;
240927;0100;40;;;
240927;0200;38;;;
240927;0300;39;;;
240927;0400;35;;;
240927;0500;35;;;
240927;0600;43;;;
240927;0700;47;;;
240927;0800;39;;;
240927;0900;33;;;
240927;1000;39;;;
240927;1100;30;;;
240927;1200;16;;;
240927;1300;18;;;
240927;1400;21;;;
240927;1500;17;;;
240927;1600;18;;;
240927;1700;12;;;
240927;1800;10;;;
240927;1900;17;;;
240927;2000;19;;;
240927;2100;15;;;
240927;2200;10;;;
240927;2300;9;;;
240928;0000;14;;;
240928;0100;13;;;
240928;0200;14;;;
240928;0300;28;;;
240928;0400;21;;;
240928;0500;20;;;
240928;0600;29;;;
240928;0700;32;;;
240928;0800;32;;;
240928;0900;26;;;
240928;1000;25;;;
240928;1100;27;;;
240928;1200;24;;;
240928;1300;19;;;
240928;1400;16;;;
240928;1500;18;;;
240928;1600;13;;;
240928;1700;9;;;
240928;1800;11;;;
240928;1900;11;;;
240928;2000;18;;;
240928;2100;22;;;
240928;2200;20;;;
240928;2300;17;;;
240929;0000;24;;;
240929;0100;35;;;
240929;0200;38;;;
240929;0300;32;;;
240929;0400;33;;;
240929;0500;28;;;
240929;0600;32;;;
240929;0700;33;;;
240929;0800;17;;;
240929;0900;8;;;
240929;1000;12;;;
240929;1100;7;;;
240929;1200;7;;;
240929;1300;11;;;
240929;1400;14;;;
240929;1500;14;;;
240929;1600;12;;;
240929;1700;12;;;
240929;1800;9;;;
240929;1900;9;;;
240929;2000;8;;;
240929;2100;9;;;
240929;2200;10;;;
240929;2300;10;;;
240930;0000;13;;;
240930;0100;16;;;
240930;0200;8;;;
240930;0300;11;;;
240930;0400;10;;;
240930;0500;12;;;
240930;0600;10;;;
240930;0700;17;;;
240930;0800;17;;;
240930;0900;9;;;
240930;1000;16;;;
240930;1100;19;;;
240930;1200;22;;;
240930;1300;10;;;
240930;1400;10;;;
240930;1500;7;;;
240930;1600;11;;;
240930;1700;11;;;
240930;1800;10;;;
240930;1900;8;;;
240930;2000;13;;;
240930;2100;16;;;
240930;2200;12;;;
240930;2300;8;;;
241001;0000;8;;;
241001;0100;15;;;
241001;0200;16;;;
241001;0300;8;;;
241001;0400;8;;;
241001;0500;14;;;
241001;0600;18;;;
241001;0700;13;;;
241001;0800;18;;;
241001;0900;17;;;
241001;1000;15;;;
241001;1100;8;;;
241001;1200;11;;;
241001;1300;11;;;
241001;1400;8;;;
241001;1500;5;;;
241001;1600;6;;;
241001;1700;4;;;
241001;1800;2;;;
241001;1900;2;;;
241001;2000;4;;;
241001;2100;4;;;
241001;2200;8;;;
241001;2300;7;;;
241002;0000;7;;;
241002;0100;8;;;
241002;0200;6;;;
241002;0300;9;;;
241002;0400;6;;;
241002;0500;14;;;
241002;0600;19;;;
241002;0700;18;;;
241002;0800;13;;;
241002;0900;13;;;
241002;1000;19;;;
241002;1100;40;;;
241002;1200;23;;;
241002;1300;20;;;
241002;1400;;;;
241002;1500;9;;;
241002;1600;6;;;
241002;1700;6;;;
241002;1800;7;;;
241002;1900;9;;;
241002;2000;16;;;
241002;2100;13;;;
241002;2200;11;;;
241002;2300;11;;;
241003;0000;15;;;
241003;0100;24;;;
241003;0200;19;;;
241003;0300;24;;;
241003;0400;26;;;
241003;0500;32;;;
241003;0600;26;;;
241003;0700;40;;;
241003;0800;41;;;
241003;0900;35;;;
241003;1000;32;;;
241003;1100;29;;;
241003;1200;28;;;
241003;1300;14;;;
241003;1400;13;;;
241003;1500;12;;;
241003;1600;10;;;
241003;1700;7;;;
241003;1800;10;;;
241003;1900;8;;;
241003;2000;8;;;
241003;2100;10;;;
241003;2200;25;;;
241003;2300;22;;;
241004;0000;21;;;
241004;0100;20;;;
241004;0200;30;;;
241004;0300;22;;;
241004;0400;25;;;
241004;0500;33;;;
241004;0600;38;;;
241004;0700;44;;;
241004;0800;36;;;
241004;0900;32;;;
241004;1000;29;;;
241004;1100;22;;;
241004;1200;19;;;
241004;1300;9;;;
241004;1400;9;;;
241004;1500;6;;;
241004;1600;6;;;
241004;1700;6;;;
241004;1800;4;;;
241004;1900;8;;;
241004;2000;10;;;
241004;2100;18;;;
241004;2200;16;;;
241004;2300;9;;;
241005;0000;8;;;
241005;0100;21;;;
241005;0200;16;;;
241005;0300;22;;;
241005;0400;22;;;
241005;0500;30;;;
241005;0600;30;;;
241005;0700;26;;;
241005;0800;26;;;
241005;0900;18;;;
241005;1000;15;;;
241005;1100;11;;;
241005;1200;17;;;
241005;1300;9;;;
241005;1400;13;;;
241005;1500;9;;;
241005;1600;9;;;
241005;1700;10;;;
241005;1800;10;;;
241005;1900;10;;;
241005;2000;13;;;
241005;2100;11;;;
241005;2200;13;;;
241005;2300;9;;;
241006;0000;24;;;
241006;0100;11;;;
241006;0200;17;;;
241006;0300;19;;;
241006;0400;18;;;
241006;0500;19;;;
241006;0600;20;;;
241006;0700;18;;;
241006;0800;23;;;
241006;0900;16;;;
241006;1000;15;;;
241006;1100;9;;;
241006;1200;11;;;
241006;1300;15;;;
241006;1400;14;;;
241006;1500;13;;;
241006;1600;8;;;
241006;1700;15;;;
241006;1800;14;;;
241006;1900;11;;;
241006;2000;10;;;
241006;2100;11;;;
241006;2200;12;;;
241006;2300;18;;;
241007;0000;17;;;
241007;0100;15;;;
241007;0200;15;;;
241007;0300;14;;;
241007;0400;10;;;
241007;0500;18;;;
241007;0600;14;;;
241007;0700;19;;;
241007;0800;21;;;
241007;0900;23;;;
241007;1000;20;;;
241007;1100;24;;;
241007;1200;20;;;
241007;1300;10;;;
241007;1400;14;;;
241007;1500;11;;;
241007;1600;9;;;
241007;1700;11;;;
241007;1800;11;;;
241007;1900;8;;;
241007;2000;11;;;
241007;2100;11;;;
241007;2200;11;;;
241007;2300;12;;;
241008;0000;8;;;
241008;0100;6;;;
241008;0200;6;;;
241008;0300;6;;;
241008;0400;7;;;
241008;0500;6;;;
241008;0600;11;;;
241008;0700;8;;;
241008;0800;11;;;
241008;0900;8;;;
241008;1000;7;;;
241008;1100;5;;;
241008;1200;4;;;
241008;1300;10;;;
241008;1400;7;;;
241008;1500;5;;;
241008;1600;8;;;
241008;1700;14;;;
241008;1800;9;;;
241008;1900;7;;;
241008;2000;11;;;
241008;2100;12;;;
241008;2200;11;;;
241008;2300;10;;;
241009;0000;18;;;
241009;0100;18;;;
241009;0200;14;;;
241009;0300;14;;;
241009;0400;16;;;
241009;0500;27;;;
241009;0600;25;;;
241009;0700;22;;;
241009;0800;28;;;
241009;0900;26;;;
241009;1000;24;;;
241009;1100;26;;;
241009;1200;24;;;
241009;1300;14;;;
241009;1400;12;;;
241009;1500;6;;;
241009;1600;8;;;
241009;1700;14;;;
241009;1800;16;;;
241009;1900;10;;;
241009;2000;12;;;
241009;2100;14;;;
241009;2200;10;;;
241009;2300;17;;;
241010;0000;17;;;
241010;0100;26;;;
241010;0200;27;;;
241010;0300;18;;;
241010;0400;28;;;
241010;0500;37;;;
241010;0600;37;;;
241010;0700;34;;;
241010;0800;29;;;
241010;0900;25;;;
241010;1000;31;;;
241010;1100;22;;;
241010;1200;19;;;
241010;1300;19;;;
241010;1400;12;;;
241010;1500;15;;;
241010;1600;10;;;
241010;1700;9;;;
241010;1800;13;;;
241010;1900;14;;;
241010;2000;16;;;
241010;2100;8;;;
241010;2200;10;;;
241010;2300;8;;;
241011;0000;10;;;
241011;0100;7;;;
241011;0200;7;;;
241011;0300;7;;;
241011;0400;6;;;
241011;0500;24;;;
241011;0600;12;;;
241011;0700;14;;;
241011;0800;11;;;
241011;0900;17;;;
241011;1000;12;;;
241011;1100;19;;;
241011;1200;19;;;
241011;1300;22;;;
241011;1400;19;;;
241011;1500;14;;;
241011;1600;14;;;
241011;1700;14;;;
241011;1800;15;;;
241011;1900;10;;;
241011;2000;10;;;
241011;2100;13;;;
241011;2200;16;;;
241011;2300;17;;;
241012;0000;23;;;
241012;0100;20;;;
241012;0200;22;;;
241012;0300;14;;;
241012;0400;16;;;
241012;0500;20;;;
241012;0600;16;;;
241012;0700;22;;;
241012;0800;28;;;
241012;0900;32;;;
241012;1000;36;;;
241012;1100;31;;;
241012;1200;23;;;
241012;1300;25;;;
241012;1400;20;;;
241012;1500;22;;;
241012;1600;21;;;
241012;1700;17;;;
241012;1800;20;;;
241012;1900;16;;;
241012;2000;25;;;
241012;2100;23;;;
241012;2200;23;;;
241012;2300;16;;;
241013;0000;14;;;
241013;0100;18;;;
241013;0200;19;;;
241013;0300;19;;;
241013;0400;28;;;
241013;0500;28;;;
241013;0600;37;;;
241013;0700;30;;;
241013;0800;28;;;
241013;0900;28;;;
241013;1000;32;;;
241013;1100;29;;;
241013;1200;19;;;
241013;1300;15;;;
241013;1400;11;;;
241013;1500;7;;;
241013;1600;6;;;
241013;1700;6;;;
241013;1800;10;;;
241013;1900;15;;;
241013;2000;6;;;
241013;2100;12;;;
241013;2200;10;;;
241013;2300;9;;;
241014;0000;8;;;
241014;0100;12;;;
241014;0200;11;;;
241014;0300;14;;;
241014;0400;14;;;
241014;0500;14;;;
241014;0600;24;;;
241014;0700;23;;;
241014;0800;21;;;
241014;0900;23;;;
241014;1000;19;;;
241014;1100;17;;;
241014;1200;16;;;
241014;1300;18;;;
241014;1400;14;;;
241014;1500;12;;;
241014;1600;7;;;
241014;1700;11;;;
241014;1800;8;;;
241014;1900;12;;;
241014;2000;11;;;
241014;2100;10;;;
241014;2200;16;;;
241014;2300;14;;;
241015;0000;17;;;
241015;0100;34;;;
241015;0200;36;;;
241015;0300;24;;;
241015;0400;23;;;
241015;0500;22;;;
241015;0600;30;;;
241015;0700;31;;;
241015;0800;42;;;
241015;0900;26;;;
241015;1000;19;;;
241015;1100;22;;;
241015;1200;20;;;
241015;1300;30;;;
241015;1400;21;;;
241015;1500;7;;;
241015;1600;19;;;
241015;1700;14;;;
241015;1800;11;;;
241015;1900;10;;;
241015;2000;8;;;
241015;2100;9;;;
241015;2200;10;;;
241015;2300;12;;;
241016;0000;13;;;
241016;0100;19;;;
241016;0200;12;;;
241016;0300;11;;;
241016;0400;8;;;
241016;0500;15;;;
241016;0600;23;;;
241016;0700;25;;;
241016;0800;21;;;
241016;0900;22;;;
241016;1000;13;;;
241016;1100;17;;;
241016;1200;11;;;
241016;1300;10;;;
241016;1400;12;;;
241016;1500;8;;;
241016;1600;9;;;
241016;1700;11;;;
241016;1800;11;;;
241016;1900;10;;;
241016;2000;8;;;
241016;2100;7;;;
241016;2200;6;;;
241016;2300;12;;;
241017;0000;13;;;
241017;0100;13;;;
241017;0200;9;;;
241017;0300;17;;;
241017;0400;13;;;
241017;0500;24;;;
241017;0600;17;;;
241017;0700;20;;;
241017;0800;20;;;
241017;0900;23;;;
241017;1000;20;;;
241017;1100;20;;;
241017;1200;20;;;
241017;1300;27;;;
241017;1400;26;;;
241017;1500;12;;;
241017;1600;17;;;
241017;1700;12;;;
241017;1800;13;;;
241017;1900;11;;;
241017;2000;11;;;
241017;2100;13;;;
241017;2200;11;;;
241017;2300;16;;;
241018;0000;14;;;
241018;0100;16;;;
241018;0200;8;;;
241018;0300;19;;;
241018;0400;19;;;
241018;0500;15;;;
241018;0600;28;;;
241018;0700;21;;;
241018;0800;16;;;
241018;0900;14;;;
241018;1000;23;;;
241018;1100;27;;;
241018;1200;27;;;
241018;1300;21;;;
241018;1400;20;;;
241018;1500;16;;;
241018;1600;13;;;
241018;1700;14;;;
241018;1800;11;;;
241018;1900;12;;;
241018;2000;13;;;
241018;2100;11;;;
241018;2200;15;;;
241018;2300;18;;;
241019;0000;13;;;
241019;0100;15;;;
241019;0200;18;;;
241019;0300;17;;;
241019;0400;13;;;
241019;0500;14;;;
241019;0600;17;;;
241019;0700;25;;;
241019;0800;36;;;
241019;0900;28;;;
241019;1000;24;;;
241019;1100;11;;;
241019;1200;12;;;
241019;1300;14;;;
241019;1400;11;;;
241019;1500;10;;;
241019;1600;9;;;
241019;1700;12;;;
241019;1800;9;;;
241019;1900;8;;;
241019;2000;8;;;
241019;2100;7;;;
241019;2200;6;;;
241019;2300;7;;;
241020;0000;9;;;
241020;0100;8;;;
241020;0200;7;;;
241020;0300;4;;;
241020;0400;4;;;
241020;0500;8;;;
241020;0600;6;;;
241020;0700;7;;;
241020;0800;5;;;
241020;0900;6;;;
241020;1000;8;;;
241020;1100;6;;;
241020;1200;4;;;
241020;1300;4;;;
241020;1400;4;;;
241020;1500;4;;;
241020;1600;2;;;
241020;1700;5;;;
241020;1800;6;;;
241020;1900;8;;;
241020;2000;9;;;
241020;2100;8;;;
241020;2200;6;;;
241020;2300;6;;;
241021;0000;4;;;
241021;0100;4;;;
241021;0200;3;;;
241021;0300;3;;;
241021;0400;4;;;
241021;0500;4;;;
241021;0600;7;;;
241021;0700;8;;;
241021;0800;8;;;
241021;0900;8;;;
241021;1000;13;;;
241021;1100;18;;;
241021;1200;13;;;
241021;1300;14;;;
241021;1400;11;;;
241021;1500;7;;;
241021;1600;7;;;
241021;1700;7;;;
241021;1800;9;;;
241021;1900;8;;;
241021;2000;11;;;
241021;2100;7;;;
241021;2200;8;;;
241021;2300;8;;;
241022;0000;9;;;
241022;0100;7;;;
241022;0200;12;;;
241022;0300;17;;;
241022;0400;16;;;
241022;0500;24;;;
241022;0600;34;;;
241022;0700;33;;;
241022;0800;28;;;
241022;0900;14;;;
241022;1000;16;;;
241022;1100;22;;;
241022;1200;19;;;
241022;1300;9;;;
241022;1400;17;;;
241022;1500;12;;;
241022;1600;15;;;
241022;1700;9;;;
241022;1800;7;;;
241022;1900;6;;;
241022;2000;5;;;
241022;2100;5;;;
241022;2200;9;;;
241022;2300;5;;;
241023;0000;4;;;
241023;0100;5;;;
241023;0200;8;;;
241023;0300;5;;;
241023;0400;3;;;
241023;0500;8;;;
241023;0600;6;;;
241023;0700;6;;;
241023;0800;7;;;
241023;0900;7;;;
241023;1000;8;;;
241023;1100;16;;;
241023;1200;10;;;
241023;1300;8;;;
241023;1400;7;;;
241023;1500;6;;;
241023;1600;5;;;
241023;1700;9;;;
241023;1800;8;;;
241023;1900;9;;;
241023;2000;9;;;
241023;2100;7;;;
241023;2200;7;;;
241023;2300;11;;;
241024;0000;7;;;
241024;0100;5;;;
241024;0200;10;;;
241024;0300;11;;;
241024;0400;22;;;
241024;0500;12;;;
241024;0600;27;;;
241024;0700;15;;;
241024;0800;21;;;
241024;0900;14;;;
241024;1000;18;;;
241024;1100;26;;;
241024;1200;15;;;
241024;1300;4;;;
241024;1400;4;;;
241024;1500;6;;;
241024;1600;7;;;
241024;1700;8;;;
241024;1800;8;;;
241024;1900;8;;;
241024;2000;8;;;
241024;2100;5;;;
241024;2200;3;;;
241024;2300;8;;;
241025;0000;7;;;
241025;0100;6;;;
241025;0200;9;;;
241025;0300;10;;;
241025;0400;8;;;
241025;0500;7;;;
241025;0600;8;;;
241025;0700;17;;;
241025;0800;9;;;
241025;0900;16;;;
241025;1000;18;;;
241025;1100;18;;;
241025;1200;13;;;
241025;1300;13;;;
241025;1400;13;;;
241025;1500;11;;;
241025;1600;11;;;
241025;1700;8;;;
241025;1800;8;;;
241025;1900;10;;;
241025;2000;15;;;
241025;2100;13;;;
241025;2200;11;;;
241025;2300;14;;;
241026;0000;10;;;
241026;0100;12;;;
241026;0200;9;;;
241026;0300;12;;;
241026;0400;16;;;
241026;0500;16;;;
241026;0600;24;;;
241026;0700;28;;;
241026;0800;22;;;
241026;0900;23;;;
241026;1000;17;;;
241026;1100;13;;;
241026;1200;13;;;
241026;1300;10;;;
241026;1400;8;;;
241026;1500;11;;;
241026;1600;12;;;
241026;1700;11;;;
241026;1800;11;;;
241026;1900;14;;;
241026;2000;13;;;
241026;2100;12;;;
241026;2200;8;;;
241026;2300;11;;;
241027;0000;10;;;
241027;0100;10;;;
241027;0200;9;;;
241027;0300;10;;;
241027;0400;12;;;
241027;0500;23;;;
241027;0600;19;;;
241027;0700;17;;;
241027;0800;27;;;
241027;0900;20;;;
241027;1000;12;;;
241027;1100;17;;;
241027;1200;16;;;
241027;1300;15;;;
241027;1400;11;;;
241027;1500;14;;;
241027;1600;11;;;
241027;1700;12;;;
241027;1800;15;;;
241027;1900;20;;;
241027;2000;18;;;
241027;2100;15;;;
241027;2200;14;;;
241027;2300;12;;;
241028;0000;15;;;
241028;0100;14;;;
241028;0200;13;;;
241028;0300;20;;;
241028;0400;19;;;
241028;0500;28;;;
241028;0600;25;;;
241028;0700;36;;;
241028;0800;31;;;
241028;0900;23;;;
241028;1000;18;;;
241028;1100;23;;;
241028;1200;20;;;
241028;1300;12;;;
241028;1400;20;;;
241028;1500;8;;;
241028;1600;18;;;
241028;1700;12;;;
241028;1800;15;;;
241028;1900;13;;;
241028;2000;13;;;
241028;2100;12;;;
241028;2200;15;;;
241028;2300;13;;;
241029;0000;18;;;
241029;0100;10;;;
241029;0200;22;;;
241029;0300;19;;;
241029;0400;26;;;
241029;0500;21;;;
241029;0600;26;;;
241029;0700;30;;;
241029;0800;24;;;
241029;0900;18;;;
241029;1000;14;;;
241029;1100;16;;;
241029;1200;18;;;
241029;1300;13;;;
241029;1400;12;;;
241029;1500;12;;;
241029;1600;12;;;
241029;1700;8;;;
241029;1800;11;;;
241029;1900;11;;;
241029;2000;7;;;
241029;2100;6;;;
241029;2200;6;;;
241029;2300;5;;;
241030;0000;6;;;
241030;0100;16;;;
241030;0200;18;;;
241030;0300;11;;;
241030;0400;28;;;
241030;0500;15;;;
241030;0600;18;;;
241030;0700;23;;;
241030;0800;30;;;
241030;0900;29;;;
241030;1000;35;;;
241030;1100;41;;;
241030;1200;24;;;
241030;1300;23;;;
241030;1400;17;;;
241030;1500;12;;;
241030;1600;9;;;
241030;1700;7;;;
241030;1800;8;;;
241030;1900;9;;;
241030;2000;12;;;
241030;2100;9;;;
241030;2200;7;;;
241030;2300;10;;;
241031;0000;17;;;
241031;0100;7;;;
241031;0200;14;;;
241031;0300;18;;;
241031;0400;16;;;
241031;0500;20;;;
241031;0600;20;;;
241031;0700;18;;;
241031;0800;21;;;
241031;0900;20;;;
241031;1000;25;;;
241031;1100;17;;;
241031;1200;18;;;
241031;1300;13;;;
241031;1400;8;;;
241031;1500;7;;;
241031;1600;6;;;
241031;1700;14;;;
241031;1800;9;;;
241031;1900;6;;;
241031;2000;11;;;
241031;2100;12;;;
241031;2200;12;;;
241031;2300;7;;;
241101;0000;7;;;
241101;0100;8;;;
241101;0200;12;;;
241101;0300;11;;;
241101;0400;9;;;
241101;0500;12;;;
241101;0600;9;;;
241101;0700;7;;;
241101;0800;4;;;
241101;0900;4;;;
241101;1000;9;;;
241101;1100;7;;;
241101;1200;7;;;
241101;1300;9;;;
241101;1400;10;;;
241101;1500;8;;;
241101;1600;5;;;
241101;1700;6;;;
241101;1800;5;;;
241101;1900;8;;;
241101;2000;6;;;
241101;2100;9;;;
241101;2200;9;;;
241101;2300;10;;;
241102;0000;12;;;
241102;0100;12;;;
241102;0200;10;;;
241102;0300;5;;;
241102;0400;8;;;
241102;0500;11;;;
241102;0600;8;;;
241102;0700;13;;;
241102;0800;8;;;
241102;0900;16;;;
241102;1000;13;;;
241102;1100;15;;;
241102;1200;14;;;
241102;1300;9;;;
241102;1400;4;;;
241102;1500;5;;;
241102;1600;4;;;
241102;1700;5;;;
241102;1800;4;;;
241102;1900;7;;;
241102;2000;6;;;
241102;2100;6;;;
241102;2200;6;;;
241102;2300;5;;;
241103;0000;4;;;
241103;0100;6;;;
241103;0200;6;;;
241103;0300;8;;;
241103;0400;7;;;
241103;0500;8;;;
241103;0600;6;;;
241103;0700;7;;;
241103;0800;7;;;
241103;0900;6;;;
241103;1000;5;;;
241103;1100;4;;;
241103;1200;2;;;
241103;1300;9;;;
241103;1400;8;;;
241103;1500;9;;;
241103;1600;6;;;
241103;1700;7;;;
241103;1800;6;;;
241103;1900;6;;;
241103;2000;8;;;
241103;2100;7;;;
241103;2200;4;;;
241103;2300;3;;;
241104;0000;2;;;
241104;0100;14;;;
241104;0200;10;;;
241104;0300;10;;;
241104;0400;9;;;
241104;0500;21;;;
241104;0600;18;;;
241104;0700;8;;;
241104;0800;13;;;
241104;0900;12;;;
241104;1000;8;;;
241104;1100;11;;;
241104;1200;7;;;
241104;1300;12;;;
241104;1400;8;;;
241104;1500;8;;;
241104;1600;7;;;
241104;1700;5;;;
241104;1800;16;;;
241104;1900;10;;;
241104;2000;12;;;
241104;2100;13;;;
241104;2200;13;;;
241104;2300;12;;;
241105;0000;14;;;
241105;0100;10;;;
241105;0200;9;;;
241105;0300;11;;;
241105;0400;13;;;
241105;0500;20;;;
241105;0600;24;;;
241105;0700;21;;;
241105;0800;19;;;
241105;0900;13;;;
241105;1000;19;;;
241105;1100;26;;;
241105;1200;11;;;
241105;1300;13;;;
241105;1400;10;;;
241105;1500;8;;;
241105;1600;4;;;
241105;1700;8;;;
241105;1800;5;;;
241105;1900;15;;;
241105;2000;14;;;
241105;2100;11;;;
241105;2200;7;;;
241105;2300;15;;;
241106;0000;12;;;
241106;0100;11;;;
241106;0200;16;;;
241106;0300;13;;;
241106;0400;17;;;
241106;0500;21;;;
241106;0600;32;;;
241106;0700;23;;;
241106;0800;19;;;
241106;0900;27;;;
241106;1000;20;;;
241106;1100;16;;;
241106;1200;10;;;
241106;1300;13;;;
241106;1400;8;;;
241106;1500;6;;;
241106;1600;9;;;
241106;1700;7;;;
241106;1800;4;;;
241106;1900;12;;;
241106;2000;13;;;
241106;2100;10;;;
241106;2200;13;;;
241106;2300;19;;;
241107;0000;14;;;
241107;0100;12;;;
241107;0200;11;;;
241107;0300;10;;;
241107;0400;13;;;
241107;0500;33;;;
241107;0600;30;;;
241107;0700;17;;;
241107;0800;18;;;
241107;0900;20;;;
241107;1000;21;;;
241107;1100;19;;;
241107;1200;14;;;
241107;1300;9;;;
241107;1400;13;;;
241107;1500;15;;;
241107;1600;12;;;
241107;1700;11;;;
241107;1800;12;;;
241107;1900;14;;;
241107;2000;14;;;
241107;2100;18;;;
241107;2200;17;;;
241107;2300;20;;;
241108;0000;13;;;
241108;0100;12;;;
241108;0200;14;;;
241108;0300;18;;;
241108;0400;33;;;
241108;0500;30;;;
241108;0600;35;;;
241108;0700;30;;;
241108;0800;32;;;
241108;0900;33;;;
241108;1000;23;;;
241108;1100;24;;;
241108;1200;18;;;
241108;1300;13;;;
241108;1400;10;;;
241108;1500;10;;;
241108;1600;6;;;
241108;1700;4;;;
241108;1800;5;;;
241108;1900;6;;;
241108;2000;5;;;
241108;2100;4;;;
241108;2200;9;;;
241108;2300;18;;;
241109;0000;13;;;
241109;0100;9;;;
241109;0200;14;;;
241109;0300;14;;;
241109;0400;13;;;
241109;0500;21;;;
241109;0600;22;;;
241109;0700;26;;;
241109;0800;21;;;
241109;0900;16;;;
241109;1000;15;;;
241109;1100;15;;;
241109;1200;14;;;
241109;1300;7;;;
241109;1400;6;;;
241109;1500;5;;;
241109;1600;5;;;
241109;1700;3;;;
241109;1800;4;;;
241109;1900;3;;;
241109;2000;3;;;
241109;2100;3;;;
241109;2200;6;;;
241109;2300;8;;;
241110;0000;5;;;
241110;0100;3;;;
241110;0200;10;;;
241110;0300;8;;;
241110;0400;7;;;
241110;0500;8;;;
241110;0600;7;;;
241110;0700;8;;;
241110;0800;6;;;
241110;0900;6;;;
241110;1000;6;;;
241110;1100;7;;;
241110;1200;9;;;
241110;1300;6;;;
241110;1400;7;;;
241110;1500;8;;;
241110;1600;6;;;
241110;1700;13;;;
241110;1800;8;;;
241110;1900;5;;;
241110;2000;5;;;
241110;2100;5;;;
241110;2200;7;;;
241110;2300;6;;;
241111;0000;3;;;
241111;0100;4;;;
241111;0200;3;;;
241111;0300;8;;;
241111;0400;14;;;
241111;0500;11;;;
241111;0600;8;;;
241111;0700;12;;;
241111;0800;11;;;
241111;0900;11;;;
241111;1000;15;;;
241111;1100;4;;;
241111;1200;7;;;
241111;1300;8;;;
241111;1400;4;;;
241111;1500;4;;;
241111;1600;7;;;
241111;1700;5;;;
241111;1800;6;;;
241111;1900;9;;;
241111;2000;6;;;
241111;2100;4;;;
241111;2200;8;;;
241111;2300;9;;;
241112;0000;8;;;
241112;0100;8;;;
241112;0200;13;;;
241112;0300;12;;;
241112;0400;8;;;
241112;0500;17;;;
241112;0600;18;;;
241112;0700;24;;;
241112;0800;20;;;
241112;0900;14;;;
241112;1000;13;;;
241112;1100;15;;;
241112;1200;1;;;
241112;1300;2;;;
241112;1400;12;;;
241112;1500;8;;;
241112;1600;9;;;
241112;1700;7;;;
241112;1800;7;;;
241112;1900;9;;;
241112;2000;7;;;
241112;2100;7;;;
241112;2200;8;;;
241112;2300;12;;;
241113;0000;17;;;
241113;0100;16;;;
241113;0200;15;;;
241113;0300;12;;;
241113;0400;14;;;
241113;0500;22;;;
241113;0600;29;;;
241113;0700;22;;;
241113;0800;17;;;
241113;0900;28;;;
241113;1000;13;;;
241113;1100;17;;;
241113;1200;23;;;
241113;1300;23;;;
241113;1400;23;;;
241113;1500;20;;;
241113;1600;20;;;
241113;1700;17;;;
241113;1800;23;;;
241113;1900;15;;;
241113;2000;14;;;
241113;2100;18;;;
241113;2200;15;;;
241113;2300;15;;;
241114;0000;14;;;
241114;0100;16;;;
241114;0200;12;;;
241114;0300;18;;;
241114;0400;19;;;
241114;0500;19;;;
241114;0600;23;;;
241114;0700;22;;;
241114;0800;23;;;
241114;0900;23;;;
241114;1000;27;;;
241114;1100;27;;;
241114;1200;15;;;
241114;1300;14;;;
241114;1400;14;;;
241114;1500;17;;;
241114;1600;14;;;
241114;1700;14;;;
241114;1800;9;;;
241114;1900;14;;;
241114;2000;10;;;
241114;2100;8;;;
241114;2200;13;;;
241114;2300;12;;;
241115;0000;15;;;
241115;0100;8;;;
241115;0200;9;;;
241115;0300;7;;;
241115;0400;11;;;
241115;0500;8;;;
241115;0600;17;;;
241115;0700;19;;;
241115;0800;24;;;
241115;0900;22;;;
241115;1000;30;;;
241115;1100;23;;;
241115;1200;16;;;
241115;1300;19;;;
241115;1400;13;;;
241115;1500;12;;;
241115;1600;11;;;
241115;1700;13;;;
241115;1800;15;;;
241115;1900;8;;;
241115;2000;9;;;
241115;2100;16;;;
241115;2200;12;;;
241115;2300;10;;;
241116;0000;8;;;
241116;0100;13;;;
241116;0200;14;;;
241116;0300;12;;;
241116;0400;8;;;
241116;0500;10;;;
241116;0600;13;;;
241116;0700;12;;;
241116;0800;14;;;
241116;0900;19;;;
241116;1000;16;;;
241116;1100;10;;;
241116;1200;10;;;
241116;1300;12;;;
241116;1400;13;;;
241116;1500;10;;;
241116;1600;12;;;
241116;1700;11;;;
241116;1800;17;;;
241116;1900;16;;;
241116;2000;15;;;
241116;2100;15;;;
241116;2200;22;;;
241116;2300;41;;;
241117;0000;19;;;
241117;0100;17;;;
241117;0200;13;;;
241117;0300;12;;;
241117;0400;10;;;
241117;0500;10;;;
241117;0600;15;;;
241117;0700;13;;;
241117;0800;11;;;
241117;0900;17;;;
241117;1000;21;;;
241117;1100;19;;;
241117;1200;18;;;
241117;1300;8;;;
241117;1400;10;;;
241117;1500;11;;;
241117;1600;7;;;
241117;1700;10;;;
241117;1800;11;;;
241117;1900;8;;;
241117;2000;5;;;
241117;2100;4;;;
241117;2200;10;;;
241117;2300;7;;;
241118;0000;9;;;
241118;0100;11;;;
241118;0200;14;;;
241118;0300;7;;;
241118;0400;9;;;
241118;0500;13;;;
241118;0600;33;;;
241118;0700;27;;;
241118;0800;15;;;
241118;0900;16;;;
241118;1000;11;;;
241118;1100;15;;;
241118;1200;10;;;
241118;1300;7;;;
241118;1400;10;;;
241118;1500;9;;;
241118;1600;17;;;
241118;1700;10;;;
241118;1800;8;;;
241118;1900;10;;;
241118;2000;13;;;
241118;2100;8;;;
241118;2200;10;;;
241118;2300;9;;;
241119;0000;8;;;
241119;0100;10;;;
241119;0200;12;;;
241119;0300;12;;;
241119;0400;14;;;
241119;0500;13;;;
241119;0600;15;;;
241119;0700;23;;;
241119;0800;25;;;
241119;0900;18;;;
241119;1000;15;;;
241119;1100;13;;;
241119;1200;13;;;
241119;1300;13;;;
241119;1400;15;;;
241119;1500;7;;;
241119;1600;9;;;
241119;1700;15;;;
241119;1800;8;;;
241119;1900;13;;;
241119;2000;12;;;
241119;2100;10;;;
241119;2200;9;;;
241119;2300;13;;;
241120;0000;9;;;
241120;0100;9;;;
241120;0200;10;;;
241120;0300;11;;;
241120;0400;13;;;
241120;0500;16;;;
241120;0600;18;;;
241120;0700;24;;;
241120;0800;19;;;
241120;0900;16;;;
241120;1000;15;;;
241120;1100;15;;;
241120;1200;16;;;
241120;1300;16;;;
241120;1400;6;;;
241120;1500;16;;;
241120;1600;14;;;
241120;1700;16;;;
241120;1800;16;;;
241120;1900;16;;;
241120;2000;10;;;
241120;2100;10;;;
241120;2200;16;;;
241120;2300;10;;;
241121;0000;17;;;
241121;0100;22;;;
241121;0200;11;;;
241121;0300;22;;;
241121;0400;20;;;
241121;0500;23;;;
241121;0600;23;;;
241121;0700;16;;;
241121;0800;13;;;
241121;0900;12;;;
241121;1000;13;;;
241121;1100;15;;;
241121;1200;11;;;
241121;1300;14;;;
241121;1400;14;;;
241121;1500;15;;;
241121;1600;13;;;
241121;1700;10;;;
241121;1800;12;;;
241121;1900;10;;;
241121;2000;6;;;
241121;2100;3;;;
241121;2200;2;;;
241121;2300;7;;;
241122;0000;7;;;
241122;0100;4;;;
241122;0200;5;;;
241122;0300;7;;;
241122;0400;10;;;
241122;0500;14;;;
241122;0600;16;;;
241122;0700;11;;;
241122;0800;9;;;
241122;0900;7;;;
241122;1000;18;;;
241122;1100;10;;;
241122;1200;14;;;
241122;1300;11;;;
241122;1400;12;;;
241122;1500;8;;;
241122;1600;11;;;
241122;1700;12;;;
241122;1800;8;;;
241122;1900;5;;;
241122;2000;7;;;
241122;2100;6;;;
241122;2200;8;;;
241122;2300;8;;;
241123;0000;8;;;
241123;0100;10;;;
241123;0200;9;;;
241123;0300;7;;;
241123;0400;15;;;
241123;0500;14;;;
241123;0600;12;;;
241123;0700;10;;;
241123;0800;10;;;
241123;0900;11;;;
241123;1000;17;;;
241123;1100;14;;;
241123;1200;9;;;
241123;1300;8;;;
241123;1400;12;;;
241123;1500;12;;;
241123;1600;10;;;
241123;1700;7;;;
241123;1800;8;;;
241123;1900;5;;;
241123;2000;5;;;
241123;2100;8;;;
241123;2200;9;;;
241123;2300;7;;;
241124;0000;10;;;
241124;0100;4;;;
241124;0200;4;;;
241124;0300;5;;;
241124;0400;6;;;
241124;0500;5;;;
241124;0600;5;;;
241124;0700;10;;;
241124;0800;12;;;
241124;0900;11;;;
241124;1000;7;;;
241124;1100;14;;;
241124;1200;11;;;
241124;1300;9;;;
241124;1400;9;;;
241124;1500;6;;;
241124;1600;7;;;
241124;1700;7;;;
241124;1800;9;;;
241124;1900;11;;;
241124;2000;8;;;
241124;2100;7;;;
241124;2200;3;;;
241124;2300;3;;;
241125;0000;3;;;
241125;0100;1;;;
241125;0200;3;;;
241125;0300;4;;;
241125;0400;6;;;
241125;0500;9;;;
241125;0600;9;;;
241125;0700;17;;;
241125;0800;6;;;
241125;0900;4;;;
241125;1000;5;;;
241125;1100;8;;;
241125;1200;9;;;
241125;1300;10;;;
241125;1400;11;;;
241125;1500;9;;;
241125;1600;14;;;
241125;1700;14;;;
241125;1800;12;;;
241125;1900;11;;;
241125;2000;7;;;
241125;2100;4;;;
241125;2200;6;;;
241125;2300;6;;;
241126;0000;7;;;
241126;0100;12;;;
241126;0200;9;;;
241126;0300;11;;;
241126;0400;11;;;
241126;0500;12;;;
241126;0600;15;;;
241126;0700;9;;;
241126;0800;9;;;
241126;0900;9;;;
241126;1000;8;;;
241126;1100;11;;;
241126;1200;10;;;
241126;1300;7;;;
241126;1400;8;;;
241126;1500;5;;;
241126;1600;5;;;
241126;1700;6;;;
241126;1800;9;;;
241126;1900;8;;;
241126;2000;9;;;
241126;2100;10;;;
241126;2200;8;;;
241126;2300;12;;;
241127;0000;9;;;
241127;0100;7;;;
241127;0200;7;;;
241127;0300;10;;;
241127;0400;7;;;
241127;0500;9;;;
241127;0600;12;;;
241127;0700;14;;;
241127;0800;16;;;
241127;0900;15;;;
241127;1000;13;;;
241127;1100;9;;;
241127;1200;6;;;
241127;1300;9;;;
241127;1400;10;;;
241127;1500;10;;;
241127;1600;6;;;
241127;1700;6;;;
241127;1800;8;;;
241127;1900;7;;;
241127;2000;8;;;
241127;2100;5;;;
241127;2200;7;;;
241127;2300;5;;;
241128;0000;4;;;
241128;0100;7;;;
241128;0200;5;;;
241128;0300;3;;;
241128;0400;10;;;
241128;0500;8;;;
241128;0600;12;;;
241128;0700;7;;;
241128;0800;6;;;
241128;0900;15;;;
241128;1000;12;;;
241128;1100;14;;;
241128;1200;13;;;
241128;1300;8;;;
241128;1400;7;;;
241128;1500;9;;;
241128;1600;9;;;
241128;1700;12;;;
241128;1800;12;;;
241128;1900;8;;;
241128;2000;7;;;
241128;2100;7;;;
241128;2200;10;;;
241128;2300;10;;;
241129;0000;11;;;
241129;0100;9;;;
241129;0200;9;;;
241129;0300;10;;;
241129;0400;12;;;
241129;0500;14;;;
241129;0600;16;;;
241129;0700;21;;;
241129;0800;16;;;
241129;0900;8;;;
241129;1000;19;;;
241129;1100;14;;;
241129;1200;11;;;
241129;1300;11;;;
241129;1400;10;;;
241129;1500;11;;;
241129;1600;11;;;
241129;1700;13;;;
241129;1800;11;;;
241129;1900;7;;;
241129;2000;9;;;
241129;2100;4;;;
241129;2200;2;;;
241129;2300;8;;;
241130;0000;9;;;
241130;0100;16;;;
241130;0200;12;;;
241130;0300;24;;;
241130;0400;18;;;
241130;0500;25;;;
241130;0600;23;;;
241130;0700;20;;;
241130;0800;8;;;
241130;0900;11;;;
241130;1000;13;;;
241130;1100;9;;;
241130;1200;8;;;
241130;1300;11;;;
241130;1400;7;;;
241130;1500;6;;;
241130;1600;11;;;
241130;1700;6;;;
241130;1800;9;;;
241130;1900;8;;;
241130;2000;6;;;
241130;2100;7;;;
241130;2200;7;;;
241130;2300;6;;;
241201;0000;7;;;
241201;0100;5;;;
241201;0200;8;;;
241201;0300;8;;;
241201;0400;7;;;
241201;0500;6;;;
241201;0600;5;;;
241201;0700;3;;;
241201;0800;6;;;
241201;0900;10;;;
241201;1000;9;;;
241201;1100;8;;;
241201;1200;8;;;
241201;1300;6;;;
241201;1400;5;;;
241201;1500;5;;;
241201;1600;4;;;
241201;1700;4;;;
241201;1800;6;;;
241201;1900;7;;;
241201;2000;12;;;
241201;2100;6;;;
241201;2200;8;;;
241201;2300;5;;;
241202;0000;4;;;
241202;0100;6;;;
241202;0200;7;;;
241202;0300;7;;;
241202;0400;7;;;
241202;0500;10;;;
241202;0600;11;;;
241202;0700;9;;;
241202;0800;8;;;
241202;0900;13;;;
241202;1000;9;;;
241202;1100;15;;;
241202;1200;9;;;
241202;1300;7;;;
241202;1400;9;;;
241202;1500;10;;;
241202;1600;8;;;
241202;1700;7;;;
241202;1800;6;;;
241202;1900;9;;;
241202;2000;10;;;
241202;2100;10;;;
241202;2200;9;;;
241202;2300;6;;;
241203;0000;11;;;
241203;0100;15;;;
241203;0200;10;;;
241203;0300;10;;;
241203;0400;16;;;
241203;0500;12;;;
241203;0600;21;;;
241203;0700;22;;;
241203;0800;17;;;
241203;0900;11;;;
241203;1000;11;;;
241203;1100;17;;;
241203;1200;9;;;
241203;1300;8;;;
241203;1400;15;;;
241203;1500;14;;;
241203;1600;13;;;
241203;1700;12;;;
241203;1800;20;;;
241203;1900;14;;;
241203;2000;12;;;
241203;2100;11;;;
241203;2200;11;;;
241203;2300;11;;;
241204;0000;10;;;
241204;0100;10;;;
241204;0200;9;;;
241204;0300;8;;;
241204;0400;10;;;
241204;0500;16;;;
241204;0600;20;;;
241204;0700;21;;;
241204;0800;27;;;
241204;0900;15;;;
241204;1000;16;;;
241204;1100;21;;;
241204;1200;19;;;
241204;1300;17;;;
241204;1400;11;;;
241204;1500;16;;;
241204;1600;16;;;
241204;1700;22;;;
241204;1800;38;;;
241204;1900;40;;;
241204;2000;23;;;
241204;2100;16;;;
241204;2200;9;;;
241204;2300;9;;;
241205;0000;6;;;
241205;0100;4;;;
241205;0200;6;;;
241205;0300;12;;;
241205;0400;9;;;
241205;0500;10;;;
241205;0600;9;;;
241205;0700;9;;;
241205;0800;8;;;
241205;0900;9;;;
241205;1000;17;;;
241205;1100;22;;;
241205;1200;19;;;
241205;1300;13;;;
241205;1400;8;;;
241205;1500;8;;;
241205;1600;7;;;
241205;1700;5;;;
241205;1800;10;;;
241205;1900;7;;;
241205;2000;6;;;
241205;2100;8;;;
241205;2200;6;;;
241205;2300;5;;;
241206;0000;3;;;
241206;0100;8;;;
241206;0200;11;;;
241206;0300;9;;;
241206;0400;6;;;
241206;0500;8;;;
241206;0600;10;;;
241206;0700;15;;;
241206;0800;19;;;
241206;0900;13;;;
241206;1000;9;;;
241206;1100;11;;;
241206;1200;10;;;
241206;1300;6;;;
241206;1400;8;;;
241206;1500;8;;;
241206;1600;6;;;
241206;1700;8;;;
241206;1800;5;;;
241206;1900;6;;;
241206;2000;7;;;
241206;2100;6;;;
241206;2200;6;;;
241206;2300;12;;;
241207;0000;9;;;
241207;0100;12;;;
241207;0200;9;;;
241207;0300;8;;;
241207;0400;8;;;
241207;0500;11;;;
241207;0600;20;;;
241207;0700;24;;;
241207;0800;29;;;
241207;0900;41;;;
241207;1000;18;;;
241207;1100;13;;;
241207;1200;8;;;
241207;1300;8;;;
241207;1400;9;;;
241207;1500;12;;;
241207;1600;22;;;
241207;1700;11;;;
241207;1800;8;;;
241207;1900;5;;;
241207;2000;4;;;
241207;2100;11;;;
241207;2200;8;;;
241207;2300;4;;;
241208;0000;6;;;
241208;0100;8;;;
241208;0200;5;;;
241208;0300;6;;;
241208;0400;6;;;
241208;0500;9;;;
241208;0600;13;;;
241208;0700;13;;;
241208;0800;7;;;
241208;0900;6;;;
241208;1000;3;;;
241208;1100;6;;;
241208;1200;5;;;
241208;1300;8;;;
241208;1400;10;;;
241208;1500;11;;;
241208;1600;10;;;
241208;1700;14;;;
241208;1800;9;;;
241208;1900;13;;;
241208;2000;8;;;
241208;2100;5;;;
241208;2200;7;;;
241208;2300;10;;;
241209;0000;9;;;
241209;0100;9;;;
241209;0200;11;;;
241209;0300;12;;;
241209;0400;10;;;
241209;0500;14;;;
241209;0600;37;;;
241209;0700;20;;;
241209;0800;19;;;
241209;0900;12;;;
241209;1000;17;;;
241209;1100;15;;;
241209;1200;17;;;
241209;1300;7;;;
241209;1400;7;;;
241209;1500;;;;
241209;1600;8;;;
241209;1700;9;;;
241209;1800;6;;;
241209;1900;13;;;
241209;2000;10;;;
241209;2100;19;;;
241209;2200;17;;;
241209;2300;12;;;
241210;0000;12;;;
241210;0100;18;;;
241210;0200;13;;;
241210;0300;17;;;
241210;0400;22;;;
241210;0500;19;;;
241210;0600;43;;;
241210;0700;27;;;
241210;0800;18;;;
241210;0900;18;;;
241210;1000;17;;;
241210;1100;20;;;
241210;1200;12;;;
241210;1300;13;;;
241210;1400;20;;;
241210;1500;15;;;
241210;1600;14;;;
241210;1700;16;;;
241210;1800;14;;;
241210;1900;12;;;
241210;2000;11;;;
241210;2100;12;;;
241210;2200;11;;;
241210;2300;8;;;
241211;0000;6;;;
241211;0100;16;;;
241211;0200;20;;;
241211;0300;15;;;
241211;0400;19;;;
241211;0500;16;;;
241211;0600;27;;;
241211;0700;27;;;
241211;0800;21;;;
241211;0900;17;;;
241211;1000;18;;;
241211;1100;17;;;
241211;1200;18;;;
241211;1300;12;;;
241211;1400;15;;;
241211;1500;13;;;
241211;1600;13;;;
241211;1700;11;;;
241211;1800;14;;;
241211;1900;11;;;
241211;2000;8;;;
241211;2100;8;;;
241211;2200;12;;;
241211;2300;10;;;
241212;0000;8;;;
241212;0100;7;;;
241212;0200;11;;;
241212;0300;14;;;
241212;0400;8;;;
241212;0500;9;;;
241212;0600;8;;;
241212;0700;8;;;
241212;0800;9;;;
241212;0900;11;;;
241212;1000;13;;;
241212;1100;20;;;
241212;1200;15;;;
241212;1300;;;;
241212;1400;6;;;
241212;1500;9;;;
241212;1600;9;;;
241212;1700;11;;;
241212;1800;9;;;
241212;1900;11;;;
241212;2000;9;;;
241212;2100;12;;;
241212;2200;12;;;
241212;2300;13;;;
241213;0000;13;;;
241213;0100;17;;;
241213;0200;14;;;
241213;0300;19;;;
241213;0400;27;;;
241213;0500;22;;;
241213;0600;27;;;
241213;0700;20;;;
241213;0800;24;;;
241213;0900;19;;;
241213;1000;21;;;
241213;1100;17;;;
241213;1200;15;;;
241213;1300;27;;;
241213;1400;17;;;
241213;1500;12;;;
241213;1600;13;;;
241213;1700;11;;;
241213;1800;9;;;
241213;1900;5;;;
241213;2000;6;;;
241213;2100;11;;;
241213;2200;13;;;
241213;2300;8;;;
241214;0000;18;;;
241214;0100;15;;;
241214;0200;21;;;
241214;0300;17;;;
241214;0400;15;;;
241214;0500;22;;;
241214;0600;27;;;
241214;0700;24;;;
241214;0800;18;;;
241214;0900;5;;;
241214;1000;12;;;
241214;1100;18;;;
241214;1200;11;;;
241214;1300;11;;;
241214;1400;11;;;
241214;1500;11;;;
241214;1600;6;;;
241214;1700;9;;;
241214;1800;10;;;
241214;1900;12;;;
241214;2000;9;;;
241214;2100;9;;;
241214;2200;10;;;
241214;2300;11;;;
241215;0000;12;;;
241215;0100;13;;;
241215;0200;16;;;
241215;0300;13;;;
241215;0400;14;;;
241215;0500;21;;;
241215;0600;18;;;
241215;0700;16;;;
241215;0800;14;;;
241215;0900;8;;;
241215;1000;13;;;
241215;1100;14;;;
241215;1200;11;;;
241215;1300;20;;;
241215;1400;13;;;
241215;1500;11;;;
241215;1600;12;;;
241215;1700;13;;;
241215;1800;10;;;
241215;1900;6;;;
241215;2000;10;;;
241215;2100;6;;;
241215;2200;7;;;
241215;2300;13;;;
241216;0000;11;;;
241216;0100;9;;;
241216;0200;10;;;
241216;0300;8;;;
241216;0400;11;;;
241216;0500;11;;;
241216;0600;20;;;
241216;0700;18;;;
241216;0800;20;;;
241216;0900;13;;;
241216;1000;18;;;
241216;1100;21;;;
241216;1200;15;;;
241216;1300;15;;;
241216;1400;17;;;
241216;1500;18;;;
241216;1600;17;;;
241216;1700;8;;;
241216;1800;9;;;
241216;1900;8;;;
241216;2000;8;;;
241216;2100;12;;;
241216;2200;10;;;
241216;2300;9;;;
241217;0000;10;;;
241217;0100;9;;;
241217;0200;6;;;
241217;0300;4;;;
241217;0400;12;;;
241217;0500;15;;;
241217;0600;18;;;
241217;0700;21;;;
241217;0800;23;;;
241217;0900;20;;;
241217;1000;17;;;
241217;1100;17;;;
241217;1200;14;;;
241217;1300;10;;;
241217;1400;11;;;
241217;1500;11;;;
241217;1600;13;;;
241217;1700;9;;;
241217;1800;9;;;
241217;1900;11;;;
241217;2000;10;;;
241217;2100;11;;;
241217;2200;11;;;
241217;2300;10;;;
241218;0000;15;;;
241218;0100;12;;;
241218;0200;14;;;
241218;0300;10;;;
241218;0400;10;;;
241218;0500;16;;;
241218;0600;25;;;
241218;0700;23;;;
241218;0800;17;;;
241218;0900;16;;;
241218;1000;17;;;
241218;1100;11;;;
241218;1200;14;;;
241218;1300;12;;;
241218;1400;9;;;
241218;1500;8;;;
241218;1600;10;;;
241218;1700;14;;;
241218;1800;11;;;
241218;1900;10;;;
241218;2000;10;;;
241218;2100;10;;;
241218;2200;13;;;
241218;2300;16;;;
241219;0000;13;;;
241219;0100;13;;;
241219;0200;16;;;
241219;0300;17;;;
241219;0400;25;;;
241219;0500;31;;;
241219;0600;40;;;
241219;0700;14;;;
241219;0800;16;;;
241219;0900;21;;;
241219;1000;25;;;
241219;1100;10;;;
241219;1200;8;;;
241219;1300;12;;;
241219;1400;11;;;
241219;1500;14;;;
241219;1600;9;;;
241219;1700;9;;;
241219;1800;13;;;
241219;1900;23;;;
241219;2000;20;;;
241219;2100;30;;;
241219;2200;33;;;
241219;2300;29;;;
241220;0000;9;;;
241220;0100;13;;;
241220;0200;15;;;
241220;0300;22;;;
241220;0400;22;;;
241220;0500;18;;;
241220;0600;21;;;
241220;0700;16;;;
241220;0800;14;;;
241220;0900;20;;;
241220;1000;15;;;
241220;1100;15;;;
241220;1200;13;;;
241220;1300;22;;;
241220;1400;14;;;
241220;1500;14;;;
241220;1600;12;;;
241220;1700;44;;;
241220;1800;105;;;
241220;1900;52;;;
241220;2000;14;;;
241220;2100;11;;;
241220;2200;30;;;
241220;2300;17;;;
241221;0000;18;;;
241221;0100;14;;;
241221;0200;16;;;
241221;0300;11;;;
241221;0400;9;;;
241221;0500;12;;;
241221;0600;19;;;
241221;0700;11;;;
241221;0800;14;;;
241221;0900;19;;;
241221;1000;19;;;
241221;1100;16;;;
241221;1200;8;;;
241221;1300;8;;;
241221;1400;10;;;
241221;1500;10;;;
241221;1600;16;;;
241221;1700;26;;;
241221;1800;31;;;
241221;1900;23;;;
241221;2000;23;;;
241221;2100;28;;;
241221;2200;29;;;
241221;2300;33;;;
241222;0000;35;;;
241222;0100;28;;;
241222;0200;28;;;
241222;0300;25;;;
241222;0400;30;;;
241222;0500;29;;;
241222;0600;27;;;
241222;0700;21;;;
241222;0800;23;;;
241222;0900;29;;;
241222;1000;25;;;
241222;1100;17;;;
241222;1200;14;;;
241222;1300;10;;;
241222;1400;20;;;
241222;1500;13;;;
241222;1600;34;;;
241222;1700;31;;;
241222;1800;20;;;
241222;1900;14;;;
241222;2000;10;;;
241222;2100;11;;;
241222;2200;10;;;
241222;2300;6;;;
241223;0000;14;;;
241223;0100;14;;;
241223;0200;17;;;
241223;0300;17;;;
241223;0400;19;;;
241223;0500;22;;;
241223;0600;26;;;
241223;0700;25;;;
241223;0800;21;;;
241223;0900;20;;;
241223;1000;20;;;
241223;1100;16;;;
241223;1200;14;;;
241223;1300;17;;;
241223;1400;20;;;
241223;1500;22;;;
241223;1600;19;;;
241223;1700;13;;;
241223;1800;14;;;
241223;1900;14;;;
241223;2000;15;;;
241223;2100;12;;;
241223;2200;16;;;
241223;2300;10;;;
241224;0000;11;;;
241224;0100;10;;;
241224;0200;14;;;
241224;0300;14;;;
241224;0400;15;;;
241224;0500;30;;;
241224;0600;30;;;
241224;0700;18;;;
241224;0800;14;;;
241224;0900;7;;;
241224;1000;12;;;
241224;1100;9;;;
241224;1200;17;;;
241224;1300;11;;;
241224;1400;9;;;
241224;1500;10;;;
241224;1600;13;;;
241224;1700;8;;;
241224;1800;7;;;
241224;1900;9;;;
241224;2000;10;;;
241224;2100;9;;;
241224;2200;9;;;
241224;2300;7;;;
241225;0000;13;;;
241225;0100;12;;;
241225;0200;13;;;
241225;0300;11;;;
241225;0400;11;;;
241225;0500;13;;;
241225;0600;10;;;
241225;0700;14;;;
241225;0800;13;;;
241225;0900;9;;;
241225;1000;11;;;
241225;1100;17;;;
241225;1200;18;;;
241225;1300;14;;;
241225;1400;13;;;
241225;1500;13;;;
241225;1600;10;;;
241225;1700;13;;;
241225;1800;13;;;
241225;1900;12;;;
241225;2000;10;;;
241225;2100;10;;;
241225;2200;12;;;
241225;2300;8;;;
241226;0000;9;;;
241226;0100;8;;;
241226;0200;10;;;
241226;0300;8;;;
241226;0400;12;;;
241226;0500;17;;;
241226;0600;16;;;
241226;0700;13;;;
241226;0800;22;;;
241226;0900;16;;;
241226;1000;8;;;
241226;1100;14;;;
241226;1200;15;;;
241226;1300;16;;;
241226;1400;12;;;
241226;1500;17;;;
241226;1600;14;;;
241226;1700;12;;;
241226;1800;14;;;
241226;1900;11;;;
241226;2000;15;;;
241226;2100;9;;;
241226;2200;9;;;
241226;2300;7;;;
241227;0000;7;;;
241227;0100;9;;;
241227;0200;11;;;
241227;0300;8;;;
241227;0400;10;;;
241227;0500;11;;;
241227;0600;15;;;
241227;0700;16;;;
241227;0800;11;;;
241227;0900;12;;;
241227;1000;16;;;
241227;1100;9;;;
241227;1200;13;;;
241227;1300;18;;;
241227;1400;8;;;
241227;1500;11;;;
241227;1600;9;;;
241227;1700;7;;;
241227;1800;10;;;
241227;1900;9;;;
241227;2000;12;;;
241227;2100;10;;;
241227;2200;10;;;
241227;2300;7;;;
241228;0000;3;;;
241228;0100;1;;;
241228;0200;5;;;
241228;0300;10;;;
241228;0400;7;;;
241228;0500;9;;;
241228;0600;16;;;
241228;0700;11;;;
241228;0800;7;;;
241228;0900;6;;;
241228;1000;9;;;
241228;1100;12;;;
241228;1200;12;;;
241228;1300;12;;;
241228;1400;9;;;
241228;1500;8;;;
241228;1600;8;;;
241228;1700;7;;;
241228;1800;7;;;
241228;1900;10;;;
241228;2000;7;;;
241228;2100;7;;;
241228;2200;7;;;
241228;2300;12;;;
241229;0000;8;;;
241229;0100;5;;;
241229;0200;5;;;
241229;0300;4;;;
241229;0400;4;;;
241229;0500;7;;;
241229;0600;11;;;
241229;0700;10;;;
241229;0800;13;;;
241229;0900;17;;;
241229;1000;18;;;
241229;1100;15;;;
241229;1200;10;;;
241229;1300;17;;;
241229;1400;14;;;
241229;1500;14;;;
241229;1600;12;;;
241229;1700;12;;;
241229;1800;11;;;
241229;1900;12;;;
241229;2000;11;;;
241229;2100;12;;;
241229;2200;12;;;
241229;2300;12;;;
241230;0000;9;;;
241230;0100;15;;;
241230;0200;13;;;
241230;0300;11;;;
241230;0400;12;;;
241230;0500;11;;;
241230;0600;17;;;
241230;0700;19;;;
241230;0800;20;;;
241230;0900;21;;;
241230;1000;16;;;
241230;1100;18;;;
241230;1200;18;;;
241230;1300;18;;;
241230;1400;13;;;
241230;1500;13;;;
241230;1600;13;;;
241230;1700;10;;;
241230;1800;17;;;
241230;1900;8;;;
241230;2000;9;;;
241230;2100;10;;;
241230;2200;10;;;
241230;2300;9;;;
241231;0000;15;;;
241231;0100;9;;;
241231;0200;9;;;
241231;0300;11;;;
241231;0400;26;;;
241231;0500;17;;;
241231;0600;18;;;
241231;0700;18;;;
241231;0800;9;;;
241231;0900;14;;;
241231;1000;9;;;
241231;1100;6;;;
241231;1200;5;;;
241231;1300;2;;;
241231;1400;6;;;
241231;1500;11;;;
241231;1600;9;;;
241231;1700;5;;;
241231;1800;7;;;
241231;1900;10;;;
241231;2000;8;;;
241231;2100;8;;;
241231;2200;6;;;
241231;2300;7;;;
250101;0000;7;;;
250101;0100;15;;;
250101;0200;12;;;
250101;0300;12;;;
250101;0400;19;;;
250101;0500;15;;;
250101;0600;8;;;
250101;0700;18;;;
250101;0800;13;;;
250101;0900;12;;;
250101;1000;13;;;
250101;1100;10;;;
250101;1200;11;;;
250101;1300;8;;;
250101;1400;11;;;
250101;1500;12;;;
250101;1600;11;;;
250101;1700;11;;;
250101;1800;11;;;
250101;1900;11;;;
250101;2000;12;;;
250101;2100;10;;;
250101;2200;9;;;
250101;2300;5;;;
250102;0000;6;;;
250102;0100;7;;;
250102;0200;7;;;
250102;0300;7;;;
250102;0400;9;;;
250102;0500;8;;;
250102;0600;15;;;
250102;0700;9;;;
250102;0800;14;;;
250102;0900;10;;;
250102;1000;12;;;
250102;1100;19;;;
250102;1200;15;;;
250102;1300;11;;;
250102;1400;10;;;
250102;1500;9;;;
250102;1600;12;;;
250102;1700;9;;;
250102;1800;10;;;
250102;1900;7;;;
250102;2000;7;;;
250102;2100;7;;;
250102;2200;7;;;
250102;2300;8;;;
250103;0000;10;;;
250103;0100;9;;;
250103;0200;17;;;
250103;0300;13;;;
250103;0400;12;;;
250103;0500;20;;;
250103;0600;23;;;
250103;0700;23;;;
250103;0800;20;;;
250103;0900;18;;;
250103;1000;23;;;
250103;1100;16;;;
250103;1200;14;;;
250103;1300;14;;;
250103;1400;22;;;
250103;1500;23;;;
250103;1600;22;;;
250103;1700;15;;;
250103;1800;12;;;
250103;1900;13;;;
250103;2000;10;;;
250103;2100;10;;;
250103;2200;9;;;
250103;2300;16;;;
250104;0000;15;;;
250104;0100;11;;;
250104;0200;13;;;
250104;0300;9;;;
250104;0400;7;;;
250104;0500;14;;;
250104;0600;16;;;
250104;0700;15;;;
250104;0800;13;;;
250104;0900;11;;;
250104;1000;12;;;
250104;1100;10;;;
250104;1200;18;;;
250104;1300;17;;;
250104;1400;13;;;
250104;1500;14;;;
250104;1600;8;;;
250104;1700;14;;;
250104;1800;10;;;
250104;1900;18;;;
250104;2000;9;;;
250104;2100;15;;;
250104;2200;12;;;
250104;2300;11;;;
250105;0000;11;;;
250105;0100;9;;;
250105;0200;12;;;
250105;0300;11;;;
250105;0400;9;;;
250105;0500;14;;;
250105;0600;22;;;
250105;0700;22;;;
250105;0800;15;;;
250105;0900;15;;;
250105;1000;17;;;
250105;1100;14;;;
250105;1200;12;;;
250105;1300;12;;;
250105;1400;18;;;
250105;1500;14;;;
250105;1600;9;;;
250105;1700;14;;;
250105;1800;11;;;
250105;1900;11;;;
250105;2000;13;;;
250105;2100;13;;;
250105;2200;8;;;
250105;2300;9;;;
250106;0000;9;;;
250106;0100;10;;;
250106;0200;11;;;
250106;0300;13;;;
250106;0400;17;;;
250106;0500;13;;;
250106;0600;16;;;
250106;0700;21;;;
250106;0800;12;;;
250106;0900;12;;;
250106;1000;9;;;
250106;1100;17;;;
250106;1200;11;;;
250106;1300;14;;;
250106;1400;12;;;
250106;1500;11;;;
250106;1600;11;;;
250106;1700;14;;;
250106;1800;8;;;
250106;1900;7;;;
250106;2000;13;;;
250106;2100;9;;;
250106;2200;5;;;
250106;2300;8;;;
250107;0000;9;;;
250107;0100;9;;;
250107;0200;13;;;
250107;0300;11;;;
250107;0400;8;;;
250107;0500;15;;;
250107;0600;8;;;
250107;0700;10;;;
250107;0800;11;;;
250107;0900;12;;;
250107;1000;13;;;
250107;1100;12;;;
250107;1200;15;;;
250107;1300;11;;;
250107;1400;11;;;
250107;1500;10;;;
250107;1600;12;;;
250107;1700;10;;;
250107;1800;13;;;
250107;1900;11;;;
250107;2000;8;;;
250107;2100;4;;;
250107;2200;10;;;
250107;2300;8;;;
250108;0000;7;;;
250108;0100;8;;;
250108;0200;10;;;
250108;0300;8;;;
250108;0400;7;;;
250108;0500;9;;;
250108;0600;13;;;
250108;0700;15;;;
250108;0800;15;;;
250108;0900;15;;;
250108;1000;14;;;
250108;1100;19;;;
250108;1200;15;;;
250108;1300;12;;;
250108;1400;11;;;
250108;1500;11;;;
250108;1600;12;;;
250108;1700;13;;;
250108;1800;9;;;
250108;1900;10;;;
250108;2000;11;;;
250108;2100;7;;;
250108;2200;6;;;
250108;2300;7;;;
250109;0000;9;;;
250109;0100;9;;;
250109;0200;13;;;
250109;0300;8;;;
250109;0400;12;;;
250109;0500;13;;;
250109;0600;;;25;
250109;0700;;;29;
250109;0800;11;;;
250109;0900;13;;;
250109;1000;20;;;
250109;1100;10;;;
250109;1200;12;;;
250109;1300;13;;;
250109;1400;10;;;
250109;1500;11;;;
250109;1600;8;;;
250109;1700;8;;;
250109;1800;9;;;
250109;1900;15;;;
250109;2000;12;;;
250109;2100;10;;;
250109;2200;7;;;
250109;2300;7;;;
250110;0000;12;;;
250110;0100;18;;;
250110;0200;13;;;
250110;0300;17;;;
250110;0400;18;;;
250110;0500;16;;;
250110;0600;27;;;
250110;0700;25;;;
250110;0800;11;;;
250110;0900;14;;;
250110;1000;16;;;
250110;1100;11;;;
250110;1200;11;;;
250110;1300;14;;;
250110;1400;9;;;
250110;1500;11;;;
250110;1600;14;;;
250110;1700;12;;;
250110;1800;12;;;
250110;1900;10;;;
250110;2000;9;;;
250110;2100;11;;;
250110;2200;6;;;
250110;2300;16;;;
250111;0000;22;;;
250111;0100;15;;;
250111;0200;16;;;
250111;0300;15;;;
250111;0400;15;;;
250111;0500;17;;;
250111;0600;17;;;
250111;0700;14;;;
250111;0800;16;;;
250111;0900;16;;;
250111;1000;16;;;
250111;1100;16;;;
250111;1200;7;;;
250111;1300;8;;;
250111;1400;5;;;
250111;1500;7;;;
250111;1600;9;;;
250111;1700;12;;;
250111;1800;13;;;
250111;1900;10;;;
250111;2000;11;;;
250111;2100;9;;;
250111;2200;8;;;
250111;2300;9;;;
250112;0000;9;;;
250112;0100;9;;;
250112;0200;10;;;
250112;0300;16;;;
250112;0400;10;;;
250112;0500;15;;;
250112;0600;18;;;
250112;0700;9;;;
250112;0800;9;;;
250112;0900;10;;;
250112;1000;7;;;
250112;1100;5;;;
250112;1200;12;;;
250112;1300;15;;;
250112;1400;14;;;
250112;1500;9;;;
250112;1600;4;;;
250112;1700;4;;;
250112;1800;8;;;
250112;1900;10;;;
250112;2000;9;;;
250112;2100;7;;;
250112;2200;7;;;
250112;2300;6;;;
250113;0000;6;;;
250113;0100;4;;;
250113;0200;9;;;
250113;0300;7;;;
250113;0400;12;;;
250113;0500;12;;;
250113;0600;10;;;
250113;0700;15;;;
250113;0800;20;;;
250113;0900;16;;;
250113;1000;9;;;
250113;1100;16;;;
250113;1200;14;;;
250113;1300;13;;;
250113;1400;11;;;
250113;1500;9;;;
250113;1600;7;;;
250113;1700;11;;;
250113;1800;8;;;
250113;1900;7;;;
250113;2000;8;;;
250113;2100;13;;;
250113;2200;12;;;
250113;2300;9;;;
250114;0000;6;;;
250114;0100;10;;;
250114;0200;13;;;
250114;0300;14;;;
250114;0400;13;;;
250114;0500;12;;;
250114;0600;;;;
250114;0700;17;;;
250114;0800;16;;;
250114;0900;20;;;
250114;1000;7;;;
250114;1100;18;;;
250114;1200;12;;;
250114;1300;12;;;
250114;1400;10;;;
250114;1500;8;;;
250114;1600;8;;;
250114;1700;12;;;
250114;1800;8;;;
250114;1900;4;;;
250114;2000;13;;;
250114;2100;9;;;
250114;2200;6;;;
250114;2300;5;;;
250115;0000;7;;;
250115;0100;8;;;
250115;0200;13;;;
250115;0300;13;;;
250115;0400;13;;;
250115;0500;16;;;
250115;0600;22;;;
250115;0700;18;;;
250115;0800;14;;;
250115;0900;9;;;
250115;1000;7;;;
250115;1100;20;;;
250115;1200;10;;;
250115;1300;12;;;
250115;1400;11;;;
250115;1500;8;;;
250115;1600;10;;;
250115;1700;8;;;
250115;1800;6;;;
250115;1900;8;;;
250115;2000;6;;;
250115;2100;5;;;
250115;2200;3;;;
250115;2300;10;;;
250116;0000;7;;;
250116;0100;6;;;
250116;0200;7;;;
250116;0300;4;;;
250116;0400;5;;;
250116;0500;7;;;
250116;0600;23;;;
250116;0700;10;;;
250116;0800;10;;;
250116;0900;20;;;
250116;1000;16;;;
250116;1100;9;;;
250116;1200;11;;;
250116;1300;8;;;
250116;1400;6;;;
250116;1500;3;;;
250116;1600;4;;;
250116;1700;3;;;
250116;1800;3;;;
250116;1900;3;;;
250116;2000;3;;;
250116;2100;9;;;
250116;2200;6;;;
250116;2300;8;;;
250117;0000;10;;;
250117;0100;11;;;
250117;0200;8;;;
250117;0300;9;;;
250117;0400;10;;;
250117;0500;10;;;
250117;0600;12;;;
250117;0700;22;;;
250117;0800;13;;;
250117;0900;12;;;
250117;1000;8;;;
250117;1100;9;;;
250117;1200;7;;;
250117;1300;6;;;
250117;1400;6;;;
250117;1500;4;;;
250117;1600;9;;;
250117;1700;8;;;
250117;1800;8;;;
250117;1900;11;;;
250117;2000;8;;;
250117;2100;7;;;
250117;2200;9;;;
250117;2300;7;;;
250118;0000;6;;;
250118;0100;7;;;
250118;0200;12;;;
250118;0300;16;;;
250118;0400;12;;;
250118;0500;10;;;
250118;0600;11;;;
250118;0700;16;;;
250118;0800;8;;;
250118;0900;9;;;
250118;1000;10;;;
250118;1100;8;;;
250118;1200;10;;;
250118;1300;8;;;
250118;1400;4;;;
250118;1500;4;;;
250118;1600;7;;;
250118;1700;10;;;
250118;1800;13;;;
250118;1900;7;;;
250118;2000;12;;;
250118;2100;9;;;
250118;2200;9;;;
250118;2300;6;;;
250119;0000;4;;;
250119;0100;6;;;
250119;0200;8;;;
250119;0300;8;;;
250119;0400;10;;;
250119;0500;15;;;
250119;0600;15;;;
250119;0700;11;;;
250119;0800;11;;;
250119;0900;8;;;
250119;1000;8;;;
250119;1100;9;;;
250119;1200;13;;;
250119;1300;10;;;
250119;1400;11;;;
250119;1500;7;;;
250119;1600;5;;;
250119;1700;2;;;
250119;1800;3;;;
250119;1900;6;;;
250119;2000;6;;;
250119;2100;6;;;
250119;2200;8;;;
250119;2300;6;;;
250120;0000;12;;;
250120;0100;11;;;
250120;0200;10;;;
250120;0300;11;;;
250120;0400;8;;;
250120;0500;12;;;
250120;0600;21;;;
250120;0700;13;;;
250120;0800;13;;;
250120;0900;14;;;
250120;1000;14;;;
250120;1100;15;;;
250120;1200;12;;;
250120;1300;14;;;
250120;1400;14;;;
250120;1500;25;;;
250120;1600;13;;;
250120;1700;10;;;
250120;1800;12;;;
250120;1900;13;;;
250120;2000;11;;;
250120;2100;15;;;
250120;2200;15;;;
250120;2300;15;;;
250121;0000;15;;;
250121;0100;19;;;
250121;0200;11;;;
250121;0300;14;;;
250121;0400;9;;;
250121;0500;15;;;
250121;0600;23;;;
250121;0700;20;;;
250121;0800;24;;;
250121;0900;25;;;
250121;1000;26;;;
250121;1100;18;;;
250121;1200;16;;;
250121;1300;14;;;
250121;1400;14;;;
250121;1500;12;;;
250121;1600;17;;;
250121;1700;13;;;
250121;1800;8;;;
250121;1900;8;;;
250121;2000;6;;;
250121;2100;6;;;
250121;2200;8;;;
250121;2300;8;;;
250122;0000;8;;;
250122;0100;8;;;
250122;0200;8;;;
250122;0300;7;;;
250122;0400;10;;;
250122;0500;7;;;
250122;0600;12;;;
250122;0700;17;;;
250122;0800;10;;;
250122;0900;11;;;
250122;1000;8;;;
250122;1100;13;;;
250122;1200;11;;;
250122;1300;9;;;
250122;1400;15;;;
250122;1500;11;;;
250122;1600;11;;;
250122;1700;9;;;
250122;1800;5;;;
250122;1900;8;;;
250122;2000;7;;;
250122;2100;6;;;
250122;2200;3;;;
250122;2300;1;;;
250123;0000;3;;;
250123;0100;4;;;
250123;0200;6;;;
250123;0300;7;;;
250123;0400;9;;;
250123;0500;12;;;
250123;0600;15;;;
250123;0700;7;;;
250123;0800;11;;;
250123;0900;14;;;
250123;1000;11;;;
250123;1100;13;;;
250123;1200;15;;;
250123;1300;10;;;
250123;1400;8;;;
250123;1500;5;;;
250123;1600;7;;;
250123;1700;7;;;
250123;1800;10;;;
250123;1900;10;;;
250123;2000;12;;;
250123;2100;7;;;
250123;2200;5;;;
250123;2300;5;;;
250124;0000;8;;;
250124;0100;7;;;
250124;0200;8;;;
250124;0300;8;;;
250124;0400;7;;;
250124;0500;4;;;
250124;0600;16;;;
250124;0700;13;;;
250124;0800;13;;;
250124;0900;15;;;
250124;1000;17;;;
250124;1100;23;;;
250124;1200;15;;;
250124;1300;10;;;
250124;1400;12;;;
250124;1500;10;;;
250124;1600;10;;;
250124;1700;11;;;
250124;1800;9;;;
250124;1900;9;;;
250124;2000;8;;;
250124;2100;12;;;
250124;2200;10;;;
250124;2300;14;;;
250125;0000;9;;;
250125;0100;6;;;
250125;0200;10;;;
250125;0300;12;;;
250125;0400;11;;;
250125;0500;12;;;
250125;0600;23;;;
250125;0700;17;;;
250125;0800;19;;;
250125;0900;18;;;
250125;1000;8;;;
250125;1100;10;;;
250125;1200;10;;;
250125;1300;9;;;
250125;1400;7;;;
250125;1500;9;;;
250125;1600;16;;;
250125;1700;20;;;
250125;1800;22;;;
250125;1900;21;;;
250125;2000;23;;;
250125;2100;18;;;
250125;2200;22;;;
250125;2300;23;;;
250126;0000;22;;;
250126;0100;22;;;
250126;0200;20;;;
250126;0300;14;;;
250126;0400;12;;;
250126;0500;18;;;
250126;0600;23;;;
250126;0700;26;;;
250126;0800;24;;;
250126;0900;23;;;
250126;1000;20;;;
250126;1100;11;;;
250126;1200;15;;;
250126;1300;16;;;
250126;1400;17;;;
250126;1500;13;;;
250126;1600;18;;;
250126;1700;17;;;
250126;1800;6;;;
250126;1900;13;;;
250126;2000;10;;;
250126;2100;8;;;
250126;2200;10;;;
250126;2300;12;;;
250127;0000;11;;;
250127;0100;9;;;
250127;0200;12;;;
250127;0300;11;;;
250127;0400;15;;;
250127;0500;19;;;
250127;0600;27;;;
250127;0700;22;;;
250127;0800;17;;;
250127;0900;13;;;
250127;1000;10;;;
250127;1100;17;;;
250127;1200;14;;;
250127;1300;14;;;
250127;1400;14;;;
250127;1500;13;;;
250127;1600;12;;;
250127;1700;8;;;
250127;1800;6;;;
250127;1900;10;;;
250127;2000;7;;;
250127;2100;7;;;
250127;2200;12;;;
250127;2300;11;;;
250128;0000;8;;;
250128;0100;16;;;
250128;0200;15;;;
250128;0300;19;;;
250128;0400;10;;;
250128;0500;17;;;
250128;0600;20;;;
250128;0700;18;;;
250128;0800;12;;;
250128;0900;11;;;
250128;1000;21;;;
250128;1100;17;;;
250128;1200;7;;;
250128;1300;8;;;
250128;1400;7;;;
250128;1500;10;;;
250128;1600;11;;;
250128;1700;11;;;
250128;1800;8;;;
250128;1900;10;;;
250128;2000;7;;;
250128;2100;9;;;
250128;2200;8;;;
250128;2300;8;;;
250129;0000;8;;;
250129;0100;8;;;
250129;0200;8;;;
250129;0300;13;;;
250129;0400;17;;;
250129;0500;24;;;
250129;0600;42;;;
250129;0700;33;;;
250129;0800;14;;;
250129;0900;11;;;
250129;1000;16;;;
250129;1100;16;;;
250129;1200;14;;;
250129;1300;14;;;
250129;1400;16;;;
250129;1500;19;;;
250129;1600;20;;;
250129;1700;16;;;
250129;1800;12;;;
250129;1900;12;;;
250129;2000;11;;;
250129;2100;9;;;
250129;2200;12;;;
250129;2300;11;;;
250130;0000;8;;;
250130;0100;13;;;
250130;0200;13;;;
250130;0300;12;;;
250130;0400;17;;;
250130;0500;18;;;
250130;0600;20;;;
250130;0700;24;;;
250130;0800;20;;;
250130;0900;17;;;
250130;1000;16;;;
250130;1100;23;;;
250130;1200;21;;;
250130;1300;18;;;
250130;1400;20;;;
250130;1500;20;;;
250130;1600;17;;;
250130;1700;13;;;
250130;1800;14;;;
250130;1900;16;;;
250130;2000;9;;;
250130;2100;6;;;
250130;2200;8;;;
250130;2300;11;;;
250131;0000;12;;;
250131;0100;13;;;
250131;0200;12;;;
250131;0300;14;;;
250131;0400;12;;;
250131;0500;15;;;
250131;0600;24;;;
250131;0700;20;;;
250131;0800;16;;;
250131;0900;18;;;
250131;1000;19;;;
250131;1100;19;;;
250131;1200;18;;;
250131;1300;16;;;
250131;1400;12;;;
250131;1500;13;;;
250131;1600;13;;;
250131;1700;9;;;
250131;1800;10;;;
250131;1900;12;;;
250131;2000;10;;;
250131;2100;14;;;
250131;2200;17;;;
250131;2300;10;;;
250201;0000;16;;;
250201;0100;7;;;
250201;0200;11;;;
250201;0300;14;;;
250201;0400;12;;;
250201;0500;12;;;
250201;0600;12;;;
250201;0700;21;;;
250201;0800;12;;;
250201;0900;10;;;
250201;1000;10;;;
250201;1100;13;;;
250201;1200;10;;;
250201;1300;10;;;
250201;1400;8;;;
250201;1500;5;;;
250201;1600;7;;;
250201;1700;11;;;
250201;1800;11;;;
250201;1900;9;;;
250201;2000;8;;;
250201;2100;9;;;
250201;2200;8;;;
250201;2300;10;;;
250202;0000;8;;;
250202;0100;12;;;
250202;0200;11;;;
250202;0300;9;;;
250202;0400;9;;;
250202;0500;17;;;
250202;0600;6;;;
250202;0700;17;;;
250202;0800;19;;;
250202;0900;11;;;
250202;1000;12;;;
250202;1100;10;;;
250202;1200;14;;;
250202;1300;13;;;
250202;1400;13;;;
250202;1500;8;;;
250202;1600;8;;;
250202;1700;8;;;
250202;1800;8;;;
250202;1900;6;;;
250202;2000;6;;;
250202;2100;9;;;
250202;2200;8;;;
250202;2300;7;;;
250203;0000;9;;;
250203;0100;9;;;
250203;0200;8;;;
250203;0300;6;;;
250203;0400;6;;;
250203;0500;10;;;
250203;0600;10;;;
250203;0700;12;;;
250203;0800;19;;;
250203;0900;16;;;
250203;1000;13;;;
250203;1100;15;;;
250203;1200;7;;;
250203;1300;11;;;
250203;1400;8;;;
250203;1500;10;;;
250203;1600;7;;;
250203;1700;7;;;
250203;1800;7;;;
250203;1900;6;;;
250203;2000;6;;;
250203;2100;7;;;
250203;2200;12;;;
250203;2300;12;;;
250204;0000;8;;;
250204;0100;7;;;
250204;0200;11;;;
250204;0300;11;;;
250204;0400;12;;;
250204;0500;17;;;
250204;0600;23;;;
250204;0700;9;;;
250204;0800;8;;;
250204;0900;9;;;
250204;1000;14;;;
250204;1100;12;;;
250204;1200;8;;;
250204;1300;7;;;
250204;1400;8;;;
250204;1500;7;;;
250204;1600;8;;;
250204;1700;9;;;
250204;1800;9;;;
250204;1900;10;;;
250204;2000;7;;;
250204;2100;9;;;
250204;2200;7;;;
250204;2300;7;;;
250205;0000;7;;;
250205;0100;12;;;
250205;0200;12;;;
250205;0300;15;;;
250205;0400;15;;;
250205;0500;16;;;
250205;0600;25;;;
250205;0700;22;;;
250205;0800;12;;;
250205;0900;11;;;
250205;1000;20;;;
250205;1100;13;;;
250205;1200;9;;;
250205;1300;9;;;
250205;1400;8;;;
250205;1500;7;;;
250205;1600;5;;;
250205;1700;7;;;
250205;1800;6;;;
250205;1900;5;;;
250205;2000;8;;;
250205;2100;7;;;
250205;2200;9;;;
250205;2300;7;;;
250206;0000;11;;;
250206;0100;10;;;
250206;0200;7;;;
250206;0300;5;;;
250206;0400;6;;;
250206;0500;16;;;
250206;0600;18;;;
250206;0700;18;;;
250206;0800;9;;;
250206;0900;11;;;
250206;1000;15;;;
250206;1100;8;;;
250206;1200;14;;;
250206;1300;9;;;
250206;1400;10;;;
250206;1500;8;;;
250206;1600;9;;;
250206;1700;;;;
250206;1800;;;;
250206;1900;9;;;
250206;2000;7;;;
250206;2100;9;;;
250206;2200;7;;;
250206;2300;6;;;
250207;0000;11;;;
250207;0100;11;;;
250207;0200;10;;;
250207;0300;16;;;
250207;0400;16;;;
250207;0500;22;;;
250207;0600;25;;;
250207;0700;27;;;
250207;0800;31;;;
250207;0900;17;;;
250207;1000;16;;;
250207;1100;15;;;
250207;1200;12;;;
250207;1300;12;;;
250207;1400;13;;;
250207;1500;16;;;
250207;1600;16;;;
250207;1700;15;;;
250207;1800;13;;;
250207;1900;12;;;
250207;2000;14;;;
250207;2100;13;;;
250207;2200;12;;;
250207;2300;10;;;
250208;0000;14;;;
250208;0100;11;;;
250208;0200;16;;;
250208;0300;17;;;
250208;0400;17;;;
250208;0500;18;;;
250208;0600;21;;;
250208;0700;26;;;
250208;0800;21;;;
250208;0900;22;;;
250208;1000;19;;;
250208;1100;24;;;
250208;1200;20;;;
250208;1300;17;;;
250208;1400;12;;;
250208;1500;12;;;
250208;1600;12;;;
250208;1700;12;;;
250208;1800;15;;;
250208;1900;22;;;
250208;2000;18;;;
250208;2100;27;;;
250208;2200;24;;;
250208;2300;28;;;
250209;0000;42;;;
250209;0100;48;;;
250209;0200;43;;;
250209;0300;43;;;
250209;0400;42;;;
250209;0500;35;;;
250209;0600;26;;;
250209;0700;28;;;
250209;0800;23;;;
250209;0900;26;;;
250209;1000;29;;;
250209;1100;18;;;
250209;1200;18;;;
250209;1300;16;;;
250209;1400;14;;;
250209;1500;11;;;
250209;1600;10;;;
250209;1700;16;;;
250209;1800;8;;;
250209;1900;8;;;
250209;2000;14;;;
250209;2100;14;;;
250209;2200;15;;;
250209;2300;13;;;
250210;0000;13;;;
250210;0100;11;;;
250210;0200;14;;;
250210;0300;19;;;
250210;0400;13;;;
250210;0500;13;;;
250210;0600;16;;;
250210;0700;16;;;
250210;0800;17;;;
250210;0900;20;;;
250210;1000;16;;;
250210;1100;21;;;
250210;1200;20;;;
250210;1300;11;;;
250210;1400;15;;;
250210;1500;15;;;
250210;1600;16;;;
250210;1700;11;;;
250210;1800;14;;;
250210;1900;10;;;
250210;2000;14;;;
250210;2100;14;;;
250210;2200;11;;;
250210;2300;18;;;
250211;0000;20;;;
250211;0100;22;;;
250211;0200;20;;;
250211;0300;22;;;
250211;0400;18;;;
250211;0500;20;;;
250211;0600;22;;;
250211;0700;29;;;
250211;0800;27;;;
250211;0900;24;;;
250211;1000;28;;;
250211;1100;26;;;
250211;1200;25;;;
250211;1300;18;;;
250211;1400;11;;;
250211;1500;14;;;
250211;1600;20;;;
250211;1700;18;;;
250211;1800;11;;;
250211;1900;11;;;
250211;2000;12;;;
250211;2100;11;;;
250211;2200;7;;;
250211;2300;11;;;
250212;0000;14;;;
250212;0100;13;;;
250212;0200;20;;;
250212;0300;19;;;
250212;0400;23;;;
250212;0500;21;;;
250212;0600;28;;;
250212;0700;;;;
250212;0800;;;;
250212;0900;;;;
250212;1000;18;;;
250212;1100;20;;;
250212;1200;14;;;
250212;1300;14;;;
250212;1400;16;;;
250212;1500;12;;;
250212;1600;13;;;
250212;1700;18;;;
250212;1800;11;;;
250212;1900;16;;;
250212;2000;22;;;
250212;2100;19;;;
250212;2200;20;;;
250212;2300;25;;;
250213;0000;28;;;
250213;0100;25;;;
250213;0200;25;;;
250213;0300;28;;;
250213;0400;25;;;
250213;0500;32;;;
250213;0600;40;;;
250213;0700;42;;;
250213;0800;28;;;
250213;0900;32;;;
250213;1000;27;;;
250213;1100;27;;;
250213;1200;23;;;
250213;1300;21;;;
250213;1400;16;;;
250213;1500;17;;;
250213;1600;15;;;
250213;1700;12;;;
250213;1800;15;;;
250213;1900;10;;;
250213;2000;14;;;
250213;2100;16;;;
250213;2200;11;;;
250213;2300;14;;;
250214;0000;15;;;
250214;0100;16;;;
250214;0200;18;;;
250214;0300;25;;;
250214;0400;23;;;
250214;0500;23;;;
250214;0600;31;;;
250214;0700;33;;;
250214;0800;21;;;
250214;0900;15;;;
250214;1000;11;;;
250214;1100;16;;;
250214;1200;13;;;
250214;1300;15;;;
250214;1400;13;;;
250214;1500;13;;;
250214;1600;11;;;
250214;1700;12;;;
250214;1800;8;;;
250214;1900;14;;;
250214;2000;10;;;
250214;2100;7;;;
250214;2200;6;;;
250214;2300;5;;;
250215;0000;8;;;
250215;0100;11;;;
250215;0200;11;;;
250215;0300;8;;;
250215;0400;10;;;
250215;0500;15;;;
250215;0600;14;;;
250215;0700;11;;;
250215;0800;21;;;
250215;0900;10;;;
250215;1000;12;;;
250215;1100;16;;;
250215;1200;11;;;
250215;1300;13;;;
250215;1400;10;;;
250215;1500;12;;;
250215;1600;8;;;
250215;1700;7;;;
250215;1800;7;;;
250215;1900;6;;;
250215;2000;11;;;
250215;2100;13;;;
250215;2200;10;;;
250215;2300;7;;;
250216;0000;8;;;
250216;0100;10;;;
250216;0200;9;;;
250216;0300;10;;;
250216;0400;14;;;
250216;0500;9;;;
250216;0600;11;;;
250216;0700;14;;;
250216;0800;15;;;
250216;0900;13;;;
250216;1000;9;;;
250216;1100;9;;;
250216;1200;14;;;
250216;1300;12;;;
250216;1400;8;;;
250216;1500;8;;;
250216;1600;9;;;
250216;1700;7;;;
250216;1800;13;;;
250216;1900;10;;;
250216;2000;13;;;
250216;2100;14;;;
250216;2200;13;;;
250216;2300;13;;;
250217;0000;12;;;
250217;0100;13;;;
250217;0200;14;;;
250217;0300;12;;;
250217;0400;17;;;
250217;0500;19;;;
250217;0600;24;;;
250217;0700;30;;;
250217;0800;22;;;
250217;0900;17;;;
250217;1000;22;;;
250217;1100;16;;;
250217;1200;14;;;
250217;1300;11;;;
250217;1400;13;;;
250217;1500;9;;;
250217;1600;9;;;
250217;1700;15;;;
250217;1800;9;;;
250217;1900;16;;;
250217;2000;8;;;
250217;2100;7;;;
250217;2200;7;;;
250217;2300;10;;;
250218;0000;15;;;
250218;0100;13;;;
250218;0200;16;;;
250218;0300;16;;;
250218;0400;17;;;
250218;0500;21;;;
250218;0600;32;;;
250218;0700;19;;;
250218;0800;21;;;
250218;0900;16;;;
250218;1000;13;;;
250218;1100;19;;;
250218;1200;12;;;
250218;1300;11;;;
250218;1400;12;;;
250218;1500;15;;;
250218;1600;17;;;
250218;1700;18;;;
250218;1800;14;;;
250218;1900;12;;;
250218;2000;10;;;
250218;2100;12;;;
250218;2200;12;;;
250218;2300;11;;;
250219;0000;12;;;
250219;0100;12;;;
250219;0200;17;;;
250219;0300;12;;;
250219;0400;18;;;
250219;0500;21;;;
250219;0600;22;;;
250219;0700;19;;;
250219;0800;16;;;
250219;0900;22;;;
250219;1000;18;;;
250219;1100;18;;;
250219;1200;12;;;
250219;1300;18;;;
250219;1400;14;;;
250219;1500;17;;;
250219;1600;12;;;
250219;1700;10;;;
250219;1800;11;;;
250219;1900;10;;;
250219;2000;13;;;
250219;2100;14;;;
250219;2200;11;;;
250219;2300;9;;;
250220;0000;8;;;
250220;0100;7;;;
250220;0200;6;;;
250220;0300;10;;;
250220;0400;16;;;
250220;0500;10;;;
250220;0600;16;;;
250220;0700;25;;;
250220;0800;25;;;
250220;0900;24;;;
250220;1000;;;;
250220;1100;19;;;
250220;1200;14;;;
250220;1300;11;;;
250220;1400;13;;;
250220;1500;14;;;
250220;1600;12;;;
250220;1700;10;;;
250220;1800;10;;;
250220;1900;8;;;
250220;2000;15;;;
250220;2100;15;;;
250220;2200;17;;;
250220;2300;16;;;
250221;0000;14;;;
250221;0100;11;;;
250221;0200;7;;;
250221;0300;17;;;
250221;0400;18;;;
250221;0500;19;;;
250221;0600;21;;;
250221;0700;26;;;
250221;0800;20;;;
250221;0900;21;;;
250221;1000;26;;;
250221;1100;15;;;
250221;1200;10;;;
250221;1300;11;;;
250221;1400;13;;;
250221;1500;11;;;
250221;1600;7;;;
250221;1700;7;;;
250221;1800;6;;;
250221;1900;8;;;
250221;2000;6;;;
250221;2100;4;;;
250221;2200;3;;;
250221;2300;12;;;
250222;0000;13;;;
250222;0100;10;;;
250222;0200;9;;;
250222;0300;11;;;
250222;0400;11;;;
250222;0500;16;;;
250222;0600;21;;;
250222;0700;31;;;
250222;0800;21;;;
250222;0900;10;;;
250222;1000;10;;;
250222;1100;13;;;
250222;1200;9;;;
250222;1300;10;;;
250222;1400;6;;;
250222;1500;3;;;
250222;1600;1;;;
250222;1700;5;;;
250222;1800;6;;;
250222;1900;3;;;
250222;2000;3;;;
250222;2100;13;;;
250222;2200;8;;;
250222;2300;3;;;
250223;0000;7;;;
250223;0100;6;;;
250223;0200;13;;;
250223;0300;11;;;
250223;0400;14;;;
250223;0500;14;;;
250223;0600;19;;;
250223;0700;15;;;
250223;0800;10;;;
250223;0900;7;;;
250223;1000;7;;;
250223;1100;9;;;
250223;1200;7;;;
250223;1300;8;;;
250223;1400;7;;;
250223;1500;4;;;
250223;1600;3;;;
250223;1700;3;;;
250223;1800;4;;;
250223;1900;6;;;
250223;2000;6;;;
250223;2100;7;;;
250223;2200;6;;;
250223;2300;9;;;
250224;0000;7;;;
250224;0100;6;;;
250224;0200;9;;;
250224;0300;5;;;
250224;0400;8;;;
250224;0500;9;;;
250224;0600;10;;;
250224;0700;18;;;
250224;0800;18;;;
250224;0900;9;;;
250224;1000;8;;;
250224;1100;13;;;
250224;1200;7;;;
250224;1300;5;;;
250224;1400;4;;;
250224;1500;24;;;
250224;1600;11;;;
250224;1700;8;;;
250224;1800;6;;;
250224;1900;6;;;
250224;2000;6;;;
250224;2100;7;;;
250224;2200;7;;;
250224;2300;6;;;
250225;0000;12;;;
250225;0100;10;;;
250225;0200;8;;;
250225;0300;7;;;
250225;0400;14;;;
250225;0500;12;;;
250225;0600;21;;;
250225;0700;23;;;
250225;0800;10;;;
250225;0900;14;;;
250225;1000;13;;;
250225;1100;13;;;
250225;1200;10;;;
250225;1300;10;;;
250225;1400;10;;;
250225;1500;9;;;
250225;1600;6;;;
250225;1700;9;;;
250225;1800;;;;
250225;1900;;;;
250225;2000;;;;
250225;2100;;;;
250225;2200;;;;
250225;2300;;;;
250226;0000;24;;;
250226;0100;8;;;
250226;0200;10;;;
250226;0300;10;;;
250226;0400;21;;;
250226;0500;34;;;
250226;0600;29;;;
250226;0700;30;;;
250226;0800;29;;;
250226;0900;17;;;
250226;1000;22;;;
250226;1100;13;;;
250226;1200;13;;;
250226;1300;11;;;
250226;1400;13;;;
250226;1500;7;;;
250226;1600;8;;;
250226;1700;13;;;
250226;1800;12;;;
250226;1900;13;;;
250226;2000;12;;;
250226;2100;10;;;
250226;2200;8;;;
250226;2300;8;;;
250227;0000;18;;;
250227;0100;11;;;
250227;0200;20;;;
250227;0300;15;;;
250227;0400;24;;;
250227;0500;26;;;
250227;0600;31;;;
250227;0700;39;;;
250227;0800;26;;;
250227;0900;37;;;
250227;1000;17;;;
250227;1100;15;;;
250227;1200;16;;;
250227;1300;10;;;
250227;1400;12;;;
250227;1500;20;;;
250227;1600;16;;;
250227;1700;12;;;
250227;1800;12;;;
250227;1900;7;;;
250227;2000;6;;;
250227;2100;8;;;
250227;2200;8;;;
250227;2300;11;;;
250228;0000;6;;;
250228;0100;10;;;
250228;0200;10;;;
250228;0300;12;;;
250228;0400;13;;;
250228;0500;18;;;
250228;0600;16;;;
250228;0700;18;;;
250228;0800;19;;;
250228;0900;11;;;
250228;1000;12;;;
250228;1100;11;;;
250228;1200;9;;;
250228;1300;9;;;
250228;1400;6;;;
250228;1500;7;;;
250228;1600;7;;;
250228;1700;6;;;
250228;1800;6;;;
250228;1900;5;;;
250228;2000;5;;;
250228;2100;5;;;
250228;2200;3;;;
250228;2300;4;;;
250301;0000;6;;;
250301;0100;4;;;
250301;0200;5;;;
250301;0300;6;;;
250301;0400;6;;;
250301;0500;6;;;
250301;0600;9;;;
250301;0700;15;;;
250301;0800;10;;;
250301;0900;10;;;
250301;1000;8;;;
250301;1100;14;;;
250301;1200;9;;;
250301;1300;10;;;
250301;1400;8;;;
250301;1500;7;;;
250301;1600;6;;;
250301;1700;5;;;
250301;1800;5;;;
250301;1900;4;;;
250301;2000;3;;;
250301;2100;2;;;
250301;2200;2;;;
250301;2300;7;;;
250302;0000;4;;;
250302;0100;1;;;
250302;0200;1;;;
250302;0300;2;;;
250302;0400;7;;;
250302;0500;9;;;
250302;0600;7;;;
250302;0700;7;;;
250302;0800;12;;;
250302;0900;9;;;
250302;1000;6;;;
250302;1100;3;;;
250302;1200;4;;;
250302;1300;6;;;
250302;1400;9;;;
250302;1500;7;;;
250302;1600;11;;;
250302;1700;6;;;
250302;1800;2;;;
250302;1900;7;;;
250302;2000;4;;;
250302;2100;1;;;
250302;2200;3;;;
250302;2300;3;;;
250303;0000;2;;;
250303;0100;3;;;
250303;0200;5;;;
250303;0300;5;;;
250303;0400;4;;;
250303;0500;2;;;
250303;0600;6;;;
250303;0700;8;;;
250303;0800;10;;;
250303;0900;7;;;
250303;1000;8;;;
250303;1100;8;;;
250303;1200;13;;;
250303;1300;10;;;
250303;1400;8;;;
250303;1500;5;;;
250303;1600;3;;;
250303;1700;2;;;
250303;1800;5;;;
250303;1900;8;;;
250303;2000;5;;;
250303;2100;4;;;
250303;2200;6;;;
250303;2300;4;;;
250304;0000;3;;;
250304;0100;3;;;
250304;0200;7;;;
250304;0300;7;;;
250304;0400;5;;;
250304;0500;8;;;
250304;0600;8;;;
250304;0700;22;;;
250304;0800;24;;;
250304;0900;8;;;
250304;1000;11;;;
250304;1100;14;;;
250304;1200;14;;;
250304;1300;9;;;
250304;1400;4;;;
250304;1500;6;;;
250304;1600;5;;;
250304;1700;9;;;
250304;1800;6;;;
250304;1900;7;;;
250304;2000;10;;;
250304;2100;8;;;
250304;2200;5;;;
250304;2300;8;;;
250305;0000;10;;;
250305;0100;7;;;
250305;0200;8;;;
250305;0300;9;;;
250305;0400;13;;;
250305;0500;12;;;
250305;0600;24;;;
250305;0700;18;;;
250305;0800;16;;;
250305;0900;11;;;
250305;1000;9;;;
250305;1100;11;;;
250305;1200;15;;;
250305;1300;9;;;
250305;1400;9;;;
250305;1500;14;;;
250305;1600;10;;;
250305;1700;10;;;
250305;1800;9;;;
250305;1900;10;;;
250305;2000;7;;;
250305;2100;8;;;
250305;2200;7;;;
250305;2300;5;;;
250306;0000;5;;;
250306;0100;5;;;
250306;0200;5;;;
250306;0300;6;;;
250306;0400;7;;;
250306;0500;20;;;
250306;0600;21;;;
250306;0700;21;;;
250306;0800;9;;;
250306;0900;12;;;
250306;1000;10;;;
250306;1100;8;;;
250306;1200;6;;;
250306;1300;7;;;
250306;1400;8;;;
250306;1500;8;;;
250306;1600;4;;;
250306;1700;9;;;
250306;1800;10;;;
250306;1900;8;;;
250306;2000;8;;;
250306;2100;8;;;
250306;2200;6;;;
250306;2300;7;;;
250307;0000;9;;;
250307;0100;7;;;
250307;0200;7;;;
250307;0300;8;;;
250307;0400;6;;;
250307;0500;10;;;
250307;0600;15;;;
250307;0700;16;;;
250307;0800;11;;;
250307;0900;9;;;
250307;1000;7;;;
250307;1100;8;;;
250307;1200;9;;;
250307;1300;8;;;
250307;1400;6;;;
250307;1500;5;;;
250307;1600;3;;;
250307;1700;2;;;
250307;1800;3;;;
250307;1900;3;;;
250307;2000;3;;;
250307;2100;6;;;
250307;2200;4;;;
250307;2300;3;;;
250308;0000;7;;;
250308;0100;5;;;
250308;0200;4;;;
250308;0300;5;;;
250308;0400;7;;;
250308;0500;7;;;
250308;0600;8;;;
250308;0700;8;;;
250308;0800;5;;;
250308;0900;11;;;
250308;1000;10;;;
250308;1100;16;;;
250308;1200;17;;;
250308;1300;15;;;
250308;1400;11;;;
250308;1500;7;;;
250308;1600;5;;;
250308;1700;5;;;
250308;1800;5;;;
250308;1900;6;;;
250308;2000;7;;;
250308;2100;17;;;
250308;2200;8;;;
250308;2300;10;;;
250309;0000;8;;;
250309;0100;8;;;
250309;0200;9;;;
250309;0300;8;;;
250309;0400;9;;;
250309;0500;9;;;
250309;0600;21;;;
250309;0700;16;;;
250309;0800;18;;;
250309;0900;11;;;
250309;1000;10;;;
250309;1100;12;;;
250309;1200;9;;;
250309;1300;5;;;
250309;1400;5;;;
250309;1500;6;;;
250309;1600;4;;;
250309;1700;8;;;
250309;1800;10;;;
250309;1900;12;;;
250309;2000;9;;;
250309;2100;8;;;
250309;2200;10;;;
250309;2300;9;;;
250310;0000;11;;;
250310;0100;8;;;
250310;0200;11;;;
250310;0300;12;;;
250310;0400;9;;;
250310;0500;16;;;
250310;0600;27;;;
250310;0700;35;;;
250310;0800;20;;;
250310;0900;21;;;
250310;1000;15;;;
250310;1100;15;;;
250310;1200;13;;;
250310;1300;8;;;
250310;1400;8;;;
250310;1500;5;;;
250310;1600;6;;;
250310;1700;13;;;
250310;1800;13;;;
250310;1900;15;;;
250310;2000;17;;;
250310;2100;17;;;
250310;2200;14;;;
250310;2300;13;;;
250311;0000;14;;;
250311;0100;11;;;
250311;0200;12;;;
250311;0300;8;;;
250311;0400;13;;;
250311;0500;16;;;
250311;0600;18;;;
250311;0700;19;;;
250311;0800;19;;;
250311;0900;16;;;
250311;1000;14;;;
250311;1100;12;;;
250311;1200;15;;;
250311;1300;13;;;
250311;1400;10;;;
250311;1500;6;;;
250311;1600;4;;;
250311;1700;9;;;
250311;1800;11;;;
250311;1900;12;;;
250311;2000;12;;;
250311;2100;8;;;
250311;2200;8;;;
250311;2300;9;;;
250312;0000;11;;;
250312;0100;18;;;
250312;0200;15;;;
250312;0300;23;;;
250312;0400;21;;;
250312;0500;21;;;
250312;0600;28;;;
250312;0700;34;;;
250312;0800;24;;;
250312;0900;23;;;
250312;1000;16;;;
250312;1100;15;;;
250312;1200;15;;;
250312;1300;16;;;
250312;1400;12;;;
250312;1500;14;;;
250312;1600;16;;;
250312;1700;17;;;
250312;1800;13;;;
250312;1900;13;;;
250312;2000;12;;;
250312;2100;10;;;
250312;2200;10;;;
250312;2300;6;;;
250313;0000;18;;;
250313;0100;23;;;
250313;0200;23;;;
250313;0300;13;;;
250313;0400;18;;;
250313;0500;15;;;
250313;0600;27;;;
250313;0700;32;;;
250313;0800;23;;;
250313;0900;19;;;
250313;1000;14;;;
250313;1100;13;;;
250313;1200;19;;;
250313;1300;16;;;
250313;1400;16;;;
250313;1500;14;;;
250313;1600;14;;;
250313;1700;10;;;
250313;1800;12;;;
250313;1900;16;;;
250313;2000;14;;;
250313;2100;16;;;
250313;2200;14;;;
250313;2300;14;;;
250314;0000;10;;;
250314;0100;14;;;
250314;0200;13;;;
250314;0300;12;;;
250314;0400;13;;;
250314;0500;14;;;
250314;0600;9;;;
250314;0700;17;;;
250314;0800;18;;;
250314;0900;23;;;
250314;1000;25;;;
250314;1100;18;;;
250314;1200;18;;;
250314;1300;15;;;
250314;1400;13;;;
250314;1500;14;;;
250314;1600;11;;;
250314;1700;10;;;
250314;1800;9;;;
250314;1900;7;;;
250314;2000;10;;;
250314;2100;11;;;
250314;2200;12;;;
250314;2300;7;;;
250315;0000;9;;;
250315;0100;11;;;
250315;0200;8;;;
250315;0300;12;;;
250315;0400;8;;;
250315;0500;12;;;
250315;0600;20;;;
250315;0700;17;;;
250315;0800;21;;;
250315;0900;24;;;
250315;1000;26;;;
250315;1100;29;;;
250315;1200;21;;;
250315;1300;14;;;
250315;1400;12;;;
250315;1500;12;;;
250315;1600;10;;;
250315;1700;9;;;
250315;1800;12;;;
250315;1900;10;;;
250315;2000;11;;;
250315;2100;12;;;
250315;2200;9;;;
250315;2300;8;;;
250316;0000;9;;;
250316;0100;6;;;
250316;0200;9;;;
250316;0300;7;;;
250316;0400;4;;;
250316;0500;5;;;
250316;0600;7;;;
250316;0700;10;;;
250316;0800;16;;;
250316;0900;18;;;
250316;1000;19;;;
250316;1100;22;;;
250316;1200;18;;;
250316;1300;15;;;
250316;1400;5;;;
250316;1500;7;;;
250316;1600;6;;;
250316;1700;4;;;
250316;1800;7;;;
250316;1900;6;;;
250316;2000;6;;;
250316;2100;11;;;
250316;2200;8;;;
250316;2300;11;;;
250317;0000;13;;;
250317;0100;12;;;
250317;0200;9;;;
250317;0300;9;;;
250317;0400;16;;;
250317;0500;22;;;
250317;0600;29;;;
250317;0700;42;;;
250317;0800;24;;;
250317;0900;23;;;
250317;1000;18;;;
250317;1100;20;;;
250317;1200;18;;;
250317;1300;25;;;
250317;1400;7;;;
250317;1500;10;;;
250317;1600;12;;;
250317;1700;10;;;
250317;1800;15;;;
250317;1900;7;;;
250317;2000;11;;;
250317;2100;11;;;
250317;2200;12;;;
250317;2300;15;;;
250318;0000;17;;;
250318;0100;15;;;
250318;0200;15;;;
250318;0300;23;;;
250318;0400;21;;;
250318;0500;24;;;
250318;0600;25;;;
250318;0700;32;;;
250318;0800;23;;;
250318;0900;21;;;
250318;1000;20;;;
250318;1100;14;;;
250318;1200;19;;;
250318;1300;16;;;
250318;1400;11;;;
250318;1500;11;;;
250318;1600;9;;;
250318;1700;8;;;
250318;1800;8;;;
250318;1900;11;;;
250318;2000;9;;;
250318;2100;8;;;
250318;2200;8;;;
250318;2300;11;;;
250319;0000;10;;;
250319;0100;8;;;
250319;0200;14;;;
250319;0300;10;;;
250319;0400;19;;;
250319;0500;26;;;
250319;0600;13;;;
250319;0700;19;;;
250319;0800;31;;;
250319;0900;13;;;
250319;1000;12;;;
250319;1100;15;;;
250319;1200;16;;;
250319;1300;12;;;
250319;1400;14;;;
250319;1500;11;;;
250319;1600;11;;;
250319;1700;14;;;
250319;1800;13;;;
250319;1900;10;;;
250319;2000;10;;;
250319;2100;11;;;
250319;2200;8;;;
250319;2300;6;;;
250320;0000;6;;;
250320;0100;12;;;
250320;0200;8;;;
250320;0300;10;;;
250320;0400;14;;;
250320;0500;15;;;
250320;0600;18;;;
250320;0700;29;;;
250320;0800;25;;;
250320;0900;23;;;
250320;1000;22;;;
250320;1100;23;;;
250320;1200;24;;;
250320;1300;16;;;
250320;1400;13;;;
250320;1500;15;;;
250320;1600;11;;;
250320;1700;12;;;
250320;1800;12;;;
250320;1900;13;;;
250320;2000;10;;;
250320;2100;14;;;
250320;2200;13;;;
250320;2300;13;;;
250321;0000;15;;;
250321;0100;15;;;
250321;0200;17;;;
250321;0300;16;;;
250321;0400;21;;;
250321;0500;28;;;
250321;0600;35;;;
250321;0700;37;;;
250321;0800;35;;;
250321;0900;21;;;
250321;1000;15;;;
250321;1100;22;;;
250321;1200;28;;;
250321;1300;18;;;
250321;1400;10;;;
250321;1500;12;;;
250321;1600;9;;;
250321;1700;15;;;
250321;1800;13;;;
250321;1900;9;;;
250321;2000;10;;;
250321;2100;7;;;
250321;2200;11;;;
250321;2300;11;;;
250322;0000;16;;;
250322;0100;13;;;
250322;0200;14;;;
250322;0300;12;;;
250322;0400;15;;;
250322;0500;14;;;
250322;0600;27;;;
250322;0700;33;;;
250322;0800;28;;;
250322;0900;17;;;
250322;1000;16;;;
250322;1100;12;;;
250322;1200;13;;;
250322;1300;10;;;
250322;1400;9;;;
250322;1500;9;;;
250322;1600;6;;;
250322;1700;9;;;
250322;1800;7;;;
250322;1900;7;;;
250322;2000;11;;;
250322;2100;10;;;
250322;2200;12;;;
250322;2300;15;;;
250323;0000;13;;;
250323;0100;15;;;
250323;0200;15;;;
250323;0300;19;;;
250323;0400;16;;;
250323;0500;24;;;
250323;0600;26;;;
250323;0700;22;;;
250323;0800;19;;;
250323;0900;19;;;
250323;1000;16;;;
250323;1100;21;;;
250323;1200;13;;;
250323;1300;10;;;
250323;1400;9;;;
250323;1500;6;;;
250323;1600;17;;;
250323;1700;17;;;
250323;1800;16;;;
250323;1900;37;;;
250323;2000;22;;;
250323;2100;14;;;
250323;2200;18;;;
250323;2300;16;;;
250324;0000;17;;;
250324;0100;15;;;
250324;0200;23;;;
250324;0300;25;;;
250324;0400;26;;;
250324;0500;31;;;
250324;0600;29;;;
250324;0700;35;;;
250324;0800;33;;;
250324;0900;25;;;
250324;1000;17;;;
250324;1100;22;;;
250324;1200;14;;;
250324;1300;15;;;
250324;1400;9;;;
250324;1500;12;;;
250324;1600;10;;;
250324;1700;12;;;
250324;1800;12;;;
250324;1900;15;;;
250324;2000;16;;;
250324;2100;14;;;
250324;2200;14;;;
250324;2300;9;;;
250325;0000;6;;;
250325;0100;16;;;
250325;0200;15;;;
250325;0300;14;;;
250325;0400;16;;;
250325;0500;13;;;
250325;0600;18;;;
250325;0700;15;;;
250325;0800;13;;;
250325;0900;15;;;
250325;1000;11;;;
250325;1100;10;;;
250325;1200;17;;;
250325;1300;6;;;
250325;1400;9;;;
250325;1500;10;;;
250325;1600;12;;;
250325;1700;14;;;
250325;1800;16;;;
250325;1900;17;;;
250325;2000;18;;;
250325;2100;17;;;
250325;2200;24;;;
250325;2300;19;;;
250326;0000;19;;;
250326;0100;20;;;
250326;0200;20;;;
250326;0300;21;;;
250326;0400;30;;;
250326;0500;34;;;
250326;0600;33;;;
250326;0700;32;;;
250326;0800;31;;;
250326;0900;26;;;
250326;1000;33;;;
250326;1100;35;;;
250326;1200;26;;;
250326;1300;23;;;
250326;1400;13;;;
250326;1500;8;;;
250326;1600;7;;;
250326;1700;11;;;
250326;1800;13;;;
250326;1900;19;;;
250326;2000;18;;;
250326;2100;14;;;
250326;2200;17;;;
250326;2300;13;;;
250327;0000;11;;;
250327;0100;15;;;
250327;0200;17;;;
250327;0300;15;;;
250327;0400;14;;;
250327;0500;19;;;
250327;0600;22;;;
250327;0700;32;;;
250327;0800;29;;;
250327;0900;23;;;
250327;1000;20;;;
250327;1100;21;;;
250327;1200;17;;;
250327;1300;17;;;
250327;1400;17;;;
250327;1500;14;;;
250327;1600;16;;;
250327;1700;12;;;
250327;1800;20;;;
250327;1900;24;;;
250327;2000;20;;;
250327;2100;14;;;
250327;2200;18;;;
250327;2300;15;;;
250328;0000;18;;;
250328;0100;13;;;
250328;0200;18;;;
250328;0300;17;;;
250328;0400;11;;;
250328;0500;11;;;
250328;0600;22;;;
250328;0700;24;;;
250328;0800;25;;;
250328;0900;25;;;
250328;1000;30;;;
250328;1100;29;;;
250328;1200;32;;;
250328;1300;29;;;
250328;1400;23;;;
250328;1500;24;;;
250328;1600;21;;;
250328;1700;18;;;
250328;1800;18;;;
250328;1900;19;;;
250328;2000;20;;;
250328;2100;15;;;
250328;2200;20;;;
250328;2300;30;;;
250329;0000;35;;;
250329;0100;47;;;
250329;0200;46;;;
250329;0300;47;;;
250329;0400;46;;;
250329;0500;46;;;
250329;0600;49;;;
250329;0700;48;;;
250329;0800;40;;;
250329;0900;34;;;
250329;1000;27;;;
250329;1100;26;;;
250329;1200;17;;;
250329;1300;14;;;
250329;1400;15;;;
250329;1500;13;;;
250329;1600;11;;;
250329;1700;11;;;
250329;1800;10;;;
250329;1900;8;;;
250329;2000;7;;;
250329;2100;6;;;
250329;2200;4;;;
250329;2300;8;;;
250330;0000;5;;;
250330;0100;1;;;
250330;0200;3;;;
250330;0300;3;;;
250330;0400;4;;;
250330;0500;6;;;
250330;0600;7;;;
250330;0700;9;;;
250330;0800;4;;;
250330;0900;4;;;
250330;1000;4;;;
250330;1100;2;;;
250330;1200;1;;;
250330;1300;2;;;
250330;1400;6;;;
250330;1500;4;;;
250330;1600;1;;;
250330;1700;5;;;
250330;1800;5;;;
250330;1900;7;;;
250330;2000;10;;;
250330;2100;13;;;
250330;2200;15;;;
250330;2300;19;;;
250331;0000;18;;;
250331;0100;14;;;
250331;0200;10;;;
250331;0300;17;;;
250331;0400;17;;;
250331;0500;19;;;
250331;0600;22;;;
250331;0700;24;;;
250331;0800;21;;;
250331;0900;20;;;
250331;1000;18;;;
250331;1100;20;;;
250331;1200;16;;;
250331;1300;20;;;
250331;1400;23;;;
250331;1500;15;;;
250331;1600;2;;;
250331;1700;1;;;
250331;1800;1;;;
250331;1900;6;;;
250331;2000;13;;;
250331;2100;17;;;
250331;2200;17;;;
250331;2300;15;;;
250401;0000;19;;;
250401;0100;22;;;
250401;0200;30;;;
250401;0300;28;;;
250401;0400;31;;;
250401;0500;34;;;
250401;0600;36;;;
250401;0700;27;;;
250401;0800;24;;;
250401;0900;28;;;
250401;1000;28;;;
250401;1100;55;;;
250401;1200;17;;;
250401;1300;20;;;
250401;1400;21;;;
250401;1500;19;;;
250401;1600;20;;;
250401;1700;17;;;
250401;1800;10;;;
250401;1900;18;;;
250401;2000;15;;;
250401;2100;22;;;
250401;2200;26;;;
250401;2300;38;;;
250402;0000;47;;;
250402;0100;40;;;
250402;0200;33;;;
250402;0300;30;;;
250402;0400;31;;;
250402;0500;30;;;
250402;0600;38;;;
250402;0700;42;;;
250402;0800;42;;;
250402;0900;38;;;
250402;1000;35;;;
250402;1100;38;;;
250402;1200;49;;;
250402;1300;26;;;
250402;1400;14;;;
250402;1500;11;;;
250402;1600;8;;;
250402;1700;16;;;
250402;1800;16;;;
250402;1900;15;;;
250402;2000;30;;;
250402;2100;28;;;
250402;2200;27;;;
250402;2300;26;;;
250403;0000;30;;;
250403;0100;26;;;
250403;0200;27;;;
250403;0300;25;;;
250403;0400;22;;;
250403;0500;21;;;
250403;0600;29;;;
250403;0700;40;;;
250403;0800;27;;;
250403;0900;34;;;
250403;1000;30;;;
250403;1100;30;;;
250403;1200;24;;;
250403;1300;29;;;
250403;1400;14;;;
250403;1500;14;;;
250403;1600;9;;;
250403;1700;7;;;
250403;1800;11;;;
250403;1900;14;;;
250403;2000;23;;;
250403;2100;19;;;
250403;2200;17;;;
250403;2300;26;;;
250404;0000;33;;;
250404;0100;22;;;
250404;0200;27;;;
250404;0300;23;;;
250404;0400;15;;;
250404;0500;25;;;
250404;0600;32;;;
250404;0700;38;;;
250404;0800;45;;;
250404;0900;39;;;
250404;1000;40;;;
250404;1100;27;;;
250404;1200;25;;;
250404;1300;23;;;
250404;1400;17;;;
250404;1500;10;;;
250404;1600;10;;;
250404;1700;15;;;
250404;1800;9;;;
250404;1900;14;;;
250404;2000;13;;;
250404;2100;15;;;
250404;2200;17;;;
250404;2300;21;;;
250405;0000;16;;;
250405;0100;20;;;
250405;0200;30;;;
250405;0300;17;;;
250405;0400;20;;;
250405;0500;25;;;
250405;0600;20;;;
250405;0700;21;;;
250405;0800;19;;;
250405;0900;21;;;
250405;1000;24;;;
250405;1100;15;;;
250405;1200;9;;;
250405;1300;14;;;
250405;1400;13;;;
250405;1500;13;;;
250405;1600;10;;;
250405;1700;13;;;
250405;1800;12;;;
250405;1900;11;;;
250405;2000;15;;;
250405;2100;12;;;
250405;2200;10;;;
250405;2300;9;;;
250406;0000;9;;;
250406;0100;12;;;
250406;0200;15;;;
250406;0300;13;;;
250406;0400;12;;;
250406;0500;10;;;
250406;0600;11;;;
250406;0700;12;;;
250406;0800;12;;;
250406;0900;12;;;
250406;1000;14;;;
250406;1100;21;;;
250406;1200;20;;;
250406;1300;21;;;
250406;1400;25;;;
250406;1500;15;;;
250406;1600;14;;;
250406;1700;10;;;
250406;1800;7;;;
250406;1900;6;;;
250406;2000;6;;;
250406;2100;7;;;
250406;2200;10;;;
250406;2300;15;;;
250407;0000;14;;;
250407;0100;26;;;
250407;0200;21;;;
250407;0300;11;;;
250407;0400;17;;;
250407;0500;13;;;
250407;0600;23;;;
250407;0700;25;;;
250407;0800;30;;;
250407;0900;31;;;
250407;1000;25;;;
250407;1100;21;;;
250407;1200;22;;;
250407;1300;15;;;
250407;1400;18;;;
250407;1500;20;;;
250407;1600;19;;;
250407;1700;13;;;
250407;1800;16;;;
250407;1900;17;;;
250407;2000;30;;;
250407;2100;30;;;
250407;2200;23;;;
250407;2300;25;;;
250408;0000;34;;;
250408;0100;34;;;
250408;0200;33;;;
250408;0300;31;;;
250408;0400;21;;;
250408;0500;22;;;
250408;0600;26;;;
250408;0700;32;;;
250408;0800;34;;;
250408;0900;37;;;
250408;1000;28;;;
250408;1100;22;;;
250408;1200;;;;
250408;1300;;;;
250408;1400;;;;
250408;1500;;;;
250408;1600;;;;
250408;1700;;;;
250408;1800;;;;
250408;1900;;;;
250408;2000;;;;
250408;2100;;;;
250408;2200;;;;
250408;2300;;;;
250409;0000;;;;
250409;0100;;;;
250409;0200;;;;
250409;0300;;;;
250409;0400;;;;
250409;0500;;;;
250409;0600;;;;
250409;0700;;;;
250409;0800;;;;
250409;0900;;;;
250409;1000;;;;
250409;1100;;;;
250409;1200;;;;
250409;1300;;;;
250409;1400;;;;
250409;1500;;;;
250409;1600;;;;
250409;1700;;;;
250409;1800;;;;
250409;1900;;;;
250409;2000;;;;
250409;2100;;;;
250409;2200;;;;
250409;2300;;;;
250410;0000;;;;
250410;0100;;;;
250410;0200;;;;
250410;0300;;;;
250410;0400;;;;
250410;0500;;;;
250410;0600;;;;
250410;0700;;;;
250410;0800;;;;
250410;0900;;;;
250410;1000;;;;
250410;1100;;;;
250410;1200;;;;
250410;1300;;;;
250410;1400;;;;
250410;1500;;;;
250410;1600;;;;
250410;1700;;;;
250410;1800;;;;
250410;1900;;;;
250410;2000;;;;
250410;2100;;;;
250410;2200;;;;
250410;2300;;;;
250411;0000;;;;
250411;0100;;;;
250411;0200;;;;
250411;0300;;;;
250411;0400;;;;
250411;0500;;;;
250411;0600;;;;
250411;0700;;;;
250411;0800;;;;
250411;0900;;;;
250411;1000;;;;
250411;1100;;;;
250411;1200;;;;
250411;1300;;;;
250411;1400;;;;
250411;1500;;;;
250411;1600;16;;;
250411;1700;17;;;
250411;1800;16;;;
250411;1900;14;;;
250411;2000;16;;;
250411;2100;20;;;
250411;2200;28;;;
250411;2300;27;;;
250412;0000;30;;;
250412;0100;24;;;
250412;0200;21;;;
250412;0300;16;;;
250412;0400;34;;;
250412;0500;43;;;
250412;0600;40;;;
250412;0700;40;;;
250412;0800;34;;;
250412;0900;46;;;
250412;1000;27;;;
250412;1100;29;;;
250412;1200;29;;;
250412;1300;29;;;
250412;1400;30;;;
250412;1500;23;;;
250412;1600;10;;;
250412;1700;8;;;
250412;1800;9;;;
250412;1900;15;;;
250412;2000;27;;;
250412;2100;37;;;
250412;2200;29;;;
250412;2300;58;;;
250413;0000;59;;;
250413;0100;76;;;
250413;0200;68;;;
250413;0300;77;;;
250413;0400;52;;;
250413;0500;47;;;
250413;0600;42;;;
250413;0700;38;;;
250413;0800;35;;;
250413;0900;41;;;
250413;1000;28;;;
250413;1100;27;;;
250413;1200;21;;;
250413;1300;12;;;
250413;1400;12;;;
250413;1500;11;;;
250413;1600;8;;;
250413;1700;7;;;
250413;1800;16;;;
250413;1900;9;;;
250413;2000;13;;;
250413;2100;9;;;
250413;2200;14;;;
250413;2300;10;;;
250414;0000;11;;;
250414;0100;14;;;
250414;0200;19;;;
250414;0300;14;;;
250414;0400;12;;;
250414;0500;12;;;
250414;0600;12;;;
250414;0700;18;;;
250414;0800;17;;;
250414;0900;26;;;
250414;1000;17;;;
250414;1100;12;;;
250414;1200;15;;;
250414;1300;17;;;
250414;1400;12;;;
250414;1500;11;;;
250414;1600;11;;;
250414;1700;8;;;
250414;1800;8;;;
250414;1900;6;;;
250414;2000;5;;;
250414;2100;5;;;
250414;2200;3;;;
250414;2300;4;;;
250415;0000;9;;;
250415;0100;9;;;
250415;0200;9;;;
250415;0300;9;;;
250415;0400;15;;;
250415;0500;25;;;
250415;0600;18;;;
250415;0700;16;;;
250415;0800;23;;;
250415;0900;44;;;
250415;1000;33;;;
250415;1100;34;;;
250415;1200;17;;;
250415;1300;15;;;
250415;1400;12;;;
250415;1500;9;;;
250415;1600;9;;;
250415;1700;8;;;
250415;1800;11;;;
250415;1900;14;;;
250415;2000;10;;;
250415;2100;11;;;
250415;2200;9;;;
250415;2300;7;;;
250416;0000;10;;;
250416;0100;16;;;
250416;0200;28;;;
250416;0300;27;;;
250416;0400;17;;;
250416;0500;15;;;
250416;0600;18;;;
250416;0700;32;;;
250416;0800;27;;;
250416;0900;27;;;
250416;1000;27;;;
250416;1100;19;;;
250416;1200;24;;;
250416;1300;21;;;
250416;1400;18;;;
250416;1500;14;;;
250416;1600;11;;;
250416;1700;6;;;
250416;1800;5;;;
250416;1900;8;;;
250416;2000;13;;;
250416;2100;23;;;
250416;2200;20;;;
250416;2300;16;;;
250417;0000;14;;;
250417;0100;19;;;
250417;0200;11;;;
250417;0300;8;;;
250417;0400;18;;;
250417;0500;19;;;
250417;0600;27;;;
250417;0700;34;;;
250417;0800;38;;;
250417;0900;18;;;
250417;1000;19;;;
250417;1100;25;;;
250417;1200;22;;;
250417;1300;21;;;
250417;1400;27;;;
250417;1500;19;;;
250417;1600;18;;;
250417;1700;17;;;
250417;1800;15;;;
250417;1900;13;;;
250417;2000;22;;;
250417;2100;20;;;
250417;2200;31;;;
250417;2300;35;;;
250418;0000;33;;;
250418;0100;29;;;
250418;0200;35;;;
250418;0300;47;;;
250418;0400;48;;;
250418;0500;47;;;
250418;0600;45;;;
250418;0700;44;;;
250418;0800;38;;;
250418;0900;30;;;
250418;1000;31;;;
250418;1100;32;;;
250418;1200;28;;;
250418;1300;25;;;
250418;1400;12;;;
250418;1500;9;;;
250418;1600;11;;;
250418;1700;11;;;
250418;1800;14;;;
250418;1900;16;;;
250418;2000;25;;;
250418;2100;27;;;
250418;2200;44;;;
250418;2300;34;;;
250419;0000;60;;;
250419;0100;48;;;
250419;0200;40;;;
250419;0300;35;;;
250419;0400;36;;;
250419;0500;28;;;
250419;0600;27;;;
250419;0700;29;;;
250419;0800;39;;;
250419;0900;37;;;
250419;1000;27;;;
250419;1100;23;;;
250419;1200;22;;;
250419;1300;22;;;
250419;1400;19;;;
250419;1500;11;;;
250419;1600;11;;;
250419;1700;12;;;
250419;1800;14;;;
250419;1900;11;;;
250419;2000;15;;;
250419;2100;11;;;
250419;2200;18;;;
250419;2300;19;;;
250420;0000;21;;;
250420;0100;20;;;
250420;0200;32;;;
250420;0300;26;;;
250420;0400;25;;;
250420;0500;35;;;
250420;0600;22;;;
250420;0700;38;;;
250420;0800;35;;;
250420;0900;29;;;
250420;1000;27;;;
250420;1100;30;;;
250420;1200;25;;;
250420;1300;24;;;
250420;1400;17;;;
250420;1500;14;;;
250420;1600;14;;;
250420;1700;9;;;
250420;1800;14;;;
250420;1900;12;;;
250420;2000;13;;;
250420;2100;23;;;
250420;2200;30;;;
250420;2300;35;;;
250421;0000;38;;;
250421;0100;42;;;
250421;0200;46;;;
250421;0300;27;;;
250421;0400;27;;;
250421;0500;36;;;
250421;0600;37;;;
250421;0700;42;;;
250421;0800;43;;;
250421;0900;37;;;
250421;1000;26;;;
250421;1100;29;;;
250421;1200;30;;;
250421;1300;19;;;
250421;1400;18;;;
250421;1500;16;;;
250421;1600;17;;;
250421;1700;20;;;
250421;1800;12;;;
250421;1900;16;;;
250421;2000;15;;;
250421;2100;16;;;
250421;2200;17;;;
250421;2300;20;;;
250422;0000;27;;;
250422;0100;35;;;
250422;0200;37;;;
250422;0300;35;;;
250422;0400;34;;;
250422;0500;42;;;
250422;0600;39;;;
250422;0700;43;;;
250422;0800;42;;;
250422;0900;34;;;
250422;1000;33;;;
250422;1100;16;;;
250422;1200;21;;;
250422;1300;11;;;
250422;1400;8;;;
250422;1500;7;;;
250422;1600;13;;;
250422;1700;22;;;
250422;1800;14;;;
250422;1900;13;;;
250422;2000;23;;;
250422;2100;22;;;
250422;2200;22;;;
250422;2300;20;;;
250423;0000;24;;;
250423;0100;25;;;
250423;0200;21;;;
250423;0300;16;;;
250423;0400;24;;;
250423;0500;25;;;
250423;0600;25;;;
250423;0700;31;;;
250423;0800;37;;;
250423;0900;37;;;
250423;1000;19;;;
250423;1100;24;;;
250423;1200;20;;;
250423;1300;11;;;
250423;1400;15;;;
250423;1500;13;;;
250423;1600;13;;;
250423;1700;15;;;
250423;1800;12;;;
250423;1900;11;;;
250423;2000;16;;;
250423;2100;22;;;
250423;2200;24;;;
250423;2300;21;;;
250424;0000;8;;;
250424;0100;5;;;
250424;0200;8;;;
250424;0300;8;;;
250424;0400;8;;;
250424;0500;9;;;
250424;0600;8;;;
250424;0700;8;;;
250424;0800;16;;;
250424;0900;22;;;
250424;1000;21;;;
250424;1100;18;;;
250424;1200;22;;;
250424;1300;12;;;
250424;1400;11;;;
250424;1500;11;;;
250424;1600;6;;;
250424;1700;6;;;
250424;1800;7;;;
250424;1900;7;;;
250424;2000;7;;;
250424;2100;11;;;
250424;2200;16;;;
250424;2300;24;;;
250425;0000;19;;;
250425;0100;17;;;
250425;0200;17;;;
250425;0300;18;;;
250425;0400;17;;;
250425;0500;15;;;
250425;0600;15;;;
250425;0700;15;;;
250425;0800;28;;;
250425;0900;19;;;
250425;1000;18;;;
250425;1100;20;;;
250425;1200;17;;;
250425;1300;4;;;
250425;1400;3;;;
250425;1500;7;;;
250425;1600;5;;;
250425;1700;1;;;
250425;1800;2;;;
250425;1900;8;;;
250425;2000;6;;;
250425;2100;11;;;
250425;2200;11;;;
250425;2300;23;;;
250426;0000;27;;;
250426;0100;35;;;
250426;0200;31;;;
250426;0300;15;;;
250426;0400;15;;;
250426;0500;8;;;
250426;0600;3;;;
250426;0700;8;;;
250426;0800;12;;;
250426;0900;12;;;
250426;1000;17;;;
250426;1100;18;;;
250426;1200;19;;;
250426;1300;19;;;
250426;1400;21;;;
250426;1500;25;;;
250426;1600;21;;;
250426;1700;11;;;
250426;1800;16;;;
250426;1900;15;;;
250426;2000;18;;;
250426;2100;15;;;
250426;2200;19;;;
250426;2300;20;;;
250427;0000;19;;;
250427;0100;15;;;
250427;0200;21;;;
250427;0300;19;;;
250427;0400;24;;;
250427;0500;27;;;
250427;0600;44;;;
250427;0700;50;;;
250427;0800;41;;;
250427;0900;33;;;
250427;1000;19;;;
250427;1100;24;;;
250427;1200;18;;;
250427;1300;16;;;
250427;1400;21;;;
250427;1500;15;;;
250427;1600;8;;;
250427;1700;9;;;
250427;1800;9;;;
250427;1900;9;;;
250427;2000;10;;;
250427;2100;22;;;
250427;2200;52;;;
250427;2300;40;;;
250428;0000;33;;;
250428;0100;30;;;
250428;0200;25;;;
250428;0300;30;;;
250428;0400;27;;;
250428;0500;21;;;
250428;0600;23;;;
250428;0700;22;;;
250428;0800;31;;;
250428;0900;32;;;
250428;1000;24;;;
250428;1100;26;;;
250428;1200;23;;;
250428;1300;16;;;
250428;1400;17;;;
250428;1500;10;;;
250428;1600;12;;;
250428;1700;18;;;
250428;1800;13;;;
250428;1900;15;;;
250428;2000;14;;;
250428;2100;18;;;
250428;2200;18;;;
250428;2300;20;;;
250429;0000;16;;;
250429;0100;18;;;
250429;0200;21;;;
250429;0300;34;;;
250429;0400;28;;;
250429;0500;45;;;
250429;0600;21;;;
250429;0700;27;;;
250429;0800;24;;;
250429;0900;30;;;
250429;1000;29;;;
250429;1100;41;;;
250429;1200;39;;;
250429;1300;31;;;
250429;1400;24;;;
250429;1500;22;;;
250429;1600;22;;;
250429;1700;14;;;
250429;1800;21;;;
250429;1900;15;;;
250429;2000;21;;;
250429;2100;17;;;
250429;2200;26;;;
250429;2300;25;;;
250430;0000;27;;;
250430;0100;23;;;
250430;0200;24;;;
250430;0300;24;;;
250430;0400;21;;;
250430;0500;26;;;
250430;0600;31;;;
250430;0700;30;;;
250430;0800;40;;;
250430;0900;35;;;
250430;1000;40;;;
250430;1100;27;;;
250430;1200;26;;;
250430;1300;30;;;
250430;1400;28;;;
250430;1500;27;;;
250430;1600;;;;
250430;1700;31;;;
250430;1800;40;;;
250430;1900;41;;;
250430;2000;47;;;
250430;2100;35;;;
250430;2200;40;;;
250430;2300;40;;;
250501;0000;38;;;
250501;0100;42;;;
250501;0200;42;;;
250501;0300;43;;;
250501;0400;46;;;
250501;0500;46;;;
250501;0600;49;;;
250501;0700;49;;;
250501;0800;51;;;
250501;0900;44;;;
250501;1000;49;;;
250501;1100;50;;;
250501;1200;46;;;
250501;1300;43;;;
250501;1400;34;;;
250501;1500;38;;;
250501;1600;36;;;
250501;1700;26;;;
250501;1800;27;;;
250501;1900;25;;;
250501;2000;21;;;
250501;2100;20;;;
250501;2200;25;;;
250501;2300;28;;;
250502;0000;35;;;
250502;0100;38;;;
250502;0200;60;;;
250502;0300;56;;;
250502;0400;61;;;
250502;0500;51;;;
250502;0600;58;;;
250502;0700;55;;;
250502;0800;57;;;
250502;0900;52;;;
250502;1000;34;;;
250502;1100;34;;;
250502;1200;38;;;
250502;1300;37;;;
250502;1400;48;;;
250502;1500;28;;;
250502;1600;24;;;
250502;1700;26;;;
250502;1800;28;;;
250502;1900;43;;;
250502;2000;28;;;
250502;2100;36;;;
250502;2200;49;;;
250502;2300;74;;;
250503;0000;79;;;
250503;0100;77;;;
250503;0200;76;;;
250503;0300;69;;;
250503;0400;59;;;
250503;0500;64;;;
250503;0600;56;;;
250503;0700;55;;;
250503;0800;51;;;
250503;0900;37;;;
250503;1000;36;;;
250503;1100;49;;;
250503;1200;52;;;
250503;1300;39;;;
250503;1400;23;;;
250503;1500;24;;;
250503;1600;13;;;
250503;1700;19;;;
250503;1800;15;;;
250503;1900;23;;;
250503;2000;42;;;
250503;2100;27;;;
250503;2200;27;;;
250503;2300;45;;;
250504;0000;53;;;
250504;0100;65;;;
250504;0200;64;;;
250504;0300;53;;;
250504;0400;50;;;
250504;0500;45;;;
250504;0600;36;;;
250504;0700;36;;;
250504;0800;38;;;
250504;0900;40;;;
250504;1000;35;;;
250504;1100;24;;;
250504;1200;26;;;
250504;1300;18;;;
250504;1400;13;;;
250504;1500;13;;;
250504;1600;12;;;
250504;1700;13;;;
250504;1800;16;;;
250504;1900;19;;;
250504;2000;25;;;
250504;2100;28;;;
250504;2200;32;;;
250504;2300;31;;;
250505;0000;37;;;
250505;0100;39;;;
250505;0200;45;;;
250505;0300;44;;;
250505;0400;31;;;
250505;0500;24;;;
250505;0600;26;;;
250505;0700;29;;;
250505;0800;47;;;
250505;0900;40;;;
250505;1000;36;;;
250505;1100;30;;;
250505;1200;31;;;
250505;1300;22;;;
250505;1400;22;;;
250505;1500;21;;;
250505;1600;19;;;
250505;1700;23;;;
250505;1800;53;;;
250505;1900;38;;;
250505;2000;52;;;
250505;2100;51;;;
250505;2200;42;;;
250505;2300;51;;;
250506;0000;42;;;
250506;0100;49;;;
250506;0200;56;;;
250506;0300;31;;;
250506;0400;18;;;
250506;0500;18;;;
250506;0600;23;;;
250506;0700;31;;;
250506;0800;52;;;
250506;0900;41;;;
250506;1000;38;;;
250506;1100;53;;;
250506;1200;47;;;
250506;1300;55;;;
250506;1400;60;;;
250506;1500;59;;;
250506;1600;70;;;
250506;1700;58;;;
250506;1800;42;;;
250506;1900;48;;;
250506;2000;51;;;
250506;2100;47;;;
250506;2200;50;;;
250506;2300;65;;;
250507;0000;59;;;
250507;0100;56;;;
250507;0200;48;;;
250507;0300;47;;;
250507;0400;48;;;
250507;0500;48;;;
250507;0600;41;;;
250507;0700;57;;;
250507;0800;64;;;
250507;0900;71;;;
250507;1000;79;;;
250507;1100;77;;;
250507;1200;67;;;
250507;1300;62;;;
250507;1400;34;;;
250507;1500;30;;;
250507;1600;24;;;
250507;1700;28;;;
250507;1800;18;;;
250507;1900;21;;;
250507;2000;10;;;
250507;2100;20;;;
250507;2200;20;;;
250507;2300;14;;;
250508;0000;15;;;
250508;0100;21;;;
250508;0200;22;;;
250508;0300;24;;;
250508;0400;23;;;
250508;0500;22;;;
250508;0600;22;;;
250508;0700;25;;;
250508;0800;26;;;
250508;0900;10;;;
250508;1000;10;;;
250508;1100;14;;;
250508;1200;11;;;
250508;1300;7;;;
250508;1400;11;;;
250508;1500;10;;;
250508;1600;17;;;
250508;1700;16;;;
250508;1800;20;;;
250508;1900;16;;;
250508;2000;14;;;
250508;2100;19;;;
250508;2200;21;;;
250508;2300;28;;;
250509;0000;30;;;
250509;0100;34;;;
250509;0200;33;;;
250509;0300;31;;;
250509;0400;26;;;
250509;0500;25;;;
250509;0600;28;;;
250509;0700;33;;;
250509;0800;37;;;
250509;0900;36;;;
250509;1000;28;;;
250509;1100;28;;;
250509;1200;18;;;
250509;1300;12;;;
250509;1400;11;;;
250509;1500;15;;;
250509;1600;21;;;
250509;1700;21;;;
250509;1800;24;;;
250509;1900;32;;;
250509;2000;46;;;
250509;2100;55;;;
250509;2200;70;;;
250509;2300;80;;;
250510;0000;70;;;
250510;0100;88;;;
250510;0200;59;;;
250510;0300;42;;;
250510;0400;46;;;
250510;0500;36;;;
250510;0600;31;;;
250510;0700;37;;;
250510;0800;39;;;
250510;0900;31;;;
250510;1000;35;;;
250510;1100;34;;;
250510;1200;24;;;
250510;1300;29;;;
250510;1400;28;;;
250510;1500;22;;;
250510;1600;21;;;
250510;1700;21;;;
250510;1800;42;;;
250510;1900;82;;;
250510;2000;118;;;
250510;2100;134;;;
250510;2200;141;;;
250510;2300;94;;;
250511;0000;68;;;
250511;0100;85;;;
250511;0200;55;;;
250511;0300;48;;;
250511;0400;49;;;
250511;0500;50;;;
250511;0600;46;;;
250511;0700;36;;;
250511;0800;40;;;
250511;0900;48;;;
250511;1000;49;;;
250511;1100;52;;;
250511;1200;36;;;
250511;1300;26;;;
250511;1400;21;;;
250511;1500;21;;;
250511;1600;22;;;
250511;1700;18;;;
250511;1800;21;;;
250511;1900;23;;;
250511;2000;23;;;
250511;2100;21;;;
250511;2200;22;;;
250511;2300;39;;;
250512;0000;53;;;
250512;0100;51;;;
250512;0200;9;;;
250512;0300;13;;;
250512;0400;13;;;
250512;0500;18;;;
250512;0600;22;;;
250512;0700;24;;;
250512;0800;28;;;
250512;0900;30;;;
250512;1000;36;;;
250512;1100;64;;;
250512;1200;47;;;
250512;1300;47;;;
250512;1400;60;;;
250512;1500;56;;;
250512;1600;44;;;
250512;1700;48;;;
250512;1800;51;;;
250512;1900;57;;;
250512;2000;75;;;
250512;2100;84;;;
250512;2200;100;;;
250512;2300;106;;;
250513;0000;101;;;
250513;0100;101;;;
250513;0200;105;;;
250513;0300;54;;;
250513;0400;69;;;
250513;0500;48;;;
250513;0600;41;;;
250513;0700;27;;;
250513;0800;38;;;
250513;0900;49;;;
250513;1000;72;;;
250513;1100;89;;;
250513;1200;84;;;
250513;1300;89;;;
250513;1400;55;;;
250513;1500;41;;;
250513;1600;42;;;
250513;1700;42;;;
250513;1800;42;;;
250513;1900;41;;;
250513;2000;48;;;
250513;2100;38;;;
250513;2200;39;;;
250513;2300;40;;;
250514;0000;48;;;
250514;0100;43;;;
250514;0200;37;;;
250514;0300;32;;;
250514;0400;30;;;
250514;0500;37;;;
250514;0600;36;;;
250514;0700;37;;;
250514;0800;41;;;
250514;0900;55;;;
250514;1000;64;;;
250514;1100;79;;;
250514;1200;78;;;
250514;1300;71;;;
250514;1400;54;;;
250514;1500;23;;;
250514;1600;32;;;
250514;1700;39;;;
250514;1800;64;;;
250514;1900;62;;;
250514;2000;80;;;
250514;2100;56;;;
250514;2200;57;;;
250514;2300;72;;;
250515;0000;75;;;
250515;0100;80;;;
250515;0200;77;;;
250515;0300;62;;;
250515;0400;80;;;
250515;0500;59;;;
250515;0600;65;;;
250515;0700;69;;;
250515;0800;69;;;
250515;0900;70;;;
250515;1000;77;;;
250515;1100;63;;;
250515;1200;57;;;
250515;1300;61;;;
250515;1400;60;;;
250515;1500;47;;;
250515;1600;49;;;
250515;1700;52;;;
250515;1800;52;;;
250515;1900;53;;;
250515;2000;54;;;
250515;2100;49;;;
250515;2200;64;;;
250515;2300;80;;;
250516;0000;88;;;
250516;0100;90;;;
250516;0200;86;;;
250516;0300;88;;;
250516;0400;84;;;
250516;0500;80;;;
250516;0600;80;;;
250516;0700;88;;;
250516;0800;90;;;
250516;0900;80;;;
250516;1000;82;;;
250516;1100;75;;;
250516;1200;65;;;
250516;1300;57;;;
250516;1400;54;;;
250516;1500;42;;;
250516;1600;44;;;
250516;1700;37;;;
250516;1800;32;;;
250516;1900;35;;;
250516;2000;28;;;
250516;2100;23;;;
250516;2200;24;;;
250516;2300;26;;;
250517;0000;29;;;
250517;0100;34;;;
250517;0200;34;;;
250517;0300;41;;;
250517;0400;53;;;
250517;0500;54;;;
250517;0600;43;;;
250517;0700;48;;;
250517;0800;57;;;
250517;0900;42;;;
250517;1000;37;;;
250517;1100;41;;;
250517;1200;48;;;
250517;1300;59;;;
250517;1400;60;;;
250517;1500;63;;;
250517;1600;64;;;
250517;1700;40;;;
250517;1800;29;;;
250517;1900;11;;;
250517;2000;14;;;
250517;2100;31;;;
250517;2200;25;;;
250517;2300;28;;;
250518;0000;35;;;
250518;0100;37;;;
250518;0200;36;;;
250518;0300;38;;;
250518;0400;45;;;
250518;0500;39;;;
250518;0600;47;;;
250518;0700;46;;;
250518;0800;39;;;
250518;0900;44;;;
250518;1000;47;;;
250518;1100;52;;;
250518;1200;52;;;
250518;1300;63;;;
250518;1400;59;;;
250518;1500;63;;;
250518;1600;55;;;
250518;1700;46;;;
250518;1800;45;;;
250518;1900;62;;;
250518;2000;46;;;
250518;2100;50;;;
250518;2200;46;;;
250518;2300;23;;;
250519;0000;36;;;
250519;0100;40;;;
250519;0200;39;;;
250519;0300;25;;;
250519;0400;32;;;
250519;0500;29;;;
250519;0600;34;;;
250519;0700;29;;;
250519;0800;30;;;
250519;0900;37;;;
250519;1000;37;;;
250519;1100;33;;;
250519;1200;14;;;
250519;1300;16;;;
250519;1400;20;;;
250519;1500;13;;;
250519;1600;15;;;
250519;1700;20;;;
250519;1800;20;;;
250519;1900;20;;;
250519;2000;17;;;
250519;2100;23;;;
250519;2200;26;;;
250519;2300;29;;;
250520;0000;32;;;
250520;0100;39;;;
250520;0200;37;;;
250520;0300;39;;;
250520;0400;37;;;
250520;0500;34;;;
250520;0600;36;;;
250520;0700;41;;;
250520;0800;42;;;
250520;0900;43;;;
250520;1000;35;;;
250520;1100;58;;;
250520;1200;36;;;
250520;1300;28;;;
250520;1400;17;;;
250520;1500;14;;;
250520;1600;11;;;
250520;1700;21;;;
250520;1800;26;;;
250520;1900;33;;;
250520;2000;34;;;
250520;2100;52;;;
250520;2200;53;;;
250520;2300;67;;;
250521;0000;44;;;
250521;0100;22;;;
250521;0200;28;;;
250521;0300;33;;;
250521;0400;25;;;
250521;0500;30;;;
250521;0600;25;;;
250521;0700;41;;;
250521;0800;52;;;
250521;0900;40;;;
250521;1000;31;;;
250521;1100;33;;;
250521;1200;31;;;
250521;1300;34;;;
250521;1400;37;;;
250521;1500;23;;;
250521;1600;14;;;
250521;1700;14;;;
250521;1800;17;;;
250521;1900;13;;;
250521;2000;24;;;
250521;2100;37;;;
250521;2200;51;;;
250521;2300;61;;;
250522;0000;58;;;
250522;0100;59;;;
250522;0200;56;;;
250522;0300;43;;;
250522;0400;45;;;
250522;0500;41;;;
250522;0600;46;;;
250522;0700;51;;;
250522;0800;54;;;
250522;0900;68;;;
250522;1000;61;;;
250522;1100;54;;;
250522;1200;55;;;
250522;1300;49;;;
250522;1400;47;;;
250522;1500;43;;;
250522;1600;46;;;
250522;1700;51;;;
250522;1800;58;;;
250522;1900;54;;;
250522;2000;51;;;
250522;2100;82;;;
250522;2200;95;;;
250522;2300;107;;;
250523;0000;93;;;
250523;0100;93;;;
250523;0200;80;;;
250523;0300;65;;;
250523;0400;57;;;
250523;0500;50;;;
250523;0600;57;;;
250523;0700;66;;;
250523;0800;67;;;
250523;0900;64;;;
250523;1000;67;;;
250523;1100;59;;;
250523;1200;76;;;
250523;1300;67;;;
250523;1400;65;;;
250523;1500;24;;;
250523;1600;47;;;
250523;1700;42;;;
250523;1800;43;;;
250523;1900;59;;;
250523;2000;59;;;
250523;2100;72;;;
250523;2200;85;;;
250523;2300;72;;;
250524;0000;65;;;
250524;0100;78;;;
250524;0200;87;;;
250524;0300;90;;;
250524;0400;82;;;
250524;0500;78;;;
250524;0600;68;;;
250524;0700;62;;;
250524;0800;65;;;
250524;0900;53;;;
250524;1000;65;;;
250524;1100;69;;;
250524;1200;75;;;
250524;1300;66;;;
250524;1400;55;;;
250524;1500;46;;;
250524;1600;43;;;
250524;1700;45;;;
250524;1800;39;;;
250524;1900;53;;;
250524;2000;80;;;
250524;2100;82;;;
250524;2200;96;;;
250524;2300;111;;;
250525;0000;119;;;
250525;0100;114;;;
250525;0200;108;;;
250525;0300;80;;;
250525;0400;69;;;
250525;0500;67;;;
250525;0600;63;;;
250525;0700;58;;;
250525;0800;50;;;
250525;0900;54;;;
250525;1000;56;;;
250525;1100;37;;;
250525;1200;23;;;
250525;1300;13;;;
250525;1400;18;;;
250525;1500;8;;;
250525;1600;9;;;
250525;1700;19;;;
250525;1800;24;;;
250525;1900;30;;;
250525;2000;22;;;
250525;2100;19;;;
250525;2200;12;;;
250525;2300;17;;;
250526;0000;12;;;
250526;0100;20;;;
250526;0200;16;;;
250526;0300;18;;;
250526;0400;22;;;
250526;0500;23;;;
250526;0600;20;;;
250526;0700;27;;;
250526;0800;16;;;
250526;0900;19;;;
250526;1000;15;;;
250526;1100;10;;;
250526;1200;15;;;
250526;1300;18;;;
250526;1400;17;;;
250526;1500;14;;;
250526;1600;15;;;
250526;1700;10;;;
250526;1800;13;;;
250526;1900;21;;;
250526;2000;11;;;
250526;2100;5;;;
250526;2200;4;;;
250526;2300;3;;;
250527;0000;1;;;
250527;0100;2;;;
250527;0200;1;;;
250527;0300;2;;;
250527;0400;4;;;
250527;0500;1;;;
250527;0600;1;;;
250527;0700;6;;;
250527;0800;24;;;
250527;0900;11;;;
250527;1000;12;;;
250527;1100;11;;;
250527;1200;8;;;
250527;1300;9;;;
250527;1400;9;;;
250527;1500;12;;;
250527;1600;9;;;
250527;1700;13;;;
250527;1800;10;;;
250527;1900;15;;;
250527;2000;16;;;
250527;2100;19;;;
250527;2200;15;;;
250527;2300;24;;;
250528;0000;39;;;
250528;0100;41;;;
250528;0200;39;;;
250528;0300;41;;;
250528;0400;43;;;
250528;0500;39;;;
250528;0600;47;;;
250528;0700;49;;;
250528;0800;55;;;
250528;0900;43;;;
250528;1000;43;;;
250528;1100;47;;;
250528;1200;32;;;
250528;1300;25;;;
250528;1400;36;;;
250528;1500;30;;;
250528;1600;25;;;
250528;1700;33;;;
250528;1800;37;;;
250528;1900;59;;;
250528;2000;67;;;
250528;2100;78;;;
250528;2200;86;;;
250528;2300;78;;;
250529;0000;74;;;
250529;0100;67;;;
250529;0200;63;;;
250529;0300;59;;;
250529;0400;51;;;
250529;0500;42;;;
250529;0600;47;;;
250529;0700;54;;;
250529;0800;54;;;
250529;0900;41;;;
250529;1000;37;;;
250529;1100;43;;;
250529;1200;51;;;
250529;1300;33;;;
250529;1400;22;;;
250529;1500;28;;;
250529;1600;25;;;
250529;1700;37;;;
250529;1800;40;;;
250529;1900;31;;;
250529;2000;29;;;
250529;2100;25;;;
250529;2200;28;;;
250529;2300;38;;;
250530;0000;55;;;
250530;0100;65;;;
250530;0200;38;;;
250530;0300;45;;;
250530;0400;38;;;
250530;0500;46;;;
250530;0600;43;;;
250530;0700;47;;;
250530;0800;55;;;
250530;0900;40;;;
250530;1000;46;;;
250530;1100;32;;;
250530;1200;38;;;
250530;1300;32;;;
250530;1400;22;;;
250530;1500;10;;;
250530;1600;12;;;
250530;1700;14;;;
250530;1800;15;;;
250530;1900;19;;;
250530;2000;23;;;
250530;2100;31;;;
250530;2200;28;;;
250530;2300;31;;;
250531;0000;34;;;
250531;0100;40;;;
250531;0200;45;;;
250531;0300;55;;;
250531;0400;71;;;
250531;0500;62;;;
250531;0600;62;;;
250531;0700;50;;;
250531;0800;59;;;
250531;0900;45;;;
250531;1000;43;;;
250531;1100;42;;;
250531;1200;42;;;
250531;1300;44;;;
250531;1400;43;;;
250531;1500;32;;;
250531;1600;18;;;
250531;1700;18;;;
250531;1800;24;;;
250531;1900;38;;;
250531;2000;61;;;
250531;2100;88;;;
250531;2200;131;;;
250531;2300;147;;;
250601;0000;132;;;
250601;0100;123;;;
250601;0200;93;;;
250601;0300;93;;;
250601;0400;83;;;
250601;0500;72;;;
250601;0600;71;;;
250601;0700;66;;;
250601;0800;59;;;
250601;0900;54;;;
250601;1000;42;;;
250601;1100;45;;;
250601;1200;37;;;
250601;1300;32;;;
250601;1400;31;;;
250601;1500;28;;;
250601;1600;30;;;
250601;1700;42;;;
250601;1800;48;;;
250601;1900;49;;;
250601;2000;55;;;
250601;2100;112;;;
250601;2200;63;;;
250601;2300;73;;;
250602;0000;81;;;
250602;0100;77;;;
250602;0200;69;;;
250602;0300;52;;;
250602;0400;47;;;
250602;0500;40;;;
250602;0600;37;;;
250602;0700;50;;;
250602;0800;63;;;
250602;0900;43;;;
250602;1000;63;;;
250602;1100;66;;;
250602;1200;59;;;
250602;1300;57;;;
250602;1400;54;;;
250602;1500;55;;;
250602;1600;57;;;
250602;1700;65;;;
250602;1800;84;;;
250602;1900;65;;;
250602;2000;56;;;
250602;2100;62;;;
250602;2200;69;;;
250602;2300;70;;;
250603;0000;84;;;
250603;0100;72;;;
250603;0200;71;;;
250603;0300;76;;;
250603;0400;78;;;
250603;0500;78;;;
250603;0600;69;;;
250603;0700;75;;;
250603;0800;81;;;
250603;0900;78;;;
250603;1000;92;;;
250603;1100;88;;;
250603;1200;77;;;
250603;1300;81;;;
250603;1400;89;;;
250603;1500;68;;;
250603;1600;87;;;
250603;1700;79;;;
250603;1800;66;;;
250603;1900;71;;;
250603;2000;86;;;
250603;2100;95;;;
250603;2200;97;;;
250603;2300;103;;;
250604;0000;106;;;
250604;0100;80;;;
250604;0200;72;;;
250604;0300;71;;;
250604;0400;70;;;
250604;0500;74;;;
250604;0600;70;;;
250604;0700;85;;;
250604;0800;78;;;
250604;0900;67;;;
250604;1000;75;;;
250604;1100;65;;;
250604;1200;69;;;
250604;1300;69;;;
250604;1400;63;;;
250604;1500;60;;;
250604;1600;60;;;
250604;1700;61;;;
250604;1800;60;;;
250604;1900;64;;;
250604;2000;69;;;
250604;2100;87;;;
250604;2200;99;;;
250604;2300;97;;;
250605;0000;93;;;
250605;0100;85;;;
250605;0200;77;;;
250605;0300;67;;;
250605;0400;79;;;
250605;0500;70;;;
250605;0600;70;;;
250605;0700;73;;;
250605;0800;76;;;
250605;0900;74;;;
250605;1000;86;;;
250605;1100;91;;;
250605;1200;81;;;
250605;1300;68;;;
250605;1400;63;;;
250605;1500;71;;;
250605;1600;79;;;
250605;1700;71;;;
250605;1800;64;;;
250605;1900;72;;;
250605;2000;107;;;
250605;2100;116;;;
250605;2200;136;;;
250605;2300;140;;;
250606;0000;126;;;
250606;0100;110;;;
250606;0200;96;;;
250606;0300;89;;;
250606;0400;77;;;
250606;0500;78;;;
250606;0600;79;;;
250606;0700;83;;;
250606;0800;76;;;
250606;0900;85;;;
250606;1000;128;;;
250606;1100;73;;;
250606;1200;54;;;
250606;1300;44;;;
250606;1400;32;;;
250606;1500;32;;;
250606;1600;25;;;
250606;1700;24;;;
250606;1800;23;;;
250606;1900;28;;;
250606;2000;27;;;
250606;2100;29;;;
250606;2200;35;;;
250606;2300;42;;;
250607;0000;39;;;
250607;0100;44;;;
250607;0200;48;;;
250607;0300;57;;;
250607;0400;54;;;
250607;0500;53;;;
250607;0600;54;;;
250607;0700;55;;;
250607;0800;53;;;
250607;0900;65;;;
250607;1000;62;;;
250607;1100;67;;;
250607;1200;62;;;
250607;1300;55;;;
250607;1400;61;;;
250607;1500;60;;;
250607;1600;66;;;
250607;1700;67;;;
250607;1800;66;;;
250607;1900;79;;;
250607;2000;116;;;
250607;2100;116;;;
250607;2200;149;;;
250607;2300;186;;;
250608;0000;189;;;
250608;0100;174;;;
250608;0200;147;;;
250608;0300;142;;;
250608;0400;104;;;
250608;0500;105;;;
250608;0600;80;;;
250608;0700;86;;;
250608;0800;113;;;
250608;0900;111;;;
250608;1000;104;;;
250608;1100;88;;;
250608;1200;79;;;
250608;1300;61;;;
250608;1400;46;;;
250608;1500;47;;;
250608;1600;64;;;
250608;1700;83;;;
250608;1800;82;;;
250608;1900;105;;;
250608;2000;106;;;
250608;2100;101;;;
250608;2200;93;;;
250608;2300;95;;;
250609;0000;75;;;
250609;0100;56;;;
250609;0200;59;;;
250609;0300;64;;;
250609;0400;45;;;
250609;0500;53;;;
250609;0600;47;;;
250609;0700;51;;;
250609;0800;59;;;
250609;0900;56;;;
250609;1000;52;;;
250609;1100;51;;;
250609;1200;55;;;
250609;1300;36;;;
250609;1400;38;;;
250609;1500;30;;;
250609;1600;32;;;
250609;1700;56;;;
250609;1800;75;;;
250609;1900;88;;;
250609;2000;99;;;
250609;2100;102;;;
250609;2200;91;;;
250609;2300;77;;;
250610;0000;63;;;
250610;0100;59;;;
250610;0200;52;;;
250610;0300;41;;;
250610;0400;36;;;
250610;0500;38;;;
250610;0600;36;;;
250610;0700;41;;;
250610;0800;54;;;
250610;0900;40;;;
250610;1000;44;;;
250610;1100;65;;;
250610;1200;31;;;
250610;1300;21;;;
250610;1400;13;;;
250610;1500;23;;;
250610;1600;15;;;
250610;1700;39;;;
250610;1800;41;;;
250610;1900;57;;;
250610;2000;49;;;
250610;2100;81;;;
250610;2200;48;;;
250610;2300;53;;;
250611;0000;45;;;
250611;0100;25;;;
250611;0200;21;;;
250611;0300;28;;;
250611;0400;36;;;
250611;0500;25;;;
250611;0600;20;;;
250611;0700;31;;;
250611;0800;31;;;
250611;0900;36;;;
250611;1000;39;;;
250611;1100;41;;;
250611;1200;46;;;
250611;1300;40;;;
250611;1400;46;;;
250611;1500;57;;;
250611;1600;48;;;
250611;1700;38;;;
250611;1800;39;;;
250611;1900;41;;;
250611;2000;53;;;
250611;2100;60;;;
250611;2200;65;;;
250611;2300;79;;;
250612;0000;67;;;
250612;0100;63;;;
250612;0200;65;;;
250612;0300;56;;;
250612;0400;43;;;
250612;0500;38;;;
250612;0600;40;;;
250612;0700;15;;;
250612;0800;6;;;
250612;0900;6;;;
250612;1000;5;;;
250612;1100;5;;;
250612;1200;11;;;
250612;1300;11;;;
250612;1400;8;;;
250612;1500;5;;;
250612;1600;2;;;
250612;1700;5;;;
250612;1800;11;;;
250612;1900;27;;;
250612;2000;37;;;
250612;2100;43;;;
250612;2200;37;;;
250612;2300;31;;;
250613;0000;30;;;
250613;0100;35;;;
250613;0200;30;;;
250613;0300;32;;;
250613;0400;42;;;
250613;0500;43;;;
250613;0600;40;;;
250613;0700;49;;;
250613;0800;49;;;
250613;0900;34;;;
250613;1000;32;;;
250613;1100;30;;;
250613;1200;13;;;
250613;1300;27;;;
250613;1400;12;;;
250613;1500;7;;;
250613;1600;12;;;
250613;1700;27;;;
250613;1800;13;;;
250613;1900;21;;;
250613;2000;53;;;
250613;2100;80;;;
250613;2200;86;;;
250613;2300;102;;;
250614;0000;80;;;
250614;0100;83;;;
250614;0200;68;;;
250614;0300;68;;;
250614;0400;45;;;
250614;0500;48;;;
250614;0600;47;;;
250614;0700;32;;;
250614;0800;51;;;
250614;0900;35;;;
250614;1000;34;;;
250614;1100;24;;;
250614;1200;13;;;
250614;1300;22;;;
250614;1400;12;;;
250614;1500;22;;;
250614;1600;24;;;
250614;1700;23;;;
250614;1800;30;;;
250614;1900;32;;;
250614;2000;28;;;
250614;2100;38;;;
250614;2200;34;;;
250614;2300;39;;;
250615;0000;41;;;
250615;0100;48;;;
250615;0200;45;;;
250615;0300;51;;;
250615;0400;43;;;
250615;0500;46;;;
250615;0600;47;;;
250615;0700;43;;;
250615;0800;43;;;
250615;0900;41;;;
250615;1000;22;;;
250615;1100;14;;;
250615;1200;22;;;
250615;1300;8;;;
250615;1400;9;;;
250615;1500;9;;;
250615;1600;8;;;
250615;1700;25;;;
250615;1800;57;;;
250615;1900;46;;;
250615;2000;38;;;
250615;2100;31;;;
250615;2200;13;;;
250615;2300;11;;;
250616;0000;8;;;
250616;0100;5;;;
250616;0200;4;;;
250616;0300;1;;;
250616;0400;3;;;
250616;0500;3;;;
250616;0600;2;;;
250616;0700;5;;;
250616;0800;5;;;
250616;0900;11;;;
250616;1000;7;;;
250616;1100;5;;;
250616;1200;5;;;
250616;1300;5;;;
250616;1400;5;;;
250616;1500;7;;;
250616;1600;7;;;
250616;1700;10;;;
250616;1800;17;;;
250616;1900;23;;;
250616;2000;29;;;
250616;2100;35;;;
250616;2200;60;;;
250616;2300;52;;;
250617;0000;51;;;
250617;0100;54;;;
250617;0200;46;;;
250617;0300;33;;;
250617;0400;25;;;
250617;0500;26;;;
250617;0600;22;;;
250617;0700;27;;;
250617;0800;39;;;
250617;0900;40;;;
250617;1000;23;;;
250617;1100;16;;;
250617;1200;22;;;
250617;1300;27;;;
250617;1400;25;;;
250617;1500;16;;;
250617;1600;29;;;
250617;1700;29;;;
250617;1800;36;;;
250617;1900;35;;;
250617;2000;45;;;
250617;2100;76;;;
250617;2200;71;;;
250617;2300;76;;;
250618;0000;87;;;
250618;0100;70;;;
250618;0200;48;;;
250618;0300;36;;;
250618;0400;34;;;
250618;0500;34;;;
250618;0600;38;;;
250618;0700;37;;;
250618;0800;42;;;
250618;0900;44;;;
250618;1000;49;;;
250618;1100;42;;;
250618;1200;31;;;
250618;1300;38;;;
250618;1400;25;;;
250618;1500;31;;;
250618;1600;31;;;
250618;1700;31;;;
250618;1800;44;;;
250618;1900;76;;;
250618;2000;72;;;
250618;2100;89;;;
250618;2200;90;;;
250618;2300;83;;;
250619;0000;63;;;
250619;0100;53;;;
250619;0200;53;;;
250619;0300;45;;;
250619;0400;45;;;
250619;0500;47;;;
250619;0600;44;;;
250619;0700;52;;;
250619;0800;49;;;
250619;0900;58;;;
250619;1000;54;;;
250619;1100;41;;;
250619;1200;44;;;
250619;1300;34;;;
250619;1400;22;;;
250619;1500;33;;;
250619;1600;44;;;
250619;1700;42;;;
250619;1800;48;;;
250619;1900;76;;;
250619;2000;72;;;
250619;2100;110;;;
250619;2200;104;;;
250619;2300;97;;;
250620;0000;94;;;
250620;0100;91;;;
250620;0200;81;;;
250620;0300;79;;;
250620;0400;68;;;
250620;0500;60;;;
250620;0600;86;;;
250620;0700;71;;;
250620;0800;53;;;
250620;0900;51;;;
250620;1000;35;;;
250620;1100;43;;;
250620;1200;43;;;
250620;1300;42;;;
250620;1400;34;;;
250620;1500;24;;;
250620;1600;32;;;
250620;1700;34;;;
250620;1800;20;;;
250620;1900;39;;;
250620;2000;55;;;
250620;2100;45;;;
250620;2200;66;;;
250620;2300;52;;;
250621;0000;63;;;
250621;0100;78;;;
250621;0200;83;;;
250621;0300;76;;;
250621;0400;70;;;
250621;0500;50;;;
250621;0600;63;;;
250621;0700;69;;;
250621;0800;64;;;
250621;0900;65;;;
250621;1000;62;;;
250621;1100;49;;;
250621;1200;54;;;
250621;1300;50;;;
250621;1400;45;;;
250621;1500;36;;;
250621;1600;29;;;
250621;1700;32;;;
250621;1800;34;;;
250621;1900;54;;;
250621;2000;64;;;
250621;2100;44;;;
250621;2200;51;;;
250621;2300;44;;;
250622;0000;50;;;
250622;0100;20;;;
250622;0200;10;;;
250622;0300;9;;;
250622;0400;9;;;
250622;0500;20;;;
250622;0600;24;;;
250622;0700;26;;;
250622;0800;24;;;
250622;0900;20;;;
250622;1000;22;;;
250622;1100;22;;;
250622;1200;18;;;
250622;1300;14;;;
250622;1400;13;;;
250622;1500;14;;;
250622;1600;17;;;
250622;1700;16;;;
250622;1800;18;;;
250622;1900;20;;;
250622;2000;12;;;
250622;2100;11;;;
250622;2200;24;;;
250622;2300;30;;;
250623;0000;19;;;
250623;0100;18;;;
250623;0200;14;;;
250623;0300;11;;;
250623;0400;21;;;
250623;0500;17;;;
250623;0600;20;;;
250623;0700;27;;;
250623;0800;28;;;
250623;0900;27;;;
250623;1000;31;;;
250623;1100;29;;;
250623;1200;28;;;
250623;1300;30;;;
250623;1400;26;;;
250623;1500;30;;;
250623;1600;32;;;
250623;1700;21;;;
250623;1800;38;;;
250623;1900;31;;;
250623;2000;33;;;
250623;2100;37;;;
250623;2200;44;;;
250623;2300;65;;;
250624;0000;65;;;
250624;0100;52;;;
250624;0200;49;;;
250624;0300;38;;;
250624;0400;34;;;
250624;0500;41;;;
250624;0600;37;;;
250624;0700;45;;;
250624;0800;48;;;
250624;0900;61;;;
250624;1000;43;;;
250624;1100;42;;;
250624;1200;41;;;
250624;1300;28;;;
250624;1400;22;;;
250624;1500;22;;;
250624;1600;21;;;
250624;1700;30;;;
250624;1800;24;;;
250624;1900;26;;;
250624;2000;35;;;
250624;2100;25;;;
250624;2200;30;;;
250624;2300;45;;;
250625;0000;43;;;
250625;0100;34;;;
250625;0200;38;;;
250625;0300;25;;;
250625;0400;29;;;
250625;0500;29;;;
250625;0600;37;;;
250625;0700;40;;;
250625;0800;44;;;
250625;0900;42;;;
250625;1000;26;;;
250625;1100;26;;;
250625;1200;30;;;
250625;1300;31;;;
250625;1400;27;;;
250625;1500;22;;;
250625;1600;18;;;
250625;1700;18;;;
250625;1800;24;;;
250625;1900;28;;;
250625;2000;29;;;
250625;2100;33;;;
250625;2200;40;;;
250625;2300;55;;;
250626;0000;55;;;
250626;0100;56;;;
250626;0200;40;;;
250626;0300;27;;;
250626;0400;27;;;
250626;0500;28;;;
250626;0600;36;;;
250626;0700;37;;;
250626;0800;45;;;
250626;0900;46;;;
250626;1000;52;;;
250626;1100;43;;;
250626;1200;31;;;
250626;1300;21;;;
250626;1400;25;;;
250626;1500;28;;;
250626;1600;28;;;
250626;1700;35;;;
250626;1800;39;;;
250626;1900;44;;;
250626;2000;53;;;
250626;2100;73;;;
250626;2200;35;;;
250626;2300;33;;;
250627;0000;43;;;
250627;0100;45;;;
250627;0200;59;;;
250627;0300;68;;;
250627;0400;69;;;
250627;0500;67;;;
250627;0600;59;;;
250627;0700;58;;;
250627;0800;67;;;
250627;0900;62;;;
250627;1000;81;;;
250627;1100;65;;;
250627;1200;69;;;
250627;1300;49;;;
250627;1400;40;;;
250627;1500;29;;;
250627;1600;30;;;
250627;1700;37;;;
250627;1800;43;;;
250627;1900;61;;;
250627;2000;47;;;
250627;2100;50;;;
250627;2200;47;;;
250627;2300;55;;;
250628;0000;55;;;
250628;0100;45;;;
250628;0200;49;;;
250628;0300;50;;;
250628;0400;50;;;
250628;0500;64;;;
250628;0600;55;;;
250628;0700;67;;;
250628;0800;70;;;
250628;0900;50;;;
250628;1000;45;;;
250628;1100;55;;;
250628;1200;40;;;
250628;1300;45;;;
250628;1400;28;;;
250628;1500;23;;;
250628;1600;27;;;
250628;1700;39;;;
250628;1800;37;;;
250628;1900;54;;;
250628;2000;76;;;
250628;2100;96;;;
250628;2200;84;;;
250628;2300;82;;;
250629;0000;74;;;
250629;0100;103;;;
250629;0200;127;;;
250629;0300;147;;;
250629;0400;134;;;
250629;0500;118;;;
250629;0600;87;;;
250629;0700;83;;;
250629;0800;87;;;
250629;0900;67;;;
250629;1000;69;;;
250629;1100;60;;;
250629;1200;46;;;
250629;1300;52;;;
250629;1400;40;;;
250629;1500;36;;;
250629;1600;20;;;
250629;1700;18;;;
250629;1800;25;;;
250629;1900;23;;;
250629;2000;30;;;
250629;2100;58;;;
250629;2200;88;;;
250629;2300;107;;;
250630;0000;100;;;
250630;0100;78;;;
250630;0200;70;;;
250630;0300;60;;;
250630;0400;68;;;
250630;0500;64;;;
250630;0600;75;;;
250630;0700;70;;;
250630;0800;69;;;
250630;0900;72;;;
250630;1000;56;;;
250630;1100;61;;;
250630;1200;58;;;
250630;1300;37;;;
250630;1400;38;;;
250630;1500;52;;;
250630;1600;47;;;
250630;1700;49;;;
250630;1800;51;;;
250630;1900;70;;;
250630;2000;85;;;
250630;2100;76;;;
250630;2200;83;;;
250630;2300;90;;;
250701;0000;94;;;
250701;0100;94;;;
250701;0200;92;;;
250701;0300;85;;;
250701;0400;76;;;
250701;0500;76;;;
250701;0600;73;;;
250701;0700;70;;;
250701;0800;103;;;
250701;0900;101;;;
250701;1000;85;;;
250701;1100;57;;;
250701;1200;46;;;
250701;1300;46;;;
250701;1400;45;;;
250701;1500;35;;;
250701;1600;27;;;
250701;1700;44;;;
250701;1800;48;;;
250701;1900;56;;;
250701;2000;61;;;
250701;2100;84;;;
250701;2200;69;;;
250701;2300;83;;;
250702;0000;84;;;
250702;0100;83;;;
250702;0200;72;;;
250702;0300;66;;;
250702;0400;55;;;
250702;0500;54;;;
250702;0600;47;;;
250702;0700;55;;;
250702;0800;57;;;
250702;0900;50;;;
250702;1000;51;;;
250702;1100;45;;;
250702;1200;33;;;
250702;1300;38;;;
250702;1400;34;;;
250702;1500;38;;;
250702;1600;38;;;
250702;1700;50;;;
250702;1800;71;;;
250702;1900;91;;;
250702;2000;92;;;
250702;2100;88;;;
250702;2200;87;;;
250702;2300;89;;;
250703;0000;76;;;
250703;0100;57;;;
250703;0200;51;;;
250703;0300;47;;;
250703;0400;49;;;
250703;0500;38;;;
250703;0600;41;;;
250703;0700;39;;;
250703;0800;51;;;
250703;0900;45;;;
250703;1000;37;;;
250703;1100;57;;;
250703;1200;50;;;
250703;1300;38;;;
250703;1400;26;;;
250703;1500;18;;;
250703;1600;17;;;
250703;1700;21;;;
250703;1800;56;;;
250703;1900;81;;;
250703;2000;87;;;
250703;2100;96;;;
250703;2200;88;;;
250703;2300;91;;;
250704;0000;78;;;
250704;0100;57;;;
250704;0200;49;;;
250704;0300;39;;;
250704;0400;34;;;
250704;0500;36;;;
250704;0600;37;;;
250704;0700;34;;;
250704;0800;36;;;
250704;0900;32;;;
250704;1000;42;;;
250704;1100;41;;;
250704;1200;39;;;
250704;1300;39;;;
250704;1400;41;;;
250704;1500;37;;;
250704;1600;38;;;
250704;1700;47;;;
250704;1800;55;;;
250704;1900;53;;;
250704;2000;44;;;
250704;2100;45;;;
250704;2200;41;;;
250704;2300;36;;;
250705;0000;39;;;
250705;0100;40;;;
250705;0200;44;;;
250705;0300;51;;;
250705;0400;52;;;
250705;0500;57;;;
250705;0600;51;;;
250705;0700;45;;;
250705;0800;28;;;
250705;0900;25;;;
250705;1000;50;;;
250705;1100;44;;;
250705;1200;43;;;
250705;1300;53;;;
250705;1400;53;;;
250705;1500;25;;;
250705;1600;32;;;
250705;1700;33;;;
250705;1800;15;;;
250705;1900;13;;;
250705;2000;16;;;
250705;2100;14;;;
250705;2200;17;;;
250705;2300;23;;;
250706;0000;22;;;
250706;0100;18;;;
250706;0200;27;;;
250706;0300;31;;;
250706;0400;28;;;
250706;0500;28;;;
250706;0600;33;;;
250706;0700;40;;;
250706;0800;28;;;
250706;0900;35;;;
250706;1000;36;;;
250706;1100;16;;;
250706;1200;20;;;
250706;1300;25;;;
250706;1400;9;;;
250706;1500;19;;;
250706;1600;10;;;
250706;1700;11;;;
250706;1800;9;;;
250706;1900;17;;;
250706;2000;32;;;
250706;2100;31;;;
250706;2200;46;;;
250706;2300;49;;;
250707;0000;51;;;
250707;0100;53;;;
250707;0200;45;;;
250707;0300;38;;;
250707;0400;21;;;
250707;0500;21;;;
250707;0600;31;;;
250707;0700;35;;;
250707;0800;38;;;
250707;0900;40;;;
250707;1000;30;;;
250707;1100;29;;;
250707;1200;26;;;
250707;1300;18;;;
250707;1400;20;;;
250707;1500;28;;;
250707;1600;33;;;
250707;1700;32;;;
250707;1800;21;;;
250707;1900;40;;;
250707;2000;45;;;
250707;2100;60;;;
250707;2200;55;;;
250707;2300;51;;;
250708;0000;68;;;
250708;0100;65;;;
250708;0200;42;;;
250708;0300;41;;;
250708;0400;36;;;
250708;0500;40;;;
250708;0600;30;;;
250708;0700;41;;;
250708;0800;63;;;
250708;0900;50;;;
250708;1000;50;;;
250708;1100;48;;;
250708;1200;45;;;
250708;1300;40;;;
250708;1400;27;;;
250708;1500;41;;;
250708;1600;36;;;
250708;1700;39;;;
250708;1800;38;;;
250708;1900;44;;;
250708;2000;39;;;
250708;2100;35;;;
250708;2200;25;;;
250708;2300;17;;;
250709;0000;20;;;
250709;0100;27;;;
250709;0200;34;;;
250709;0300;32;;;
250709;0400;34;;;
250709;0500;30;;;
250709;0600;26;;;
250709;0700;26;;;
250709;0800;31;;;
250709;0900;35;;;
250709;1000;39;;;
250709;1100;45;;;
250709;1200;51;;;
250709;1300;50;;;
250709;1400;54;;;
250709;1500;45;;;
250709;1600;42;;;
250709;1700;42;;;
250709;1800;50;;;
250709;1900;50;;;
250709;2000;50;;;
250709;2100;43;;;
250709;2200;51;;;
250709;2300;50;;;
250710;0000;52;;;
250710;0100;49;;;
250710;0200;50;;;
250710;0300;54;;;
250710;0400;52;;;
250710;0500;51;;;
250710;0600;51;;;
250710;0700;52;;;
250710;0800;55;;;
250710;0900;56;;;
250710;1000;58;;;
250710;1100;59;;;
250710;1200;60;;;
250710;1300;;;;
250710;1400;76;;;
250710;1500;78;;;
250710;1600;69;;;
250710;1700;72;;;
250710;1800;80;;;
250710;1900;58;;;
250710;2000;80;;;
250710;2100;116;;;
250710;2200;109;;;
250710;2300;100;;;
250711;0000;103;;;
250711;0100;104;;;
250711;0200;82;;;
250711;0300;78;;;
250711;0400;89;;;
250711;0500;66;;;
250711;0600;64;;;
250711;0700;75;;;
250711;0800;69;;;
250711;0900;63;;;
250711;1000;85;;;
250711;1100;53;;;
250711;1200;43;;;
250711;1300;41;;;
250711;1400;37;;;
250711;1500;33;;;
250711;1600;56;;;
250711;1700;68;;;
250711;1800;72;;;
250711;1900;97;;;
250711;2000;105;;;
250711;2100;163;;;
250711;2200;167;;;
250711;2300;182;;;
250712;0000;148;;;
250712;0100;134;;;
250712;0200;107;;;
250712;0300;104;;;
250712;0400;96;;;
250712;0500;81;;;
250712;0600;72;;;
250712;0700;78;;;
250712;0800;68;;;
250712;0900;74;;;
250712;1000;52;;;
250712;1100;55;;;
250712;1200;48;;;
250712;1300;63;;;
250712;1400;62;;;
250712;1500;54;;;
250712;1600;59;;;
250712;1700;64;;;
250712;1800;64;;;
250712;1900;84;;;
250712;2000;149;;;
250712;2100;172;;;
250712;2200;219;;;
250712;2300;231;;;
250713;0000;232;;;
250713;0100;240;;;
250713;0200;214;;;
250713;0300;162;;;
250713;0400;53;;;
250713;0500;26;;;
250713;0600;40;;;
250713;0700;38;;;
250713;0800;37;;;
250713;0900;41;;;
250713;1000;50;;;
250713;1100;79;;;
250713;1200;82;;;
250713;1300;85;;;
250713;1400;79;;;
250713;1500;67;;;
250713;1600;62;;;
250713;1700;47;;;
250713;1800;43;;;
250713;1900;35;;;
250713;2000;40;;;
250713;2100;39;;;
250713;2200;49;;;
250713;2300;56;;;
250714;0000;56;;;
250714;0100;45;;;
250714;0200;40;;;
250714;0300;55;;;
250714;0400;65;;;
250714;0500;67;;;
250714;0600;61;;;
250714;0700;59;;;
250714;0800;52;;;
250714;0900;59;;;
250714;1000;63;;;
250714;1100;59;;;
250714;1200;57;;;
250714;1300;60;;;
250714;1400;61;;;
250714;1500;68;;;
250714;1600;56;;;
250714;1700;67;;;
250714;1800;81;;;
250714;1900;84;;;
250714;2000;94;;;
250714;2100;88;;;
250714;2200;94;;;
250714;2300;93;;;
250715;0000;87;;;
250715;0100;83;;;
250715;0200;70;;;
250715;0300;72;;;
250715;0400;87;;;
250715;0500;84;;;
250715;0600;86;;;
250715;0700;95;;;
250715;0800;91;;;
250715;0900;97;;;
250715;1000;93;;;
250715;1100;87;;;
250715;1200;82;;;
250715;1300;80;;;
250715;1400;65;;;
250715;1500;51;;;
250715;1600;64;;;
250715;1700;77;;;
250715;1800;33;;;
250715;1900;34;;;
250715;2000;36;;;
250715;2100;36;;;
250715;2200;64;;;
250715;2300;65;;;
250716;0000;29;;;
250716;0100;43;;;
250716;0200;79;;;
250716;0300;92;;;
250716;0400;102;;;
250716;0500;96;;;
250716;0600;78;;;
250716;0700;80;;;
250716;0800;59;;;
250716;0900;60;;;
250716;1000;30;;;
250716;1100;49;;;
250716;1200;57;;;
250716;1300;56;;;
250716;1400;45;;;
250716;1500;35;;;
250716;1600;39;;;
250716;1700;8;;;
250716;1800;24;;;
250716;1900;29;;;
250716;2000;47;;;
250716;2100;79;;;
250716;2200;101;;;
250716;2300;103;;;
250717;0000;98;;;
250717;0100;88;;;
250717;0200;79;;;
250717;0300;77;;;
250717;0400;60;;;
250717;0500;55;;;
250717;0600;52;;;
250717;0700;60;;;
250717;0800;57;;;
250717;0900;57;;;
250717;1000;66;;;
250717;1100;63;;;
250717;1200;45;;;
250717;1300;52;;;
250717;1400;35;;;
250717;1500;28;;;
250717;1600;37;;;
250717;1700;35;;;
250717;1800;47;;;
250717;1900;70;;;
250717;2000;79;;;
250717;2100;92;;;
250717;2200;90;;;
250717;2300;64;;;
250718;0000;56;;;
250718;0100;55;;;
250718;0200;42;;;
250718;0300;36;;;
250718;0400;38;;;
250718;0500;41;;;
250718;0600;36;;;
250718;0700;39;;;
250718;0800;49;;;
250718;0900;49;;;
250718;1000;44;;;
250718;1100;45;;;
250718;1200;37;;;
250718;1300;33;;;
250718;1400;30;;;
250718;1500;36;;;
250718;1600;27;;;
250718;1700;40;;;
250718;1800;44;;;
250718;1900;55;;;
250718;2000;92;;;
250718;2100;106;;;
250718;2200;114;;;
250718;2300;117;;;
250719;0000;108;;;
250719;0100;106;;;
250719;0200;98;;;
250719;0300;85;;;
250719;0400;77;;;
250719;0500;51;;;
250719;0600;51;;;
250719;0700;43;;;
250719;0800;47;;;
250719;0900;41;;;
250719;1000;42;;;
250719;1100;45;;;
250719;1200;49;;;
250719;1300;37;;;
250719;1400;39;;;
250719;1500;42;;;
250719;1600;16;;;
250719;1700;29;;;
250719;1800;43;;;
250719;1900;53;;;
250719;2000;21;;;
250719;2100;31;;;
250719;2200;75;;;
250719;2300;96;;;
250720;0000;95;;;
250720;0100;88;;;
250720;0200;83;;;
250720;0300;79;;;
250720;0400;73;;;
250720;0500;58;;;
250720;0600;67;;;
250720;0700;71;;;
250720;0800;67;;;
250720;0900;59;;;
250720;1000;65;;;
250720;1100;56;;;
250720;1200;50;;;
250720;1300;48;;;
250720;1400;35;;;
250720;1500;51;;;
250720;1600;46;;;
250720;1700;40;;;
250720;1800;48;;;
250720;1900;54;;;
250720;2000;57;;;
250720;2100;67;;;
250720;2200;70;;;
250720;2300;65;;;
250721;0000;71;;;
250721;0100;76;;;
250721;0200;77;;;
250721;0300;83;;;
250721;0400;82;;;
250721;0500;85;;;
250721;0600;68;;;
250721;0700;69;;;
250721;0800;85;;;
250721;0900;79;;;
250721;1000;77;;;
250721;1100;67;;;
250721;1200;70;;;
250721;1300;47;;;
250721;1400;34;;;
250721;1500;29;;;
250721;1600;39;;;
250721;1700;34;;;
250721;1800;47;;;
250721;1900;51;;;
250721;2000;47;;;
250721;2100;68;;;
250721;2200;61;;;
250721;2300;44;;;
250722;0000;57;;;
250722;0100;62;;;
250722;0200;66;;;
250722;0300;53;;;
250722;0400;56;;;
250722;0500;57;;;
250722;0600;60;;;
250722;0700;50;;;
250722;0800;55;;;
250722;0900;67;;;
250722;1000;68;;;
250722;1100;67;;;
250722;1200;63;;;
250722;1300;61;;;
250722;1400;61;;;
250722;1500;55;;;
250722;1600;63;;;
250722;1700;57;;;
250722;1800;33;;;
250722;1900;57;;;
250722;2000;67;;;
250722;2100;67;;;
250722;2200;72;;;
250722;2300;82;;;
250723;0000;77;;;
250723;0100;67;;;
250723;0200;68;;;
250723;0300;57;;;
250723;0400;58;;;
250723;0500;68;;;
250723;0600;65;;;
250723;0700;57;;;
250723;0800;55;;;
250723;0900;48;;;
250723;1000;62;;;
250723;1100;45;;;
250723;1200;43;;;
250723;1300;46;;;
250723;1400;44;;;
250723;1500;39;;;
250723;1600;37;;;
250723;1700;31;;;
250723;1800;32;;;
250723;1900;30;;;
250723;2000;34;;;
250723;2100;27;;;
250723;2200;26;;;
250723;2300;25;;;
250724;0000;25;;;
250724;0100;26;;;
250724;0200;28;;;
250724;0300;25;;;
250724;0400;30;;;
250724;0500;31;;;
250724;0600;29;;;
250724;0700;35;;;
250724;0800;38;;;
250724;0900;51;;;
250724;1000;61;;;
250724;1100;53;;;
250724;1200;41;;;
250724;1300;29;;;
250724;1400;24;;;
250724;1500;20;;;
250724;1600;25;;;
250724;1700;26;;;
250724;1800;33;;;
250724;1900;30;;;
250724;2000;42;;;
250724;2100;45;;;
250724;2200;64;;;
250724;2300;71;;;
250725;0000;71;;;
250725;0100;69;;;
250725;0200;82;;;
250725;0300;64;;;
250725;0400;57;;;
250725;0500;54;;;
250725;0600;47;;;
250725;0700;50;;;
250725;0800;49;;;
250725;0900;47;;;
250725;1000;74;;;
250725;1100;39;;;
250725;1200;35;;;
250725;1300;30;;;
250725;1400;25;;;
250725;1500;29;;;
250725;1600;34;;;
250725;1700;32;;;
250725;1800;33;;;
250725;1900;55;;;
250725;2000;64;;;
250725;2100;56;;;
250725;2200;98;;;
250725;2300;88;;;
250726;0000;82;;;
250726;0100;92;;;
250726;0200;96;;;
250726;0300;112;;;
250726;0400;83;;;
250726;0500;74;;;
250726;0600;88;;;
250726;0700;81;;;
250726;0800;78;;;
250726;0900;69;;;
250726;1000;56;;;
250726;1100;56;;;
250726;1200;52;;;
250726;1300;46;;;
250726;1400;48;;;
250726;1500;37;;;
250726;1600;34;;;
250726;1700;32;;;
250726;1800;39;;;
250726;1900;47;;;
250726;2000;78;;;
250726;2100;97;;;
250726;2200;109;;;
250726;2300;126;;;
250727;0000;108;;;
250727;0100;115;;;
250727;0200;141;;;
250727;0300;126;;;
250727;0400;100;;;
250727;0500;73;;;
250727;0600;78;;;
250727;0700;76;;;
250727;0800;73;;;
250727;0900;80;;;
250727;1000;72;;;
250727;1100;65;;;
250727;1200;61;;;
250727;1300;55;;;
250727;1400;40;;;
250727;1500;41;;;
250727;1600;33;;;
250727;1700;34;;;
250727;1800;26;;;
250727;1900;27;;;
250727;2000;33;;;
250727;2100;31;;;
250727;2200;40;;;
250727;2300;48;;;
250728;0000;53;;;
250728;0100;61;;;
250728;0200;50;;;
250728;0300;66;;;
250728;0400;67;;;
250728;0500;75;;;
250728;0600;59;;;
250728;0700;68;;;
250728;0800;75;;;
250728;0900;66;;;
250728;1000;64;;;
250728;1100;61;;;
250728;1200;36;;;
250728;1300;39;;;
250728;1400;26;;;
250728;1500;41;;;
250728;1600;47;;;
250728;1700;59;;;
250728;1800;61;;;
250728;1900;73;;;
250728;2000;77;;;
250728;2100;80;;;
250728;2200;71;;;
250728;2300;66;;;
250729;0000;73;;;
250729;0100;59;;;
250729;0200;53;;;
250729;0300;47;;;
250729;0400;42;;;
250729;0500;51;;;
250729;0600;49;;;
250729;0700;51;;;
250729;0800;51;;;
250729;0900;55;;;
250729;1000;56;;;
250729;1100;54;;;
250729;1200;34;;;
250729;1300;38;;;
250729;1400;43;;;
250729;1500;42;;;
250729;1600;49;;;
250729;1700;57;;;
250729;1800;62;;;
250729;1900;66;;;
250729;2000;37;;;
250729;2100;37;;;
250729;2200;44;;;
250729;2300;45;;;
250730;0000;51;;;
250730;0100;50;;;
250730;0200;54;;;
250730;0300;57;;;
250730;0400;52;;;
250730;0500;36;;;
250730;0600;46;;;
250730;0700;44;;;
250730;0800;28;;;
250730;0900;24;;;
250730;1000;26;;;
250730;1100;26;;;
250730;1200;13;;;
250730;1300;15;;;
250730;1400;25;;;
250730;1500;45;;;
250730;1600;44;;;
250730;1700;45;;;
250730;1800;40;;;
250730;1900;28;;;
250730;2000;27;;;
250730;2100;21;;;
250730;2200;16;;;
250730;2300;12;;;
250731;0000;12;;;
250731;0100;25;;;
250731;0200;21;;;
250731;0300;25;;;
250731;0400;19;;;
250731;0500;25;;;
250731;0600;29;;;
250731;0700;28;;;
250731;0800;17;;;
250731;0900;16;;;
250731;1000;12;;;
250731;1100;10;;;
250731;1200;9;;;
250731;1300;7;;;
250731;1400;5;;;
250731;1500;7;;;
250731;1600;10;;;
250731;1700;13;;;
250731;1800;13;;;
250731;1900;15;;;
250731;2000;18;;;
250731;2100;16;;;
250731;2200;12;;;
250731;2300;11;;;
250801;0000;9;;;
250801;0100;7;;;
250801;0200;9;;;
250801;0300;9;;;
250801;0400;4;;;
250801;0500;1;;;
250801;0600;6;;;
250801;0700;9;;;
250801;0800;12;;;
250801;0900;8;;;
250801;1000;6;;;
250801;1100;4;;;
250801;1200;3;;;
250801;1300;6;;;
250801;1400;8;;;
250801;1500;6;;;
250801;1600;4;;;
250801;1700;8;;;
250801;1800;12;;;
250801;1900;10;;;
250801;2000;12;;;
250801;2100;16;;;
250801;2200;12;;;
250801;2300;7;;;
250802;0000;4;;;
250802;0100;3;;;
250802;0200;1;;;
250802;0300;3;;;
250802;0400;4;;;
250802;0500;4;;;
250802;0600;6;;;
250802;0700;7;;;
250802;0800;6;;;
250802;0900;4;;;
250802;1000;3;;;
250802;1100;7;;;
250802;1200;7;;;
250802;1300;6;;;
250802;1400;6;;;
250802;1500;8;;;
250802;1600;9;;;
250802;1700;11;;;
250802;1800;8;;;
250802;1900;17;;;
250802;2000;44;;;
250802;2100;60;;;
250802;2200;110;;;
250802;2300;107;;;
250803;0000;87;;;
250803;0100;121;;;
250803;0200;85;;;
250803;0300;82;;;
250803;0400;62;;;
250803;0500;54;;;
250803;0600;59;;;
250803;0700;48;;;
250803;0800;45;;;
250803;0900;38;;;
250803;1000;35;;;
250803;1100;24;;;
250803;1200;29;;;
250803;1300;29;;;
250803;1400;31;;;
250803;1500;22;;;
250803;1600;19;;;
250803;1700;21;;;
250803;1800;25;;;
250803;1900;31;;;
250803;2000;55;;;
250803;2100;54;;;
250803;2200;84;;;
250803;2300;73;;;
250804;0000;58;;;
250804;0100;58;;;
250804;0200;57;;;
250804;0300;52;;;
250804;0400;41;;;
250804;0500;37;;;
250804;0600;36;;;
250804;0700;36;;;
250804;0800;43;;;
250804;0900;43;;;
250804;1000;38;;;
250804;1100;43;;;
250804;1200;33;;;
250804;1300;30;;;
250804;1400;19;;;
250804;1500;9;;;
250804;1600;25;;;
250804;1700;34;;;
250804;1800;27;;;
250804;1900;34;;;
250804;2000;67;;;
250804;2100;84;;;
250804;2200;86;;;
250804;2300;72;;;
250805;0000;61;;;
250805;0100;55;;;
250805;0200;44;;;
250805;0300;45;;;
250805;0400;38;;;
250805;0500;41;;;
250805;0600;37;;;
250805;0700;36;;;
250805;0800;46;;;
250805;0900;49;;;
250805;1000;28;;;
250805;1100;31;;;
250805;1200;36;;;
250805;1300;26;;;
250805;1400;22;;;
250805;1500;25;;;
250805;1600;24;;;
250805;1700;22;;;
250805;1800;16;;;
250805;1900;21;;;
250805;2000;30;;;
250805;2100;38;;;
250805;2200;35;;;
250805;2300;62;;;
250806;0000;65;;;
250806;0100;55;;;
250806;0200;42;;;
250806;0300;40;;;
250806;0400;43;;;
250806;0500;34;;;
250806;0600;35;;;
250806;0700;44;;;
250806;0800;39;;;
250806;0900;33;;;
250806;1000;51;;;
250806;1100;24;;;
250806;1200;21;;;
250806;1300;22;;;
250806;1400;18;;;
250806;1500;16;;;
250806;1600;15;;;
250806;1700;13;;;
250806;1800;9;;;
250806;1900;19;;;
250806;2000;18;;;
250806;2100;18;;;
250806;2200;21;;;
250806;2300;28;;;
250807;0000;33;;;
250807;0100;41;;;
250807;0200;36;;;
250807;0300;38;;;
250807;0400;46;;;
250807;0500;41;;;
250807;0600;52;;;
250807;0700;54;;;
250807;0800;46;;;
250807;0900;50;;;
250807;1000;42;;;
250807;1100;34;;;
250807;1200;30;;;
250807;1300;23;;;
250807;1400;26;;;
250807;1500;37;;;
250807;1600;29;;;
250807;1700;18;;;
250807;1800;25;;;
250807;1900;23;;;
250807;2000;26;;;
250807;2100;30;;;
250807;2200;39;;;
250807;2300;51;;;
250808;0000;55;;;
250808;0100;65;;;
250808;0200;68;;;
250808;0300;59;;;
250808;0400;48;;;
250808;0500;43;;;
250808;0600;41;;;
250808;0700;49;;;
250808;0800;59;;;
250808;0900;57;;;
250808;1000;53;;;
250808;1100;57;;;
250808;1200;41;;;
250808;1300;39;;;
250808;1400;31;;;
250808;1500;34;;;
250808;1600;37;;;
250808;1700;36;;;
250808;1800;44;;;
250808;1900;65;;;
250808;2000;86;;;
250808;2100;109;;;
250808;2200;35;;;
250808;2300;36;;;
250809;0000;27;;;
250809;0100;14;;;
250809;0200;18;;;
250809;0300;23;;;
250809;0400;23;;;
250809;0500;20;;;
250809;0600;15;;;
250809;0700;19;;;
250809;0800;11;;;
250809;0900;17;;;
250809;1000;15;;;
250809;1100;17;;;
250809;1200;20;;;
250809;1300;22;;;
250809;1400;23;;;
250809;1500;25;;;
250809;1600;27;;;
250809;1700;29;;;
250809;1800;33;;;
250809;1900;32;;;
250809;2000;34;;;
250809;2100;41;;;
250809;2200;35;;;
250809;2300;38;;;
250810;0000;44;;;
250810;0100;51;;;
250810;0200;53;;;
250810;0300;38;;;
250810;0400;57;;;
250810;0500;66;;;
250810;0600;61;;;
250810;0700;61;;;
250810;0800;54;;;
250810;0900;53;;;
250810;1000;55;;;
250810;1100;47;;;
250810;1200;36;;;
250810;1300;33;;;
250810;1400;37;;;
250810;1500;46;;;
250810;1600;43;;;
250810;1700;48;;;
250810;1800;35;;;
250810;1900;48;;;
250810;2000;47;;;
250810;2100;36;;;
250810;2200;41;;;
250810;2300;49;;;
250811;0000;73;;;
250811;0100;74;;;
250811;0200;69;;;
250811;0300;56;;;
250811;0400;59;;;
250811;0500;53;;;
250811;0600;46;;;
250811;0700;57;;;
250811;0800;55;;;
250811;0900;44;;;
250811;1000;59;;;
250811;1100;52;;;
250811;1200;40;;;
250811;1300;33;;;
250811;1400;42;;;
250811;1500;19;;;
250811;1600;7;;;
250811;1700;29;;;
250811;1800;42;;;
250811;1900;55;;;
250811;2000;67;;;
250811;2100;59;;;
250811;2200;54;;;
250811;2300;52;;;
250812;0000;46;;;
250812;0100;44;;;
250812;0200;39;;;
250812;0300;38;;;
250812;0400;30;;;
250812;0500;26;;;
250812;0600;29;;;
250812;0700;35;;;
250812;0800;39;;;
250812;0900;44;;;
250812;1000;43;;;
250812;1100;44;;;
250812;1200;35;;;
250812;1300;30;;;
250812;1400;27;;;
250812;1500;31;;;
250812;1600;41;;;
250812;1700;30;;;
250812;1800;36;;;
250812;1900;29;;;
250812;2000;29;;;
250812;2100;26;;;
250812;2200;35;;;
250812;2300;48;;;
250813;0000;62;;;
250813;0100;61;;;
250813;0200;60;;;
250813;0300;57;;;
250813;0400;59;;;
250813;0500;54;;;
250813;0600;49;;;
250813;0700;44;;;
250813;0800;47;;;
250813;0900;38;;;
250813;1000;47;;;
250813;1100;54;;;
250813;1200;39;;;
250813;1300;42;;;
250813;1400;25;;;
250813;1500;36;;;
250813;1600;47;;;
250813;1700;45;;;
250813;1800;51;;;
250813;1900;49;;;
250813;2000;23;;;
250813;2100;24;;;
250813;2200;35;;;
250813;2300;55;;;
250814;0000;57;;;
250814;0100;56;;;
250814;0200;36;;;
250814;0300;31;;;
250814;0400;37;;;
250814;0500;39;;;
250814;0600;40;;;
250814;0700;44;;;
250814;0800;47;;;
250814;0900;68;;;
250814;1000;57;;;
250814;1100;34;;;
250814;1200;28;;;
250814;1300;27;;;
250814;1400;22;;;
250814;1500;21;;;
250814;1600;25;;;
250814;1700;23;;;
250814;1800;21;;;
250814;1900;21;;;
250814;2000;13;;;
250814;2100;18;;;
250814;2200;19;;;
250814;2300;23;;;
250815;0000;16;;;
250815;0100;16;;;
250815;0200;6;;;
250815;0300;5;;;
250815;0400;5;;;
250815;0500;5;;;
250815;0600;6;;;
250815;0700;5;;;
250815;0800;5;;;
250815;0900;7;;;
250815;1000;8;;;
250815;1100;4;;;
250815;1200;2;;;
250815;1300;4;;;
250815;1400;4;;;
250815;1500;6;;;
250815;1600;12;;;
250815;1700;12;;;
250815;1800;10;;;
250815;1900;8;;;
250815;2000;8;;;
250815;2100;19;;;
250815;2200;22;;;
250815;2300;16;;;
250816;0000;11;;;
250816;0100;11;;;
250816;0200;10;;;
250816;0300;21;;;
250816;0400;15;;;
250816;0500;27;;;
250816;0600;34;;;
250816;0700;25;;;
250816;0800;24;;;
250816;0900;25;;;
250816;1000;17;;;
250816;1100;22;;;
250816;1200;16;;;
250816;1300;19;;;
250816;1400;14;;;
250816;1500;12;;;
250816;1600;15;;;
250816;1700;14;;;
250816;1800;14;;;
250816;1900;11;;;
250816;2000;13;;;
250816;2100;14;;;
250816;2200;9;;;
250816;2300;23;;;
250817;0000;21;;;
250817;0100;28;;;
250817;0200;42;;;
250817;0300;39;;;
250817;0400;45;;;
250817;0500;61;;;
250817;0600;50;;;
250817;0700;54;;;
250817;0800;24;;;
250817;0900;9;;;
250817;1000;13;;;
250817;1100;9;;;
250817;1200;5;;;
250817;1300;12;;;
250817;1400;10;;;
250817;1500;13;;;
250817;1600;19;;;
250817;1700;15;;;
250817;1800;21;;;
250817;1900;22;;;
250817;2000;30;;;
250817;2100;33;;;
250817;2200;40;;;
250817;2300;42;;;
250818;0000;36;;;
250818;0100;36;;;
250818;0200;45;;;
250818;0300;58;;;
250818;0400;59;;;
250818;0500;43;;;
250818;0600;52;;;
250818;0700;41;;;
250818;0800;45;;;
250818;0900;39;;;
250818;1000;36;;;
250818;1100;26;;;
250818;1200;27;;;
250818;1300;18;;;
250818;1400;8;;;
250818;1500;5;;;
250818;1600;4;;;
250818;1700;6;;;
250818;1800;21;;;
250818;1900;15;;;
250818;2000;12;;;
250818;2100;18;;;
250818;2200;19;;;
250818;2300;20;;;
250819;0000;20;;;
250819;0100;11;;;
250819;0200;16;;;
250819;0300;17;;;
250819;0400;11;;;
250819;0500;12;;;
250819;0600;24;;;
250819;0700;20;;;
250819;0800;35;;;
250819;0900;23;;;
250819;1000;25;;;
250819;1100;25;;;
250819;1200;20;;;
250819;1300;20;;;
250819;1400;14;;;
250819;1500;11;;;
250819;1600;12;;;
250819;1700;9;;;
250819;1800;13;;;
250819;1900;8;;;
250819;2000;6;;;
250819;2100;17;;;
250819;2200;11;;;
250819;2300;9;;;
250820;0000;9;;;
250820;0100;15;;;
250820;0200;21;;;
250820;0300;22;;;
250820;0400;23;;;
250820;0500;26;;;
250820;0600;33;;;
250820;0700;42;;;
250820;0800;33;;;
250820;0900;25;;;
250820;1000;26;;;
250820;1100;23;;;
250820;1200;22;;;
250820;1300;19;;;
250820;1400;16;;;
250820;1500;18;;;
250820;1600;10;;;
250820;1700;13;;;
250820;1800;13;;;
250820;1900;14;;;
250820;2000;19;;;
250820;2100;9;;;
250820;2200;10;;;
250820;2300;9;;;
250821;0000;7;;;
250821;0100;6;;;
250821;0200;7;;;
250821;0300;8;;;
250821;0400;13;;;
250821;0500;14;;;
250821;0600;12;;;
250821;0700;16;;;
250821;0800;18;;;
250821;0900;5;;;
250821;1000;2;;;
250821;1100;2;;;
250821;1200;4;;;
250821;1300;3;;;
250821;1400;4;;;
250821;1500;4;;;
250821;1600;6;;;
250821;1700;5;;;
250821;1800;2;;;
250821;1900;2;;;
250821;2000;5;;;
250821;2100;5;;;
250821;2200;4;;;
250821;2300;4;;;
250822;0000;2;;;
250822;0100;2;;;
250822;0200;3;;;
250822;0300;3;;;
250822;0400;4;;;
250822;0500;6;;;
250822;0600;8;;;
250822;0700;6;;;
250822;0800;6;;;
250822;0900;6;;;
250822;1000;3;;;
250822;1100;2;;;
250822;1200;3;;;
250822;1300;4;;;
250822;1400;5;;;
250822;1500;7;;;
250822;1600;9;;;
250822;1700;7;;;
250822;1800;6;;;
250822;1900;4;;;
250822;2000;4;;;
250822;2100;9;;;
250822;2200;12;;;
250822;2300;23;;;
250823;0000;27;;;
250823;0100;27;;;
250823;0200;39;;;
250823;0300;35;;;
250823;0400;30;;;
250823;0500;25;;;
250823;0600;17;;;
250823;0700;21;;;
250823;0800;21;;;
250823;0900;21;;;
250823;1000;17;;;
250823;1100;11;;;
250823;1200;12;;;
250823;1300;9;;;
250823;1400;6;;;
250823;1500;3;;;
250823;1600;5;;;
250823;1700;5;;;
250823;1800;13;;;
250823;1900;13;;;
250823;2000;32;;;
250823;2100;30;;;
250823;2200;55;;;
250823;2300;72;;;
250824;0000;78;;;
250824;0100;67;;;
250824;0200;63;;;
250824;0300;54;;;
250824;0400;66;;;
250824;0500;48;;;
250824;0600;47;;;
250824;0700;45;;;
250824;0800;48;;;
250824;0900;30;;;
250824;1000;22;;;
250824;1100;20;;;
250824;1200;16;;;
250824;1300;12;;;
250824;1400;24;;;
250824;1500;15;;;
250824;1600;10;;;
250824;1700;7;;;
250824;1800;6;;;
250824;1900;10;;;
250824;2000;12;;;
250824;2100;26;;;
250824;2200;41;;;
250824;2300;47;;;
250825;0000;44;;;
250825;0100;42;;;
250825;0200;38;;;
250825;0300;25;;;
250825;0400;26;;;
250825;0500;21;;;
250825;0600;19;;;
250825;0700;31;;;
250825;0800;33;;;
250825;0900;33;;;
250825;1000;17;;;
250825;1100;17;;;
250825;1200;21;;;
250825;1300;17;;;
250825;1400;27;;;
250825;1500;23;;;
250825;1600;19;;;
250825;1700;16;;;
250825;1800;21;;;
250825;1900;26;;;
250825;2000;23;;;
250825;2100;50;;;
250825;2200;53;;;
250825;2300;49;;;
250826;0000;55;;;
250826;0100;42;;;
250826;0200;36;;;
250826;0300;32;;;
250826;0400;31;;;
250826;0500;27;;;
250826;0600;31;;;
250826;0700;42;;;
250826;0800;41;;;
250826;0900;44;;;
250826;1000;52;;;
250826;1100;39;;;
250826;1200;54;;;
250826;1300;24;;;
250826;1400;30;;;
250826;1500;28;;;
250826;1600;30;;;
250826;1700;24;;;
250826;1800;27;;;
250826;1900;47;;;
250826;2000;35;;;
250826;2100;23;;;
250826;2200;47;;;
250826;2300;59;;;
250827;0000;50;;;
250827;0100;62;;;
250827;0200;49;;;
250827;0300;61;;;
250827;0400;57;;;
250827;0500;57;;;
250827;0600;47;;;
250827;0700;56;;;
250827;0800;64;;;
250827;0900;44;;;
250827;1000;55;;;
250827;1100;56;;;
250827;1200;38;;;
250827;1300;37;;;
250827;1400;38;;;
250827;1500;26;;;
250827;1600;25;;;
250827;1700;25;;;
250827;1800;31;;;
250827;1900;24;;;
250827;2000;32;;;
250827;2100;22;;;
250827;2200;25;;;
250827;2300;15;;;
250828;0000;24;;;
250828;0100;21;;;
250828;0200;20;;;
250828;0300;22;;;
250828;0400;26;;;
250828;0500;23;;;
250828;0600;24;;;
250828;0700;20;;;
250828;0800;28;;;
250828;0900;31;;;
250828;1000;35;;;
250828;1100;49;;;
250828;1200;40;;;
250828;1300;36;;;
250828;1400;33;;;
250828;1500;28;;;
250828;1600;25;;;
250828;1700;22;;;
250828;1800;20;;;
250828;1900;22;;;
250828;2000;17;;;
250828;2100;22;;;
250828;2200;19;;;
250828;2300;19;;;
250829;0000;21;;;
250829;0100;16;;;
250829;0200;12;;;
250829;0300;14;;;
250829;0400;17;;;
250829;0500;16;;;
250829;0600;15;;;
250829;0700;18;;;
250829;0800;13;;;
250829;0900;16;;;
250829;1000;18;;;
250829;1100;15;;;
250829;1200;15;;;
250829;1300;12;;;
250829;1400;11;;;
250829;1500;12;;;
250829;1600;10;;;
250829;1700;10;;;
250829;1800;11;;;
250829;1900;10;;;
250829;2000;11;;;
250829;2100;9;;;
250829;2200;13;;;
250829;2300;13;;;
250830;0000;10;;;
250830;0100;7;;;
250830;0200;13;;;
250830;0300;15;;;
250830;0400;13;;;
250830;0500;14;;;
250830;0600;19;;;
250830;0700;19;;;
250830;0800;19;;;
250830;0900;24;;;
250830;1000;21;;;
250830;1100;18;;;
250830;1200;22;;;
250830;1300;13;;;
250830;1400;15;;;
250830;1500;8;;;
250830;1600;10;;;
250830;1700;16;;;
250830;1800;22;;;
250830;1900;25;;;
250830;2000;28;;;
250830;2100;31;;;
250830;2200;31;;;
250830;2300;33;;;
250831;0000;37;;;
250831;0100;37;;;
250831;0200;35;;;
250831;0300;33;;;
250831;0400;32;;;
250831;0500;31;;;
250831;0600;29;;;
250831;0700;26;;;
250831;0800;34;;;
250831;0900;34;;;
250831;1000;32;;;
250831;1100;25;;;
250831;1200;17;;;
250831;1300;10;;;
250831;1400;12;;;
250831;1500;16;;;
250831;1600;23;;;
250831;1700;33;;;
250831;1800;33;;;
250831;1900;48;;;
250831;2000;41;;;
250831;2100;46;;;
250831;2200;51;;;
250831;2300;50;;;
250901;0000;46;;;
250901;0100;54;;;
250901;0200;56;;;
250901;0300;55;;;
250901;0400;61;;;
250901;0500;51;;;
250901;0600;67;;;
250901;0700;58;;;
250901;0800;44;;;
250901;0900;35;;;
250901;1000;22;;;
250901;1100;23;;;
250901;1200;22;;;
250901;1300;18;;;
250901;1400;26;;;
250901;1500;24;;;
250901;1600;24;;;
250901;1700;11;;;
250901;1800;17;;;
250901;1900;16;;;
250901;2000;19;;;
250901;2100;18;;;
250901;2200;15;;;
250901;2300;30;;;
250902;0000;22;;;
250902;0100;16;;;
250902;0200;11;;;
250902;0300;7;;;
250902;0400;8;;;
250902;0500;9;;;
250902;0600;7;;;
250902;0700;8;;;
250902;0800;14;;;
250902;0900;16;;;
250902;1000;23;;;
250902;1100;17;;;
250902;1200;13;;;
250902;1300;15;;;
250902;1400;17;;;
250902;1500;16;;;
250902;1600;15;;;
250902;1700;18;;;
250902;1800;20;;;
250902;1900;26;;;
250902;2000;22;;;
250902;2100;18;;;
250902;2200;13;;;
250902;2300;8;;;
250903;0000;12;;;
250903;0100;17;;;
250903;0200;11;;;
250903;0300;25;;;
250903;0400;17;;;
250903;0500;16;;;
250903;0600;12;;;
250903;0700;18;;;
250903;0800;20;;;
250903;0900;22;;;
250903;1000;26;;;
250903;1100;26;;;
250903;1200;29;;;
250903;1300;25;;;
250903;1400;25;;;
250903;1500;15;;;
250903;1600;17;;;
250903;1700;13;;;
250903;1800;10;;;
250903;1900;14;;;
250903;2000;15;;;
250903;2100;15;;;
250903;2200;26;;;
250903;2300;29;;;
250904;0000;27;;;
250904;0100;30;;;
250904;0200;39;;;
250904;0300;44;;;
250904;0400;37;;;
250904;0500;61;;;
250904;0600;44;;;
250904;0700;46;;;
250904;0800;41;;;
250904;0900;42;;;
250904;1000;40;;;
250904;1100;35;;;
250904;1200;38;;;
250904;1300;38;;;
250904;1400;30;;;
250904;1500;23;;;
250904;1600;21;;;
250904;1700;20;;;
250904;1800;18;;;
250904;1900;21;;;
250904;2000;20;;;
250904;2100;19;;;
250904;2200;18;;;
250904;2300;22;;;
250905;0000;22;;;
250905;0100;21;;;
250905;0200;25;;;
250905;0300;44;;;
250905;0400;39;;;
250905;0500;43;;;
250905;0600;53;;;
250905;0700;45;;;
250905;0800;36;;;
250905;0900;26;;;
250905;1000;28;;;
250905;1100;30;;;
250905;1200;33;;;
250905;1300;39;;;
250905;1400;28;;;
250905;1500;24;;;
250905;1600;20;;;
250905;1700;25;;;
250905;1800;23;;;
250905;1900;22;;;
250905;2000;19;;;
250905;2100;32;;;
250905;2200;28;;;
250905;2300;23;;;
250906;0000;29;;;
250906;0100;31;;;
250906;0200;19;;;
250906;0300;14;;;
250906;0400;13;;;
250906;0500;15;;;
250906;0600;16;;;
250906;0700;21;;;
250906;0800;17;;;
250906;0900;24;;;
250906;1000;24;;;
250906;1100;27;;;
250906;1200;27;;;
250906;1300;20;;;
250906;1400;29;;;
250906;1500;23;;;
250906;1600;24;;;
250906;1700;27;;;
250906;1800;27;;;
250906;1900;26;;;
250906;2000;37;;;
250906;2100;35;;;
250906;2200;33;;;
250906;2300;44;;;
250907;0000;39;;;
250907;0100;39;;;
250907;0200;23;;;
250907;0300;26;;;
250907;0400;18;;;
250907;0500;14;;;
250907;0600;18;;;
250907;0700;12;;;
250907;0800;11;;;
250907;0900;12;;;
250907;1000;13;;;
250907;1100;11;;;
250907;1200;13;;;
250907;1300;17;;;
250907;1400;17;;;
250907;1500;20;;;
250907;1600;18;;;
250907;1700;13;;;
250907;1800;11;;;
250907;1900;14;;;
250907;2000;20;;;
250907;2100;11;;;
250907;2200;16;;;
250907;2300;13;;;
250908;0000;10;;;
250908;0100;11;;;
250908;0200;8;;;
250908;0300;6;;;
250908;0400;7;;;
250908;0500;17;;;
250908;0600;18;;;
250908;0700;26;;;
250908;0800;30;;;
250908;0900;19;;;
250908;1000;19;;;
250908;1100;13;;;
250908;1200;17;;;
250908;1300;15;;;
250908;1400;12;;;
250908;1500;14;;;
250908;1600;11;;;
250908;1700;14;;;
250908;1800;10;;;
250908;1900;11;;;
250908;2000;18;;;
250908;2100;7;;;
250908;2200;11;;;
250908;2300;11;;;
250909;0000;8;;;
250909;0100;9;;;
250909;0200;11;;;
250909;0300;19;;;
250909;0400;18;;;
250909;0500;20;;;
250909;0600;31;;;
250909;0700;52;;;
250909;0800;33;;;
250909;0900;39;;;
250909;1000;36;;;
250909;1100;29;;;
250909;1200;21;;;
250909;1300;17;;;
250909;1400;12;;;
250909;1500;7;;;
250909;1600;7;;;
250909;1700;7;;;
250909;1800;8;;;
250909;1900;8;;;
250909;2000;10;;;
250909;2100;7;;;
250909;2200;5;;;
250909;2300;4;;;
250910;0000;10;;;
250910;0100;18;;;
250910;0200;8;;;
250910;0300;9;;;
250910;0400;19;;;
250910;0500;16;;;
250910;0600;21;;;
250910;0700;36;;;
250910;0800;22;;;
250910;0900;14;;;
250910;1000;16;;;
250910;1100;13;;;
250910;1200;9;;;
250910;1300;8;;;
250910;1400;9;;;
250910;1500;13;;;
250910;1600;15;;;
250910;1700;11;;;
250910;1800;12;;;
250910;1900;18;;;
250910;2000;9;;;
250910;2100;17;;;
250910;2200;26;;;
250910;2300;39;;;
250911;0000;39;;;
250911;0100;27;;;
250911;0200;19;;;
250911;0300;20;;;
250911;0400;25;;;
250911;0500;33;;;
250911;0600;44;;;
250911;0700;39;;;
250911;0800;25;;;
250911;0900;24;;;
250911;1000;27;;;
250911;1100;24;;;
250911;1200;31;;;
250911;1300;10;;;
250911;1400;13;;;
250911;1500;15;;;
250911;1600;18;;;
250911;1700;10;;;
250911;1800;11;;;
250911;1900;23;;;
250911;2000;57;;;
250911;2100;15;;;
250911;2200;20;;;
250911;2300;21;;;
250912;0000;37;;;
250912;0100;48;;;
250912;0200;53;;;
250912;0300;46;;;
250912;0400;49;;;
250912;0500;55;;;
250912;0600;61;;;
250912;0700;44;;;
250912;0800;35;;;
250912;0900;49;;;
250912;1000;;;;
250912;1100;22;;;
250912;1200;22;;;
250912;1300;12;;;
250912;1400;18;;;
250912;1500;16;;;
250912;1600;12;;;
250912;1700;13;;;
250912;1800;13;;;
250912;1900;14;;;
250912;2000;9;;;
250912;2100;6;;;
250912;2200;6;;;
250912;2300;5;;;
250913;0000;8;;;
250913;0100;5;;;
250913;0200;5;;;
250913;0300;4;;;
250913;0400;5;;;
250913;0500;6;;;
250913;0600;12;;;
250913;0700;12;;;
250913;0800;15;;;
250913;0900;20;;;
250913;1000;24;;;
250913;1100;22;;;
250913;1200;18;;;
250913;1300;16;;;
250913;1400;12;;;
250913;1500;14;;;
250913;1600;10;;;
250913;1700;8;;;
250913;1800;13;;;
250913;1900;9;;;
250913;2000;10;;;
250913;2100;11;;;
250913;2200;13;;;
250913;2300;13;;;
250914;0000;12;;;
250914;0100;12;;;
250914;0200;11;;;
250914;0300;8;;;
250914;0400;17;;;
250914;0500;14;;;
250914;0600;8;;;
250914;0700;17;;;
250914;0800;19;;;
250914;0900;15;;;
250914;1000;19;;;
250914;1100;19;;;
250914;1200;11;;;
250914;1300;10;;;
250914;1400;10;;;
250914;1500;11;;;
250914;1600;8;;;
250914;1700;8;;;
250914;1800;10;;;
250914;1900;9;;;
250914;2000;7;;;
250914;2100;11;;;
250914;2200;11;;;
250914;2300;21;;;
250915;0000;19;;;
250915;0100;24;;;
250915;0200;12;;;
250915;0300;18;;;
250915;0400;32;;;
250915;0500;34;;;
250915;0600;32;;;
250915;0700;32;;;
250915;0800;30;;;
250915;0900;23;;;
250915;1000;22;;;
250915;1100;22;;;
250915;1200;26;;;
250915;1300;19;;;
250915;1400;13;;;
250915;1500;14;;;
250915;1600;10;;;
250915;1700;18;;;
250915;1800;16;;;
250915;1900;11;;;
250915;2000;17;;;
250915;2100;17;;;
250915;2200;12;;;
250915;2300;17;;;
250916;0000;23;;;
250916;0100;31;;;
250916;0200;32;;;
250916;0300;29;;;
250916;0400;24;;;
250916;0500;24;;;
250916;0600;29;;;
250916;0700;36;;;
250916;0800;19;;;
250916;0900;24;;;
250916;1000;35;;;
250916;1100;29;;;
250916;1200;25;;;
250916;1300;19;;;
250916;1400;22;;;
250916;1500;20;;;
250916;1600;13;;;
250916;1700;11;;;
250916;1800;14;;;
250916;1900;13;;;
250916;2000;19;;;
250916;2100;8;;;
250916;2200;7;;;
250916;2300;8;;;
250917;0000;10;;;
250917;0100;11;;;
250917;0200;14;;;
250917;0300;14;;;
250917;0400;17;;;
250917;0500;15;;;
250917;0600;15;;;
250917;0700;20;;;
250917;0800;25;;;
250917;0900;22;;;
250917;1000;32;;;
250917;1100;24;;;
250917;1200;24;;;
250917;1300;23;;;
250917;1400;28;;;
250917;1500;29;;;
250917;1600;23;;;
250917;1700;22;;;
250917;1800;13;;;
250917;1900;11;;;
250917;2000;18;;;
250917;2100;18;;;
250917;2200;13;;;
250917;2300;17;;;
250918;0000;24;;;
250918;0100;14;;;
250918;0200;9;;;
250918;0300;10;;;
250918;0400;14;;;
250918;0500;12;;;
250918;0600;24;;;
250918;0700;26;;;
250918;0800;36;;;
250918;0900;27;;;
250918;1000;34;;;
250918;1100;42;;;
250918;1200;42;;;
250918;1300;28;;;
250918;1400;20;;;
250918;1500;4;;;
250918;1600;4;;;
250918;1700;5;;;
250918;1800;7;;;
250918;1900;10;;;
250918;2000;7;;;
250918;2100;6;;;
250918;2200;31;;;
250918;2300;26;;;
250919;0000;18;;;
250919;0100;7;;;
250919;0200;15;;;
250919;0300;14;;;
250919;0400;30;;;
250919;0500;30;;;
250919;0600;25;;;
250919;0700;31;;;
250919;0800;20;;;
250919;0900;17;;;
250919;1000;12;;;
250919;1100;16;;;
250919;1200;15;;;
250919;1300;6;;;
250919;1400;7;;;
250919;1500;10;;;
250919;1600;7;;;
250919;1700;4;;;
250919;1800;7;;;
250919;1900;4;;;
250919;2000;2;;;
250919;2100;5;;;
250919;2200;7;;;
250919;2300;6;;;
250920;0000;4;;;
250920;0100;5;;;
250920;0200;6;;;
250920;0300;8;;;
250920;0400;10;;;
250920;0500;12;;;
250920;0600;9;;;
250920;0700;9;;;
250920;0800;7;;;
250920;0900;7;;;
250920;1000;6;;;
250920;1100;6;;;
250920;1200;4;;;
250920;1300;4;;;
250920;1400;6;;;
250920;1500;5;;;
250920;1600;3;;;
250920;1700;3;;;
250920;1800;4;;;
250920;1900;2;;;
250920;2000;5;;;
250920;2100;6;;;
250920;2200;4;;;
250920;2300;4;;;
250921;0000;6;;;
250921;0100;5;;;
250921;0200;6;;;
250921;0300;4;;;
250921;0400;4;;;
250921;0500;6;;;
250921;0600;4;;;
250921;0700;1;;;
250921;0800;1;;;
250921;0900;1;;;
250921;1000;1;;;
250921;1100;1;;;
250921;1200;1;;;
250921;1300;1;;;
250921;1400;6;;;
250921;1500;2;;;
250921;1600;1;;;
250921;1700;1;;;
250921;1800;1;;;
250921;1900;3;;;
250921;2000;7;;;
250921;2100;8;;;
250921;2200;6;;;
250921;2300;7;;;
250922;0000;10;;;
250922;0100;13;;;
250922;0200;14;;;
250922;0300;11;;;
250922;0400;9;;;
250922;0500;20;;;
250922;0600;30;;;
250922;0700;25;;;
250922;0800;23;;;
250922;0900;21;;;
250922;1000;17;;;
250922;1100;11;;;
250922;1200;11;;;
250922;1300;14;;;
250922;1400;12;;;
250922;1500;7;;;
250922;1600;3;;;
250922;1700;3;;;
250922;1800;3;;;
250922;1900;8;;;
250922;2000;13;;;
250922;2100;11;;;
250922;2200;20;;;
250922;2300;20;;;
250923;0000;24;;;
250923;0100;27;;;
250923;0200;21;;;
250923;0300;20;;;
250923;0400;25;;;
250923;0500;22;;;
250923;0600;24;;;
250923;0700;33;;;
250923;0800;31;;;
250923;0900;24;;;
250923;1000;22;;;
250923;1100;18;;;
250923;1200;22;;;
250923;1300;11;;;
250923;1400;12;;;
250923;1500;11;;;
250923;1600;12;;;
250923;1700;7;;;
250923;1800;6;;;
250923;1900;9;;;
250923;2000;8;;;
250923;2100;15;;;
250923;2200;20;;;
250923;2300;23;;;
250924;0000;29;;;
250924;0100;39;;;
250924;0200;28;;;
250924;0300;26;;;
250924;0400;31;;;
250924;0500;30;;;
250924;0600;35;;;
250924;0700;30;;;
250924;0800;40;;;
250924;0900;39;;;
250924;1000;32;;;
250924;1100;20;;;
250924;1200;13;;;
250924;1300;16;;;
250924;1400;15;;;
250924;1500;10;;;
250924;1600;10;;;
250924;1700;6;;;
250924;1800;8;;;
250924;1900;7;;;
250924;2000;12;;;
250924;2100;14;;;
250924;2200;17;;;
250924;2300;20;;;
250925;0000;22;;;
250925;0100;26;;;
250925;0200;21;;;
250925;0300;27;;;
250925;0400;32;;;
250925;0500;36;;;
250925;0600;26;;;
250925;0700;33;;;
250925;0800;22;;;
250925;0900;16;;;
250925;1000;14;;;
250925;1100;14;;;
250925;1200;19;;;
250925;1300;13;;;
250925;1400;11;;;
250925;1500;14;;;
250925;1600;10;;;
250925;1700;12;;;
250925;1800;10;;;
250925;1900;8;;;
250925;2000;8;;;
250925;2100;7;;;
250925;2200;6;;;
250925;2300;6;;;
250926;0000;8;;;
250926;0100;8;;;
250926;0200;6;;;
250926;0300;8;;;
250926;0400;13;;;
250926;0500;11;;;
250926;0600;7;;;
250926;0700;8;;;
250926;0800;13;;;
250926;0900;10;;;
250926;1000;15;;;
250926;1100;10;;;
250926;1200;5;;;
250926;1300;5;;;
250926;1400;5;;;
250926;1500;4;;;
250926;1600;4;;;
250926;1700;2;;;
250926;1800;7;;;
250926;1900;16;;;
250926;2000;25;;;
250926;2100;33;;;
250926;2200;39;;;
250926;2300;48;;;
250927;0000;37;;;
250927;0100;44;;;
250927;0200;24;;;
250927;0300;28;;;
250927;0400;27;;;
250927;0500;27;;;
250927;0600;24;;;
250927;0700;30;;;
250927;0800;27;;;
250927;0900;13;;;
250927;1000;9;;;
250927;1100;13;;;
250927;1200;13;;;
250927;1300;10;;;
250927;1400;8;;;
250927;1500;4;;;
250927;1600;1;;;
250927;1700;1;;;
250927;1800;8;;;
250927;1900;12;;;
250927;2000;29;;;
250927;2100;31;;;
250927;2200;48;;;
250927;2300;39;;;
250928;0000;29;;;
250928;0100;29;;;
250928;0200;24;;;
250928;0300;22;;;
250928;0400;23;;;
250928;0500;40;;;
250928;0600;38;;;
250928;0700;27;;;
250928;0800;19;;;
250928;0900;22;;;
250928;1000;10;;;
250928;1100;12;;;
250928;1200;18;;;
250928;1300;6;;;
250928;1400;7;;;
250928;1500;9;;;
250928;1600;9;;;
250928;1700;11;;;
250928;1800;7;;;
250928;1900;5;;;
250928;2000;8;;;
250928;2100;7;;;
250928;2200;4;;;
250928;2300;4;;;
250929;0000;7;;;
250929;0100;7;;;
250929;0200;7;;;
250929;0300;5;;;
250929;0400;3;;;
250929;0500;5;;;
250929;0600;8;;;
250929;0700;14;;;
250929;0800;10;;;
250929;0900;7;;;
250929;1000;9;;;
250929;1100;8;;;
250929;1200;8;;;
250929;1300;14;;;
250929;1400;11;;;
250929;1500;12;;;
250929;1600;9;;;
250929;1700;9;;;
250929;1800;6;;;
250929;1900;7;;;
250929;2000;10;;;
250929;2100;9;;;
250929;2200;13;;;
250929;2300;14;;;
250930;0000;12;;;
250930;0100;13;;;
250930;0200;11;;;
250930;0300;7;;;
250930;0400;14;;;
250930;0500;14;;;
250930;0600;19;;;
250930;0700;24;;;
250930;0800;20;;;
250930;0900;23;;;
250930;1000;17;;;
250930;1100;18;;;
250930;1200;23;;;
250930;1300;10;;;
250930;1400;5;;;
250930;1500;2;;;
250930;1600;6;;;
250930;1700;8;;;
250930;1800;9;;;
250930;1900;9;;;
250930;2000;11;;;
250930;2100;11;;;
250930;2200;16;;;
250930;2300;14;;;
251001;0000;18;;;
251001;0100;24;;;
251001;0200;23;;;
251001;0300;28;;;
251001;0400;30;;;
251001;0500;34;;;
251001;0600;41;;;
251001;0700;31;;;
251001;0800;23;;;
251001;0900;25;;;
251001;1000;27;;;
251001;1100;23;;;
251001;1200;20;;;
251001;1300;17;;;
251001;1400;10;;;
251001;1500;10;;;
251001;1600;8;;;
251001;1700;8;;;
251001;1800;13;;;
251001;1900;13;;;
251001;2000;16;;;
251001;2100;12;;;
251001;2200;14;;;
251001;2300;19;;;
251002;0000;21;;;
251002;0100;21;;;
251002;0200;19;;;
251002;0300;21;;;
251002;0400;22;;;
251002;0500;25;;;
251002;0600;28;;;
251002;0700;31;;;
251002;0800;27;;;
251002;0900;37;;;
251002;1000;23;;;
251002;1100;19;;;
251002;1200;24;;;
251002;1300;25;;;
251002;1400;16;;;
251002;1500;12;;;
251002;1600;14;;;
251002;1700;15;;;
251002;1800;13;;;
251002;1900;15;;;
251002;2000;13;;;
251002;2100;17;;;
251002;2200;11;;;
251002;2300;12;;;
251003;0000;11;;;
251003;0100;27;;;
251003;0200;27;;;
251003;0300;54;;;
251003;0400;42;;;
251003;0500;40;;;
251003;0600;33;;;
251003;0700;37;;;
251003;0800;30;;;
251003;0900;17;;;
251003;1000;9;;;
251003;1100;21;;;
251003;1200;19;;;
251003;1300;14;;;
251003;1400;15;;;
251003;1500;23;;;
251003;1600;16;;;
251003;1700;10;;;
251003;1800;9;;;
251003;1900;6;;;
251003;2000;6;;;
251003;2100;5;;;
251003;2200;4;;;
251003;2300;6;;;
251004;0000;5;;;
251004;0100;4;;;
251004;0200;3;;;
251004;0300;4;;;
251004;0400;1;;;
251004;0500;1;;;
251004;0600;3;;;
251004;0700;5;;;
251004;0800;5;;;
251004;0900;5;;;
251004;1000;8;;;
251004;1100;6;;;
251004;1200;4;;;
251004;1300;2;;;
251004;1400;1;;;
251004;1500;1;;;
251004;1600;6;;;
251004;1700;7;;;
251004;1800;7;;;
251004;1900;4;;;
251004;2000;4;;;
251004;2100;2;;;
251004;2200;8;;;
251004;2300;5;;;
251005;0000;8;;;
251005;0100;6;;;
251005;0200;4;;;
251005;0300;2;;;
251005;0400;1;;;
251005;0500;1;;;
251005;0600;1;;;
251005;0700;2;;;
251005;0800;2;;;
251005;0900;1;;;
251005;1000;3;;;
251005;1100;3;;;
251005;1200;1;;;
251005;1300;1;;;
251005;1400;3;;;
251005;1500;1;;;
251005;1600;1;;;
251005;1700;4;;;
251005;1800;7;;;
251005;1900;6;;;
251005;2000;4;;;
251005;2100;4;;;
251005;2200;6;;;
251005;2300;5;;;
251006;0000;11;;;
251006;0100;13;;;
251006;0200;7;;;
251006;0300;4;;;
251006;0400;14;;;
251006;0500;14;;;
251006;0600;15;;;
251006;0700;18;;;
251006;0800;10;;;
251006;0900;17;;;
251006;1000;9;;;
251006;1100;12;;;
251006;1200;9;;;
251006;1300;5;;;
251006;1400;5;;;
251006;1500;4;;;
251006;1600;2;;;
251006;1700;5;;;
251006;1800;6;;;
251006;1900;9;;;
251006;2000;8;;;
251006;2100;6;;;
251006;2200;7;;;
251006;2300;11;;;
251007;0000;18;;;
251007;0100;19;;;
251007;0200;19;;;
251007;0300;15;;;
251007;0400;14;;;
251007;0500;19;;;
251007;0600;34;;;
251007;0700;24;;;
251007;0800;21;;;
251007;0900;19;;;
251007;1000;15;;;
251007;1100;6;;;
251007;1200;4;;;
251007;1300;7;;;
251007;1400;10;;;
251007;1500;12;;;
251007;1600;10;;;
251007;1700;13;;;
251007;1800;11;;;
251007;1900;10;;;
251007;2000;7;;;
251007;2100;7;;;
251007;2200;9;;;
251007;2300;10;;;
251008;0000;15;;;
251008;0100;19;;;
251008;0200;19;;;
251008;0300;14;;;
251008;0400;25;;;
251008;0500;21;;;
251008;0600;29;;;
251008;0700;17;;;
251008;0800;13;;;
251008;0900;16;;;
251008;1000;8;;;
251008;1100;10;;;
251008;1200;17;;;
251008;1300;15;;;
251008;1400;16;;;
251008;1500;12;;;
251008;1600;13;;;
251008;1700;11;;;
251008;1800;12;;;
251008;1900;10;;;
251008;2000;17;;;
251008;2100;18;;;
251008;2200;15;;;
251008;2300;17;;;
251009;0000;11;;;
251009;0100;18;;;
251009;0200;26;;;
251009;0300;24;;;
251009;0400;26;;;
251009;0500;30;;;
251009;0600;33;;;
251009;0700;39;;;
251009;0800;24;;;
251009;0900;21;;;
251009;1000;22;;;
251009;1100;21;;;
251009;1200;22;;;
251009;1300;13;;;
251009;1400;14;;;
251009;1500;17;;;
251009;1600;18;;;
251009;1700;10;;;
251009;1800;9;;;
251009;1900;9;;;
251009;2000;13;;;
251009;2100;14;;;
251009;2200;15;;;
251009;2300;14;;;
251010;0000;14;;;
251010;0100;22;;;
251010;0200;21;;;
251010;0300;22;;;
251010;0400;26;;;
251010;0500;29;;;
251010;0600;35;;;
251010;0700;46;;;
251010;0800;24;;;
251010;0900;16;;;
251010;1000;12;;;
251010;1100;16;;;
251010;1200;10;;;
251010;1300;16;;;
251010;1400;19;;;
251010;1500;10;;;
251010;1600;9;;;
251010;1700;7;;;
251010;1800;7;;;
251010;1900;5;;;
251010;2000;5;;;
251010;2100;4;;;
251010;2200;6;;;
251010;2300;4;;;
251011;0000;3;;;
251011;0100;4;;;
251011;0200;4;;;
251011;0300;3;;;
251011;0400;4;;;
251011;0500;9;;;
251011;0600;6;;;
251011;0700;6;;;
251011;0800;10;;;
251011;0900;11;;;
251011;1000;9;;;
251011;1100;6;;;
251011;1200;7;;;
251011;1300;5;;;
251011;1400;3;;;
251011;1500;5;;;
251011;1600;6;;;
251011;1700;8;;;
251011;1800;6;;;
251011;1900;5;;;
251011;2000;3;;;
251011;2100;1;;;
251011;2200;7;;;
251011;2300;7;;;
251012;0000;6;;;
251012;0100;15;;;
251012;0200;12;;;
251012;0300;13;;;
251012;0400;9;;;
251012;0500;7;;;
251012;0600;9;;;
251012;0700;11;;;
251012;0800;11;;;
251012;0900;13;;;
251012;1000;9;;;
251012;1100;5;;;
251012;1200;12;;;
251012;1300;9;;;
251012;1400;6;;;
251012;1500;4;;;
251012;1600;6;;;
251012;1700;7;;;
251012;1800;6;;;
251012;1900;5;;;
251012;2000;5;;;
251012;2100;7;;;
251012;2200;5;;;
251012;2300;4;;;
251013;0000;9;;;
251013;0100;10;;;
251013;0200;8;;;
251013;0300;11;;;
251013;0400;19;;;
251013;0500;17;;;
251013;0600;18;;;
251013;0700;12;;;
251013;0800;23;;;
251013;0900;13;;;
251013;1000;9;;;
251013;1100;11;;;
251013;1200;15;;;
251013;1300;13;;;
251013;1400;10;;;
251013;1500;11;;;
251013;1600;9;;;
251013;1700;8;;;
251013;1800;6;;;
251013;1900;9;;;
251013;2000;9;;;
251013;2100;8;;;
251013;2200;8;;;
251013;2300;6;;;
251014;0000;8;;;
251014;0100;10;;;
251014;0200;10;;;
251014;0300;11;;;
251014;0400;11;;;
251014;0500;23;;;
251014;0600;;;;
251014;0700;19;;;
251014;0800;14;;;
251014;0900;13;;;
251014;1000;11;;;
251014;1100;10;;;
251014;1200;17;;;
251014;1300;9;;;
251014;1400;10;;;
251014;1500;18;;;
251014;1600;18;;;
251014;1700;13;;;
251014;1800;13;;;
251014;1900;12;;;
251014;2000;12;;;
251014;2100;8;;;
251014;2200;12;;;
251014;2300;12;;;
251015;0000;13;;;
251015;0100;14;;;
251015;0200;11;;;
251015;0300;15;;;
251015;0400;10;;;
251015;0500;14;;;
251015;0600;19;;;
251015;0700;16;;;
251015;0800;14;;;
251015;0900;20;;;
251015;1000;24;;;
251015;1100;;;;
251015;1200;;;;
251015;1300;26;;;
251015;1400;9;;;
251015;1500;10;;;
251015;1600;6;;;
251015;1700;9;;;
251015;1800;12;;;
251015;1900;14;;;
251015;2000;10;;;
251015;2100;16;;;
251015;2200;17;;;
251015;2300;24;;;
251016;0000;15;;;
251016;0100;9;;;
251016;0200;6;;;
251016;0300;12;;;
251016;0400;10;;;
251016;0500;17;;;
251016;0600;27;;;
251016;0700;16;;;
251016;0800;24;;;
251016;0900;21;;;
251016;1000;19;;;
251016;1100;16;;;
251016;1200;23;;;
251016;1300;17;;;
251016;1400;8;;;
251016;1500;9;;;
251016;1600;13;;;
251016;1700;9;;;
251016;1800;10;;;
251016;1900;7;;;
251016;2000;8;;;
251016;2100;7;;;
251016;2200;6;;;
251016;2300;6;;;
251017;0000;8;;;
251017;0100;13;;;
251017;0200;17;;;
251017;0300;17;;;
251017;0400;18;;;
251017;0500;28;;;
251017;0600;33;;;
251017;0700;34;;;
251017;0800;24;;;
251017;0900;22;;;
251017;1000;18;;;
251017;1100;12;;;
251017;1200;18;;;
251017;1300;7;;;
251017;1400;14;;;
251017;1500;14;;;
251017;1600;10;;;
251017;1700;6;;;
251017;1800;5;;;
251017;1900;11;;;
251017;2000;10;;;
251017;2100;9;;;
251017;2200;11;;;
251017;2300;18;;;
251018;0000;20;;;
251018;0100;29;;;
251018;0200;26;;;
251018;0300;23;;;
251018;0400;23;;;
251018;0500;28;;;
251018;0600;25;;;
251018;0700;21;;;
251018;0800;19;;;
251018;0900;10;;;
251018;1000;14;;;
251018;1100;11;;;
251018;1200;13;;;
251018;1300;14;;;
251018;1400;11;;;
251018;1500;14;;;
251018;1600;13;;;
251018;1700;8;;;
251018;1800;11;;;
251018;1900;10;;;
251018;2000;9;;;
251018;2100;8;;;
251018;2200;7;;;
251018;2300;7;;;
251019;0000;15;;;
251019;0100;11;;;
251019;0200;10;;;
251019;0300;14;;;
251019;0400;12;;;
251019;0500;14;;;
251019;0600;16;;;
251019;0700;23;;;
251019;0800;16;;;
251019;0900;22;;;
251019;1000;14;;;
251019;1100;13;;;
251019;1200;14;;;
251019;1300;23;;;
251019;1400;12;;;
251019;1500;8;;;
251019;1600;12;;;
251019;1700;11;;;
251019;1800;9;;;
251019;1900;7;;;
251019;2000;5;;;
251019;2100;6;;;
251019;2200;7;;;
251019;2300;10;;;
251020;0000;9;;;
251020;0100;7;;;
251020;0200;41;;;
251020;0300;13;;;
251020;0400;12;;;
251020;0500;14;;;
251020;0600;22;;;
251020;0700;15;;;
251020;0800;17;;;
251020;0900;15;;;
251020;1000;13;;;
251020;1100;18;;;
251020;1200;19;;;
251020;1300;19;;;
251020;1400;15;;;
251020;1500;12;;;
251020;1600;14;;;
251020;1700;10;;;
251020;1800;8;;;
251020;1900;12;;;
251020;2000;9;;;
251020;2100;8;;;
251020;2200;7;;;
251020;2300;7;;;
251021;0000;7;;;
251021;0100;6;;;
251021;0200;8;;;
251021;0300;7;;;
251021;0400;6;;;
251021;0500;16;;;
251021;0600;;;;
251021;0700;;;;
251021;0800;;;;
251021;0900;;;;
251021;1000;16;;;
251021;1100;20;;;
251021;1200;12;;;
251021;1300;14;;;
251021;1400;10;;;
251021;1500;13;;;
251021;1600;12;;;
251021;1700;13;;;
251021;1800;10;;;
251021;1900;8;;;
251021;2000;9;;;
251021;2100;14;;;
251021;2200;10;;;
251021;2300;12;;;
251022;0000;14;;;
251022;0100;14;;;
251022;0200;10;;;
251022;0300;14;;;
251022;0400;11;;;
251022;0500;18;;;
251022;0600;28;;;
251022;0700;24;;;
251022;0800;19;;;
251022;0900;17;;;
251022;1000;17;;;
251022;1100;25;;;
251022;1200;20;;;
251022;1300;13;;;
251022;1400;14;;;
251022;1500;14;;;
251022;1600;24;;;
251022;1700;20;;;
251022;1800;17;;;
251022;1900;9;;;
251022;2000;7;;;
251022;2100;6;;;
251022;2200;7;;;
251022;2300;8;;;
251023;0000;8;;;
251023;0100;11;;;
251023;0200;7;;;
251023;0300;7;;;
251023;0400;15;;;
251023;0500;11;;;
251023;0600;12;;;
251023;0700;10;;;
251023;0800;9;;;
251023;0900;19;;;
251023;1000;12;;;
251023;1100;11;;;
251023;1200;12;;;
251023;1300;13;;;
251023;1400;11;;;
251023;1500;10;;;
251023;1600;10;;;
251023;1700;8;;;
251023;1800;8;;;
251023;1900;6;;;
251023;2000;6;;;
251023;2100;8;;;
251023;2200;7;;;
251023;2300;5;;;
251024;0000;3;;;
251024;0100;12;;;
251024;0200;9;;;
251024;0300;9;;;
251024;0400;9;;;
251024;0500;7;;;
251024;0600;20;;;
251024;0700;14;;;
251024;0800;15;;;
251024;0900;19;;;
251024;1000;18;;;
251024;1100;14;;;
251024;1200;13;;;
251024;1300;16;;;
251024;1400;11;;;
251024;1500;8;;;
251024;1600;8;;;
251024;1700;6;;;
251024;1800;6;;;
251024;1900;5;;;
251024;2000;6;;;
251024;2100;11;;;
251024;2200;7;;;
251024;2300;8;;;
251025;0000;6;;;
251025;0100;6;;;
251025;0200;5;;;
251025;0300;5;;;
251025;0400;6;;;
251025;0500;6;;;
251025;0600;5;;;
251025;0700;7;;;
251025;0800;8;;;
251025;0900;7;;;
251025;1000;8;;;
251025;1100;5;;;
251025;1200;5;;;
251025;1300;5;;;
251025;1400;4;;;
251025;1500;7;;;
251025;1600;7;;;
251025;1700;5;;;
251025;1800;3;;;
251025;1900;9;;;
251025;2000;11;;;
251025;2100;12;;;
251025;2200;8;;;
251025;2300;8;;;
251026;0000;10;;;
251026;0100;9;;;
251026;0200;12;;;
251026;0300;11;;;
251026;0400;17;;;
251026;0500;22;;;
251026;0600;18;;;
251026;0700;17;;;
251026;0800;14;;;
251026;0900;10;;;
251026;1000;7;;;
251026;1100;12;;;
251026;1200;11;;;
251026;1300;7;;;
251026;1400;5;;;
251026;1500;8;;;
251026;1600;7;;;
251026;1700;7;;;
251026;1800;7;;;
251026;1900;7;;;
251026;2000;3;;;
251026;2100;1;;;
251026;2200;1;;;
251026;2300;5;;;
251027;0000;6;;;
251027;0100;6;;;
251027;0200;3;;;
251027;0300;3;;;
251027;0400;3;;;
251027;0500;8;;;
251027;0600;10;;;
251027;0700;9;;;
251027;0800;13;;;
251027;0900;15;;;
251027;1000;14;;;
251027;1100;15;;;
251027;1200;12;;;
251027;1300;9;;;
251027;1400;7;;;
251027;1500;6;;;
251027;1600;5;;;
251027;1700;4;;;
251027;1800;7;;;
251027;1900;6;;;
251027;2000;3;;;
251027;2100;7;;;
251027;2200;4;;;
251027;2300;3;;;
251028;0000;10;;;
251028;0100;14;;;
251028;0200;9;;;
251028;0300;9;;;
251028;0400;12;;;
251028;0500;18;;;
251028;0600;33;;;
251028;0700;17;;;
251028;0800;13;;;
251028;0900;11;;;
251028;1000;15;;;
251028;1100;14;;;
251028;1200;11;;;
251028;1300;11;;;
251028;1400;10;;;
251028;1500;8;;;
251028;1600;5;;;
251028;1700;8;;;
251028;1800;8;;;
251028;1900;8;;;
251028;2000;10;;;
251028;2100;9;;;
251028;2200;7;;;
251028;2300;10;;;
251029;0000;7;;;
251029;0100;6;;;
251029;0200;11;;;
251029;0300;9;;;
251029;0400;9;;;
251029;0500;12;;;
251029;0600;31;;;
251029;0700;20;;;
251029;0800;17;;;
251029;0900;14;;;
251029;1000;18;;;
251029;1100;17;;;
251029;1200;17;;;
251029;1300;11;;;
251029;1400;14;;;
251029;1500;11;;;
251029;1600;10;;;
251029;1700;7;;;
251029;1800;12;;;
251029;1900;7;;;
251029;2000;5;;;
251029;2100;6;;;
251029;2200;4;;;
251029;2300;7;;;
251030;0000;8;;;
251030;0100;9;;;
251030;0200;16;;;
251030;0300;7;;;
251030;0400;9;;;
251030;0500;19;;;
251030;0600;33;;;
251030;0700;24;;;
251030;0800;14;;;
251030;0900;9;;;
251030;1000;12;;;
251030;1100;9;;;
251030;1200;12;;;
251030;1300;14;;;
251030;1400;10;;;
251030;1500;13;;;
251030;1600;7;;;
251030;1700;6;;;
251030;1800;12;;;
251030;1900;9;;;
251030;2000;9;;;
251030;2100;11;;;
251030;2200;14;;;
251030;2300;14;;;
251031;0000;12;;;
251031;0100;7;;;
251031;0200;10;;;
251031;0300;7;;;
251031;0400;14;;;
251031;0500;16;;;
251031;0600;9;;;
251031;0700;8;;;
251031;0800;9;;;
251031;0900;9;;;
251031;1000;15;;;
251031;1100;10;;;
251031;1200;6;;;
251031;1300;6;;;
251031;1400;6;;;
251031;1500;17;;;
251031;1600;9;;;
251031;1700;8;;;
251031;1800;7;;;
251031;1900;5;;;
251031;2000;6;;;
251031;2100;7;;;
251031;2200;4;;;
251031;2300;5;;;
251101;0000;6;;;
251101;0100;8;;;
251101;0200;4;;;
251101;0300;7;;;
251101;0400;6;;;
251101;0500;9;;;
251101;0600;8;;;
251101;0700;9;;;
251101;0800;7;;;
251101;0900;9;;;
251101;1000;11;;;
251101;1100;12;;;
251101;1200;9;;;
251101;1300;6;;;
251101;1400;6;;;
251101;1500;4;;;
251101;1600;3;;;
251101;1700;4;;;
251101;1800;6;;;
251101;1900;7;;;
251101;2000;12;;;
251101;2100;12;;;
251101;2200;12;;;
251101;2300;10;;;
251102;0000;10;;;
251102;0100;7;;;
251102;0200;7;;;
251102;0300;12;;;
251102;0400;19;;;
251102;0500;12;;;
251102;0600;16;;;
251102;0700;7;;;
251102;0800;14;;;
251102;0900;13;;;
251102;1000;15;;;
251102;1100;17;;;
251102;1200;9;;;
251102;1300;8;;;
251102;1400;11;;;
251102;1500;8;;;
251102;1600;7;;;
251102;1700;12;;;
251102;1800;10;;;
251102;1900;9;;;
251102;2000;7;;;
251102;2100;6;;;
251102;2200;9;;;
251102;2300;7;;;
251103;0000;8;;;
251103;0100;11;;;
251103;0200;12;;;
251103;0300;15;;;
251103;0400;17;;;
251103;0500;18;;;
251103;0600;18;;;
251103;0700;16;;;
251103;0800;11;;;
251103;0900;11;;;
251103;1000;10;;;
251103;1100;13;;;
251103;1200;11;;;
251103;1300;11;;;
251103;1400;10;;;
251103;1500;7;;;
251103;1600;10;;;
251103;1700;11;;;
251103;1800;9;;;
251103;1900;7;;;
251103;2000;3;;;
251103;2100;4;;;
251103;2200;6;;;
251103;2300;10;;;
251104;0000;6;;;
251104;0100;8;;;
251104;0200;4;;;
251104;0300;1;;;
251104;0400;4;;;
251104;0500;4;;;
251104;0600;5;;;
251104;0700;8;;;
251104;0800;8;;;
251104;0900;7;;;
251104;1000;10;;;
251104;1100;11;;;
251104;1200;10;;;
251104;1300;7;;;
251104;1400;5;;;
251104;1500;5;;;
251104;1600;11;;;
251104;1700;8;;;
251104;1800;9;;;
251104;1900;7;;;
251104;2000;10;;;
251104;2100;7;;;
251104;2200;8;;;
251104;2300;6;;;
251105;0000;3;;;
251105;0100;3;;;
251105;0200;3;;;
251105;0300;8;;;
251105;0400;7;;;
251105;0500;11;;;
251105;0600;14;;;
251105;0700;17;;;
251105;0800;11;;;
251105;0900;13;;;
251105;1000;12;;;
251105;1100;10;;;
251105;1200;8;;;
251105;1300;5;;;
251105;1400;6;;;
251105;1500;11;;;
251105;1600;13;;;
251105;1700;10;;;
251105;1800;11;;;
251105;1900;6;;;
251105;2000;7;;;
251105;2100;18;;;
251105;2200;11;;;
251105;2300;6;;;
251106;0000;9;;;
251106;0100;6;;;
251106;0200;7;;;
251106;0300;8;;;
251106;0400;6;;;
251106;0500;9;;;
251106;0600;9;;;
251106;0700;8;;;
251106;0800;10;;;
251106;0900;9;;;
251106;1000;11;;;
251106;1100;6;;;
251106;1200;15;;;
251106;1300;10;;;
251106;1400;9;;;
251106;1500;6;;;
251106;1600;7;;;
251106;1700;6;;;
251106;1800;6;;;
251106;1900;6;;;
251106;2000;6;;;
251106;2100;6;;;
251106;2200;4;;;
251106;2300;2;;;
251107;0000;2;;;
251107;0100;2;;;
251107;0200;4;;;
251107;0300;5;;;
251107;0400;8;;;
251107;0500;10;;;
251107;0600;22;;;
251107;0700;8;;;
251107;0800;9;;;
251107;0900;8;;;
251107;1000;7;;;
251107;1100;6;;;
251107;1200;4;;;
251107;1300;6;;;
251107;1400;5;;;
251107;1500;5;;;
251107;1600;5;;;
251107;1700;3;;;
251107;1800;3;;;
251107;1900;5;;;
251107;2000;12;;;
251107;2100;13;;;
251107;2200;7;;;
251107;2300;10;;;
251108;0000;12;;;
251108;0100;8;;;
251108;0200;14;;;
251108;0300;14;;;
251108;0400;18;;;
251108;0500;19;;;
251108;0600;18;;;
251108;0700;28;;;
251108;0800;25;;;
251108;0900;17;;;
251108;1000;13;;;
251108;1100;8;;;
251108;1200;6;;;
251108;1300;9;;;
251108;1400;7;;;
251108;1500;12;;;
251108;1600;9;;;
251108;1700;9;;;
251108;1800;10;;;
251108;1900;11;;;
251108;2000;7;;;
251108;2100;11;;;
251108;2200;6;;;
251108;2300;6;;;
251109;0000;6;;;
251109;0100;8;;;
251109;0200;9;;;
251109;0300;12;;;
251109;0400;7;;;
251109;0500;5;;;
251109;0600;7;;;
251109;0700;6;;;
251109;0800;10;;;
251109;0900;11;;;
251109;1000;17;;;
251109;1100;21;;;
251109;1200;7;;;
251109;1300;10;;;
251109;1400;6;;;
251109;1500;5;;;
251109;1600;5;;;
251109;1700;5;;;
251109;1800;6;;;
251109;1900;7;;;
251109;2000;6;;;
251109;2100;6;;;
251109;2200;7;;;
251109;2300;11;;;
251110;0000;7;;;
251110;0100;12;;;
251110;0200;11;;;
251110;0300;7;;;
251110;0400;6;;;
251110;0500;9;;;
251110;0600;12;;;
251110;0700;13;;;
251110;0800;11;;;
251110;0900;8;;;
251110;1000;10;;;
251110;1100;14;;;
251110;1200;14;;;
251110;1300;13;;;
251110;1400;8;;;
251110;1500;9;;;
251110;1600;8;;;
251110;1700;8;;;
251110;1800;9;;;
251110;1900;21;;;
251110;2000;5;;;
251110;2100;4;;;
251110;2200;2;;;
251110;2300;5;;;
251111;0000;4;;;
251111;0100;5;;;
251111;0200;3;;;
251111;0300;4;;;
251111;0400;4;;;
251111;0500;9;;;
251111;0600;16;;;
251111;0700;10;;;
251111;0800;8;;;
251111;0900;11;;;
251111;1000;12;;;
251111;1100;8;;;
251111;1200;11;;;
251111;1300;6;;;
251111;1400;4;;;
251111;1500;5;;;
251111;1600;5;;;
251111;1700;9;;;
251111;1800;5;;;
251111;1900;4;;;
251111;2000;5;;;
251111;2100;4;;;
251111;2200;3;;;
251111;2300;2;;;
251112;0000;4;;;
251112;0100;5;;;
251112;0200;8;;;
251112;0300;9;;;
251112;0400;14;;;
251112;0500;11;;;
251112;0600;19;;;
251112;0700;15;;;
251112;0800;14;;;
251112;0900;11;;;
251112;1000;9;;;
251112;1100;15;;;
251112;1200;11;;;
251112;1300;11;;;
251112;1400;6;;;
251112;1500;4;;;
251112;1600;2;;;
251112;1700;2;;;
251112;1800;7;;;
251112;1900;6;;;
251112;2000;8;;;
251112;2100;6;;;
251112;2200;5;;;
251112;2300;6;;;
251113;0000;5;;;
251113;0100;7;;;
251113;0200;7;;;
251113;0300;15;;;
251113;0400;20;;;
251113;0500;23;;;
251113;0600;31;;;
251113;0700;17;;;
251113;0800;17;;;
251113;0900;12;;;
251113;1000;16;;;
251113;1100;18;;;
251113;1200;7;;;
251113;1300;15;;;
251113;1400;12;;;
251113;1500;12;;;
251113;1600;13;;;
251113;1700;14;;;
251113;1800;13;;;
251113;1900;11;;;
251113;2000;10;;;
251113;2100;14;;;
251113;2200;12;;;
251113;2300;12;;;
251114;0000;14;;;
251114;0100;11;;;
251114;0200;7;;;
251114;0300;10;;;
251114;0400;11;;;
251114;0500;14;;;
251114;0600;14;;;
251114;0700;26;;;
251114;0800;26;;;
251114;0900;18;;;
251114;1000;17;;;
251114;1100;16;;;
251114;1200;18;;;
251114;1300;20;;;
251114;1400;16;;;
251114;1500;19;;;
251114;1600;18;;;
251114;1700;20;;;
251114;1800;14;;;
251114;1900;14;;;
251114;2000;10;;;
251114;2100;12;;;
251114;2200;12;;;
251114;2300;13;;;
251115;0000;14;;;
251115;0100;13;;;
251115;0200;13;;;
251115;0300;12;;;
251115;0400;14;;;
251115;0500;12;;;
251115;0600;10;;;
251115;0700;10;;;
251115;0800;22;;;
251115;0900;20;;;
251115;1000;17;;;
251115;1100;13;;;
251115;1200;13;;;
251115;1300;12;;;
251115;1400;11;;;
251115;1500;9;;;
251115;1600;6;;;
251115;1700;7;;;
251115;1800;9;;;
251115;1900;6;;;
251115;2000;13;;;
251115;2100;8;;;
251115;2200;6;;;
251115;2300;9;;;
251116;0000;6;;;
251116;0100;5;;;
251116;0200;4;;;
251116;0300;8;;;
251116;0400;8;;;
251116;0500;16;;;
251116;0600;7;;;
251116;0700;6;;;
251116;0800;7;;;
251116;0900;16;;;
251116;1000;11;;;
251116;1100;13;;;
251116;1200;12;;;
251116;1300;8;;;
251116;1400;10;;;
251116;1500;7;;;
251116;1600;5;;;
251116;1700;8;;;
251116;1800;6;;;
251116;1900;6;;;
251116;2000;7;;;
251116;2100;9;;;
251116;2200;7;;;
251116;2300;13;;;
251117;0000;7;;;
251117;0100;3;;;
251117;0200;7;;;
251117;0300;9;;;
251117;0400;10;;;
251117;0500;15;;;
251117;0600;;;;
251117;0700;17;;;
251117;0800;9;;;
251117;0900;11;;;
251117;1000;15;;;
251117;1100;8;;;
251117;1200;7;;;
251117;1300;4;;;
251117;1400;3;;;
251117;1500;;;;
251117;1600;9;;;
251117;1700;8;;;
251117;1800;12;;;
251117;1900;10;;;
251117;2000;6;;;
251117;2100;6;;;
251117;2200;10;;;
251117;2300;15;;;
251118;0000;11;;;
251118;0100;12;;;
251118;0200;9;;;
251118;0300;11;;;
251118;0400;7;;;
251118;0500;15;;;
251118;0600;11;;;
251118;0700;15;;;
251118;0800;14;;;
251118;0900;18;;;
251118;1000;21;;;
251118;1100;14;;;
251118;1200;11;;;
251118;1300;12;;;
251118;1400;15;;;
251118;1500;10;;;
251118;1600;15;;;
251118;1700;13;;;
251118;1800;14;;;
251118;1900;10;;;
251118;2000;11;;;
251118;2100;14;;;
251118;2200;11;;;
251118;2300;8;;;
251119;0000;5;;;
251119;0100;11;;;
251119;0200;9;;;
251119;0300;6;;;
251119;0400;10;;;
251119;0500;12;;;
251119;0600;22;;;
251119;0700;13;;;
251119;0800;13;;;
251119;0900;15;;;
251119;1000;13;;;
251119;1100;17;;;
251119;1200;10;;;
251119;1300;13;;;
251119;1400;20;;;
251119;1500;18;;;
251119;1600;16;;;
251119;1700;15;;;
251119;1800;19;;;
251119;1900;13;;;
251119;2000;10;;;
251119;2100;11;;;
251119;2200;11;;;
251119;2300;6;;;
251120;0000;11;;;
251120;0100;13;;;
251120;0200;12;;;
251120;0300;10;;;
251120;0400;9;;;
251120;0500;13;;;
251120;0600;11;;;
251120;0700;14;;;
251120;0800;16;;;
251120;0900;13;;;
251120;1000;17;;;
251120;1100;15;;;
251120;1200;15;;;
251120;1300;10;;;
251120;1400;10;;;
251120;1500;12;;;
251120;1600;11;;;
251120;1700;10;;;
251120;1800;14;;;
251120;1900;11;;;
251120;2000;9;;;
251120;2100;12;;;
251120;2200;15;;;
251120;2300;24;;;
251121;0000;17;;;
251121;0100;17;;;
251121;0200;16;;;
251121;0300;18;;;
251121;0400;17;;;
251121;0500;23;;;
251121;0600;24;;;
251121;0700;21;;;
251121;0800;17;;;
251121;0900;26;;;
251121;1000;25;;;
251121;1100;16;;;
251121;1200;6;;;
251121;1300;10;;;
251121;1400;10;;;
251121;1500;16;;;
251121;1600;11;;;
251121;1700;9;;;
251121;1800;13;;;
251121;1900;12;;;
251121;2000;13;;;
251121;2100;13;;;
251121;2200;10;;;
251121;2300;6;;;
251122;0000;7;;;
251122;0100;17;;;
251122;0200;22;;;
251122;0300;14;;;
251122;0400;28;;;
251122;0500;18;;;
251122;0600;23;;;
251122;0700;13;;;
251122;0800;17;;;
251122;0900;17;;;
251122;1000;15;;;
251122;1100;19;;;
251122;1200;12;;;
251122;1300;11;;;
251122;1400;8;;;
251122;1500;10;;;
251122;1600;8;;;
251122;1700;14;;;
251122;1800;12;;;
251122;1900;9;;;
251122;2000;15;;;
251122;2100;11;;;
251122;2200;11;;;
251122;2300;14;;;
251123;0000;12;;;
251123;0100;13;;;
251123;0200;8;;;
251123;0300;13;;;
251123;0400;11;;;
251123;0500;12;;;
251123;0600;16;;;
251123;0700;24;;;
251123;0800;15;;;
251123;0900;13;;;
251123;1000;15;;;
251123;1100;18;;;
251123;1200;18;;;
251123;1300;14;;;
251123;1400;14;;;
251123;1500;11;;;
251123;1600;12;;;
251123;1700;10;;;
251123;1800;12;;;
251123;1900;11;;;
251123;2000;12;;;
251123;2100;11;;;
251123;2200;10;;;
251123;2300;9;;;
251124;0000;10;;;
251124;0100;8;;;
251124;0200;8;;;
251124;0300;11;;;
251124;0400;17;;;
251124;0500;15;;;
251124;0600;20;;;
251124;0700;18;;;
251124;0800;26;;;
251124;0900;21;;;
251124;1000;17;;;
251124;1100;15;;;
251124;1200;17;;;
251124;1300;18;;;
251124;1400;19;;;
251124;1500;16;;;
251124;1600;14;;;
251124;1700;15;;;
251124;1800;17;;;
251124;1900;11;;;
251124;2000;13;;;
251124;2100;9;;;
251124;2200;6;;;
251124;2300;16;;;
251125;0000;8;;;
251125;0100;11;;;
251125;0200;16;;;
251125;0300;11;;;
251125;0400;12;;;
251125;0500;15;;;
251125;0600;34;;;
251125;0700;23;;;
251125;0800;26;;;
251125;0900;30;;;
251125;1000;28;;;
251125;1100;15;;;
251125;1200;9;;;
251125;1300;10;;;
251125;1400;9;;;
251125;1500;9;;;
251125;1600;14;;;
251125;1700;11;;;
251125;1800;10;;;
251125;1900;12;;;
251125;2000;8;;;
251125;2100;12;;;
251125;2200;10;;;
251125;2300;9;;;
251126;0000;12;;;
251126;0100;12;;;
251126;0200;13;;;
251126;0300;12;;;
251126;0400;22;;;
251126;0500;23;;;
251126;0600;18;;;
251126;0700;21;;;
251126;0800;17;;;
251126;0900;4;;;
251126;1000;9;;;
251126;1100;12;;;
251126;1200;19;;;
251126;1300;14;;;
251126;1400;9;;;
251126;1500;6;;;
251126;1600;10;;;
251126;1700;9;;;
251126;1800;10;;;
251126;1900;9;;;
251126;2000;5;;;
251126;2100;5;;;
251126;2200;7;;;
251126;2300;13;;;
251127;0000;7;;;
251127;0100;4;;;
251127;0200;4;;;
251127;0300;8;;;
251127;0400;11;;;
251127;0500;11;;;
251127;0600;26;;;
251127;0700;24;;;
251127;0800;18;;;
251127;0900;22;;;
251127;1000;17;;;
251127;1100;17;;;
251127;1200;15;;;
251127;1300;11;;;
251127;1400;12;;;
251127;1500;11;;;
251127;1600;11;;;
251127;1700;10;;;
251127;1800;9;;;
251127;1900;8;;;
251127;2000;10;;;
251127;2100;6;;;
251127;2200;7;;;
251127;2300;9;;;
251128;0000;5;;;
251128;0100;7;;;
251128;0200;9;;;
251128;0300;5;;;
251128;0400;4;;;
251128;0500;7;;;
251128;0600;7;;;
251128;0700;4;;;
251128;0800;11;;;
251128;0900;11;;;
251128;1000;10;;;
251128;1100;11;;;
251128;1200;11;;;
251128;1300;11;;;
251128;1400;10;;;
251128;1500;10;;;
251128;1600;10;;;
251128;1700;7;;;
251128;1800;6;;;
251128;1900;4;;;
251128;2000;5;;;
251128;2100;6;;;
251128;2200;4;;;
251128;2300;6;;;
251129;0000;8;;;
251129;0100;11;;;
251129;0200;8;;;
251129;0300;5;;;
251129;0400;6;;;
251129;0500;7;;;
251129;0600;15;;;
251129;0700;9;;;
251129;0800;9;;;
251129;0900;6;;;
251129;1000;7;;;
251129;1100;11;;;
251129;1200;9;;;
251129;1300;7;;;
251129;1400;4;;;
251129;1500;2;;;
251129;1600;11;;;
251129;1700;8;;;
251129;1800;5;;;
251129;1900;4;;;
251129;2000;3;;;
251129;2100;6;;;
251129;2200;4;;;
251129;2300;6;;;
251130;0000;6;;;
251130;0100;5;;;
251130;0200;4;;;
251130;0300;4;;;
251130;0400;7;;;
251130;0500;5;;;
251130;0600;9;;;
251130;0700;7;;;
251130;0800;9;;;
251130;0900;8;;;
251130;1000;12;;;
251130;1100;8;;;
251130;1200;4;;;
251130;1300;5;;;
251130;1400;14;;;
251130;1500;11;;;
251130;1600;14;;;
251130;1700;36;;;
251130;1800;47;;;
251130;1900;28;;;
251130;2000;33;;;
251130;2100;25;;;
251130;2200;19;;;
251130;2300;6;;;
251201;0000;7;;;
251201;0100;5;;;
251201;0200;3;;;
251201;0300;4;;;
251201;0400;10;;;
251201;0500;12;;;
251201;0600;13;;;
251201;0700;8;;;
251201;0800;13;;;
251201;0900;11;;;
251201;1000;23;;;
251201;1100;17;;;
251201;1200;13;;;
251201;1300;10;;;
251201;1400;11;;;
251201;1500;11;;;
251201;1600;12;;;
251201;1700;10;;;
251201;1800;6;;;
251201;1900;7;;;
251201;2000;5;;;
251201;2100;5;;;
251201;2200;5;;;
251201;2300;9;;;
251202;0000;6;;;
251202;0100;4;;;
251202;0200;5;;;
251202;0300;8;;;
251202;0400;6;;;
251202;0500;8;;;
251202;0600;8;;;
251202;0700;14;;;
251202;0800;8;;;
251202;0900;8;;;
251202;1000;14;;;
251202;1100;14;;;
251202;1200;12;;;
251202;1300;9;;;
251202;1400;6;;;
251202;1500;4;;;
251202;1600;2;;;
251202;1700;13;;;
251202;1800;9;;;
251202;1900;10;;;
251202;2000;10;;;
251202;2100;10;;;
251202;2200;10;;;
251202;2300;8;;;
251203;0000;9;;;
251203;0100;9;;;
251203;0200;8;;;
251203;0300;10;;;
251203;0400;11;;;
251203;0500;15;;;
251203;0600;23;;;
251203;0700;23;;;
251203;0800;16;;;
251203;0900;22;;;
251203;1000;17;;;
251203;1100;12;;;
251203;1200;11;;;
251203;1300;9;;;
251203;1400;12;;;
251203;1500;14;;;
251203;1600;14;;;
251203;1700;11;;;
251203;1800;11;;;
251203;1900;9;;;
251203;2000;6;;;
251203;2100;4;;;
251203;2200;7;;;
251203;2300;7;;;
251204;0000;8;;;
251204;0100;7;;;
251204;0200;6;;;
251204;0300;8;;;
251204;0400;11;;;
251204;0500;7;;;
251204;0600;19;;;
251204;0700;13;;;
251204;0800;15;;;
251204;0900;16;;;
251204;1000;14;;;
251204;1100;16;;;
251204;1200;16;;;
251204;1300;19;;;
251204;1400;20;;;
251204;1500;17;;;
251204;1600;18;;;
251204;1700;11;;;
251204;1800;11;;;
251204;1900;11;;;
251204;2000;6;;;
251204;2100;6;;;
251204;2200;7;;;
251204;2300;10;;;
251205;0000;9;;;
251205;0100;8;;;
251205;0200;6;;;
251205;0300;9;;;
251205;0400;14;;;
251205;0500;16;;;
251205;0600;33;;;
251205;0700;26;;;
251205;0800;18;;;
251205;0900;18;;;
251205;1000;19;;;
251205;1100;10;;;
251205;1200;14;;;
251205;1300;14;;;
251205;1400;18;;;
251205;1500;12;;;
251205;1600;10;;;
251205;1700;10;;;
251205;1800;6;;;
251205;1900;9;;;
251205;2000;13;;;
251205;2100;11;;;
251205;2200;10;;;
251205;2300;7;;;
251206;0000;10;;;
251206;0100;13;;;
251206;0200;11;;;
251206;0300;11;;;
251206;0400;13;;;
251206;0500;9;;;
251206;0600;14;;;
251206;0700;20;;;
251206;0800;13;;;
251206;0900;9;;;
251206;1000;7;;;
251206;1100;13;;;
251206;1200;13;;;
251206;1300;16;;;
251206;1400;16;;;
251206;1500;12;;;
251206;1600;11;;;
251206;1700;10;;;
251206;1800;14;;;
251206;1900;14;;;
251206;2000;24;;;
251206;2100;15;;;
251206;2200;13;;;
251206;2300;10;;;
251207;0000;8;;;
251207;0100;7;;;
251207;0200;9;;;
251207;0300;7;;;
251207;0400;5;;;
251207;0500;9;;;
251207;0600;7;;;
251207;0700;11;;;
251207;0800;10;;;
251207;0900;7;;;
251207;1000;13;;;
251207;1100;10;;;
251207;1200;14;;;
251207;1300;15;;;
251207;1400;10;;;
251207;1500;17;;;
251207;1600;11;;;
251207;1700;10;;;
251207;1800;6;;;
251207;1900;6;;;
251207;2000;9;;;
251207;2100;7;;;
251207;2200;10;;;
251207;2300;8;;;
251208;0000;8;;;
251208;0100;8;;;
251208;0200;12;;;
251208;0300;12;;;
251208;0400;10;;;
251208;0500;13;;;
251208;0600;15;;;
251208;0700;14;;;
251208;0800;17;;;
251208;0900;16;;;
251208;1000;10;;;
251208;1100;7;;;
251208;1200;13;;;
251208;1300;12;;;
251208;1400;11;;;
251208;1500;7;;;
251208;1600;4;;;
251208;1700;5;;;
251208;1800;11;;;
251208;1900;13;;;
251208;2000;9;;;
251208;2100;8;;;
251208;2200;12;;;
251208;2300;14;;;
251209;0000;12;;;
251209;0100;12;;;
251209;0200;19;;;
251209;0300;6;;;
251209;0400;16;;;
251209;0500;12;;;
251209;0600;15;;;
251209;0700;21;;;
251209;0800;27;;;
251209;0900;29;;;
251209;1000;24;;;
251209;1100;16;;;
251209;1200;12;;;
251209;1300;8;;;
251209;1400;7;;;
251209;1500;38;;;
251209;1600;18;;;
251209;1700;11;;;
251209;1800;12;;;
251209;1900;11;;;
251209;2000;10;;;
251209;2100;11;;;
251209;2200;9;;;
251209;2300;6;;;
251210;0000;14;;;
251210;0100;10;;;
251210;0200;14;;;
251210;0300;9;;;
251210;0400;12;;;
251210;0500;13;;;
251210;0600;18;;;
251210;0700;16;;;
251210;0800;21;;;
251210;0900;17;;;
251210;1000;15;;;
251210;1100;15;;;
251210;1200;13;;;
251210;1300;11;;;
251210;1400;15;;;
251210;1500;16;;;
251210;1600;10;;;
251210;1700;7;;;
251210;1800;4;;;
251210;1900;6;;;
251210;2000;7;;;
251210;2100;6;;;
251210;2200;5;;;
251210;2300;5;;;
251211;0000;5;;;
251211;0100;5;;;
251211;0200;5;;;
251211;0300;10;;;
251211;0400;12;;;
251211;0500;9;;;
251211;0600;8;;;
251211;0700;9;;;
251211;0800;9;;;
251211;0900;15;;;
251211;1000;20;;;
251211;1100;11;;;
251211;1200;8;;;
251211;1300;9;;;
251211;1400;12;;;
251211;1500;10;;;
251211;1600;7;;;
251211;1700;5;;;
251211;1800;6;;;
251211;1900;4;;;
251211;2000;6;;;
251211;2100;10;;;
251211;2200;7;;;
251211;2300;5;;;
251212;0000;4;;;
251212;0100;5;;;
251212;0200;5;;;
251212;0300;5;;;
251212;0400;9;;;
251212;0500;13;;;
251212;0600;11;;;
251212;0700;16;;;
251212;0800;18;;;
251212;0900;20;;;
251212;1000;22;;;
251212;1100;18;;;
251212;1200;26;;;
251212;1300;47;;;
251212;1400;30;;;
251212;1500;23;;;
251212;1600;18;;;
251212;1700;14;;;
251212;1800;12;;;
251212;1900;17;;;
251212;2000;6;;;
251212;2100;6;;;
251212;2200;10;;;
251212;2300;7;;;
251213;0000;4;;;
251213;0100;8;;;
251213;0200;5;;;
251213;0300;8;;;
251213;0400;9;;;
251213;0500;7;;;
251213;0600;6;;;
251213;0700;10;;;
251213;0800;15;;;
251213;0900;15;;;
251213;1000;11;;;
251213;1100;10;;;
251213;1200;13;;;
251213;1300;9;;;
251213;1400;8;;;
251213;1500;7;;;
251213;1600;4;;;
251213;1700;2;;;
251213;1800;5;;;
251213;1900;5;;;
251213;2000;5;;;
251213;2100;4;;;
251213;2200;6;;;
251213;2300;3;;;
251214;0000;1;;;
251214;0100;2;;;
251214;0200;2;;;
251214;0300;2;;;
251214;0400;3;;;
251214;0500;2;;;
251214;0600;7;;;
251214;0700;5;;;
251214;0800;4;;;
251214;0900;4;;;
251214;1000;4;;;
251214;1100;3;;;
251214;1200;8;;;
251214;1300;6;;;
251214;1400;6;;;
251214;1500;8;;;
251214;1600;8;;;
251214;1700;7;;;
251214;1800;8;;;
251214;1900;7;;;
251214;2000;8;;;
251214;2100;9;;;
251214;2200;6;;;
251214;2300;8;;;
251215;0000;6;;;
251215;0100;13;;;
251215;0200;10;;;
251215;0300;12;;;
251215;0400;15;;;
251215;0500;18;;;
251215;0600;19;;;
251215;0700;20;;;
251215;0800;8;;;
251215;0900;14;;;
251215;1000;20;;;
251215;1100;13;;;
251215;1200;13;;;
251215;1300;9;;;
251215;1400;6;;;
251215;1500;8;;;
251215;1600;8;;;
251215;1700;10;;;
251215;1800;7;;;
251215;1900;8;;;
251215;2000;6;;;
251215;2100;10;;;
251215;2200;10;;;
251215;2300;9;;;
251216;0000;8;;;
251216;0100;5;;;
251216;0200;8;;;
251216;0300;7;;;
251216;0400;16;;;
251216;0500;20;;;
251216;0600;14;;;
251216;0700;15;;;
251216;0800;12;;;
251216;0900;9;;;
251216;1000;10;;;
251216;1100;16;;;
251216;1200;14;;;
251216;1300;15;;;
251216;1400;12;;;
251216;1500;21;;;
251216;1600;10;;;
251216;1700;11;;;
251216;1800;38;;;
251216;1900;128;;;
251216;2000;141;;;
251216;2100;116;;;
251216;2200;51;;;
251216;2300;34;;;
251217;0000;44;;;
251217;0100;76;;;
251217;0200;70;;;
251217;0300;58;;;
251217;0400;45;;;
251217;0500;57;;;
251217;0600;70;;;
251217;0700;45;;;
251217;0800;46;;;
251217;0900;19;;;
251217;1000;20;;;
251217;1100;22;;;
251217;1200;25;;;
251217;1300;19;;;
251217;1400;22;;;
251217;1500;12;;;
251217;1600;17;;;
251217;1700;9;;;
251217;1800;11;;;
251217;1900;8;;;
251217;2000;10;;;
251217;2100;9;;;
251217;2200;8;;;
251217;2300;10;;;
251218;0000;12;;;
251218;0100;14;;;
251218;0200;14;;;
251218;0300;18;;;
251218;0400;13;;;
251218;0500;18;;;
251218;0600;28;;;
251218;0700;24;;;
251218;0800;19;;;
251218;0900;14;;;
251218;1000;22;;;
251218;1100;20;;;
251218;1200;11;;;
251218;1300;12;;;
251218;1400;13;;;
251218;1500;18;;;
251218;1600;20;;;
251218;1700;13;;;
251218;1800;8;;;
251218;1900;9;;;
251218;2000;9;;;
251218;2100;9;;;
251218;2200;9;;;
251218;2300;8;;;
251219;0000;8;;;
251219;0100;9;;;
251219;0200;5;;;
251219;0300;9;;;
251219;0400;9;;;
251219;0500;16;;;
251219;0600;22;;;
251219;0700;13;;;
251219;0800;13;;;
251219;0900;10;;;
251219;1000;11;;;
251219;1100;9;;;
251219;1200;9;;;
251219;1300;10;;;
251219;1400;12;;;
251219;1500;11;;;
251219;1600;11;;;
251219;1700;9;;;
251219;1800;10;;;
251219;1900;8;;;
251219;2000;7;;;
251219;2100;6;;;
251219;2200;4;;;
251219;2300;4;;;
251220;0000;4;;;
251220;0100;6;;;
251220;0200;4;;;
251220;0300;10;;;
251220;0400;9;;;
251220;0500;11;;;
251220;0600;8;;;
251220;0700;12;;;
251220;0800;10;;;
251220;0900;12;;;
251220;1000;10;;;
251220;1100;9;;;
251220;1200;13;;;
251220;1300;11;;;
251220;1400;10;;;
251220;1500;9;;;
251220;1600;9;;;
251220;1700;7;;;
251220;1800;9;;;
251220;1900;6;;;
251220;2000;5;;;
251220;2100;9;;;
251220;2200;7;;;
251220;2300;3;;;
251221;0000;2;;;
251221;0100;6;;;
251221;0200;5;;;
251221;0300;3;;;
251221;0400;5;;;
251221;0500;4;;;
251221;0600;3;;;
251221;0700;6;;;
251221;0800;7;;;
251221;0900;8;;;
251221;1000;6;;;
251221;1100;8;;;
251221;1200;7;;;
251221;1300;5;;;
251221;1400;3;;;
251221;1500;5;;;
251221;1600;5;;;
251221;1700;6;;;
251221;1800;6;;;
251221;1900;4;;;
251221;2000;3;;;
251221;2100;5;;;
251221;2200;4;;;
251221;2300;4;;;
251222;0000;5;;;
251222;0100;4;;;
251222;0200;2;;;
251222;0300;3;;;
251222;0400;9;;;
251222;0500;6;;;
251222;0600;6;;;
251222;0700;10;;;
251222;0800;10;;;
251222;0900;9;;;
251222;1000;14;;;
251222;1100;18;;;
251222;1200;11;;;
251222;1300;17;;;
251222;1400;7;;;
251222;1500;11;;;
251222;1600;15;;;
251222;1700;9;;;
251222;1800;6;;;
251222;1900;8;;;
251222;2000;9;;;
251222;2100;6;;;
251222;2200;7;;;
251222;2300;12;;;
251223;0000;7;;;
251223;0100;5;;;
251223;0200;8;;;
251223;0300;11;;;
251223;0400;10;;;
251223;0500;13;;;
251223;0600;21;;;
251223;0700;8;;;
251223;0800;8;;;
251223;0900;15;;;
251223;1000;17;;;
251223;1100;11;;;
251223;1200;12;;;
251223;1300;14;;;
251223;1400;13;;;
251223;1500;12;;;
251223;1600;10;;;
251223;1700;10;;;
251223;1800;16;;;
251223;1900;18;;;
251223;2000;21;;;
251223;2100;21;;;
251223;2200;26;;;
251223;2300;25;;;
251224;0000;24;;;
251224;0100;28;;;
251224;0200;26;;;
251224;0300;19;;;
251224;0400;7;;;
251224;0500;15;;;
251224;0600;19;;;
251224;0700;26;;;
251224;0800;26;;;
251224;0900;22;;;
251224;1000;20;;;
251224;1100;11;;;
251224;1200;13;;;
251224;1300;13;;;
251224;1400;11;;;
251224;1500;12;;;
251224;1600;16;;;
251224;1700;16;;;
251224;1800;8;;;
251224;1900;7;;;
251224;2000;9;;;
251224;2100;22;;;
251224;2200;14;;;
251224;2300;8;;;
251225;0000;4;;;
251225;0100;13;;;
251225;0200;13;;;
251225;0300;9;;;
251225;0400;10;;;
251225;0500;9;;;
251225;0600;16;;;
251225;0700;6;;;
251225;0800;13;;;
251225;0900;12;;;
251225;1000;11;;;
251225;1100;8;;;
251225;1200;7;;;
251225;1300;8;;;
251225;1400;11;;;
251225;1500;8;;;
251225;1600;8;;;
251225;1700;16;;;
251225;1800;9;;;
251225;1900;12;;;
251225;2000;11;;;
251225;2100;9;;;
251225;2200;7;;;
251225;2300;6;;;
251226;0000;9;;;
251226;0100;9;;;
251226;0200;9;;;
251226;0300;11;;;
251226;0400;10;;;
251226;0500;8;;;
251226;0600;9;;;
251226;0700;9;;;
251226;0800;12;;;
251226;0900;15;;;
251226;1000;11;;;
251226;1100;14;;;
251226;1200;11;;;
251226;1300;10;;;
251226;1400;9;;;
251226;1500;11;;;
251226;1600;11;;;
251226;1700;11;;;
251226;1800;11;;;
251226;1900;7;;;
251226;2000;13;;;
251226;2100;9;;;
251226;2200;5;;;
251226;2300;12;;;
251227;0000;9;;;
251227;0100;11;;;
251227;0200;9;;;
251227;0300;10;;;
251227;0400;11;;;
251227;0500;13;;;
251227;0600;22;;;
251227;0700;17;;;
251227;0800;15;;;
251227;0900;15;;;
251227;1000;18;;;
251227;1100;16;;;
251227;1200;16;;;
251227;1300;17;;;
251227;1400;15;;;
251227;1500;17;;;
251227;1600;11;;;
251227;1700;7;;;
251227;1800;10;;;
251227;1900;8;;;
251227;2000;5;;;
251227;2100;6;;;
251227;2200;5;;;
251227;2300;5;;;
251228;0000;5;;;
251228;0100;9;;;
251228;0200;10;;;
251228;0300;8;;;
251228;0400;10;;;
251228;0500;15;;;
251228;0600;15;;;
251228;0700;12;;;
251228;0800;8;;;
251228;0900;7;;;
251228;1000;4;;;
251228;1100;6;;;
251228;1200;8;;;
251228;1300;10;;;
251228;1400;9;;;
251228;1500;9;;;
251228;1600;8;;;
251228;1700;10;;;
251228;1800;15;;;
251228;1900;11;;;
251228;2000;9;;;
251228;2100;10;;;
251228;2200;8;;;
251228;2300;8;;;
251229;0000;9;;;
251229;0100;16;;;
251229;0200;8;;;
251229;0300;13;;;
251229;0400;13;;;
251229;0500;10;;;
251229;0600;21;;;
251229;0700;28;;;
251229;0800;28;;;
251229;0900;17;;;
251229;1000;13;;;
251229;1100;15;;;
251229;1200;14;;;
251229;1300;16;;;
251229;1400;17;;;
251229;1500;20;;;
251229;1600;18;;;
251229;1700;17;;;
251229;1800;15;;;
251229;1900;19;;;
251229;2000;21;;;
251229;2100;12;;;
251229;2200;10;;;
251229;2300;8;;;
251230;0000;16;;;
251230;0100;19;;;
251230;0200;15;;;
251230;0300;22;;;
251230;0400;12;;;
251230;0500;12;;;
251230;0600;31;;;
251230;0700;24;;;
251230;0800;18;;;
251230;0900;18;;;
251230;1000;22;;;
251230;1100;13;;;
251230;1200;16;;;
251230;1300;9;;;
251230;1400;12;;;
251230;1500;10;;;
251230;1600;13;;;
251230;1700;10;;;
251230;1800;13;;;
251230;1900;10;;;
251230;2000;10;;;
251230;2100;11;;;
251230;2200;11;;;
251230;2300;12;;;
251231;0000;13;;;
251231;0100;20;;;
251231;0200;15;;;
251231;0300;17;;;
251231;0400;18;;;
251231;0500;21;;;
251231;0600;23;;;
251231;0700;18;;;
251231;0800;20;;;
251231;0900;13;;;
251231;1000;21;;;
251231;1100;21;;;
251231;1200;17;;;
251231;1300;17;;;
251231;1400;14;;;
251231;1500;17;;;
251231;1600;30;;;
251231;1700;20;;;
251231;1800;11;;;
251231;1900;9;;;
251231;2000;14;;;
251231;2100;10;;;
251231;2200;7;;;
251231;2300;14;;;
260101;0000;13;;;
260101;0100;15;;;
260101;0200;17;;;
260101;0300;11;;;
260101;0400;13;;;
260101;0500;15;;;
260101;0600;19;;;
260101;0700;23;;;
260101;0800;25;;;
260101;0900;27;;;
260101;1000;24;;;
260101;1100;46;;;
260101;1200;25;;;
260101;1300;18;;;
260101;1400;11;;;
260101;1500;11;;;
260101;1600;12;;;
260101;1700;8;;;
260101;1800;13;;;
260101;1900;7;;;
260101;2000;4;;;
260101;2100;9;;;
260101;2200;6;;;
260101;2300;5;;;
260102;0000;8;;;
260102;0100;8;;;
260102;0200;10;;;
260102;0300;8;;;
260102;0400;11;;;
260102;0500;16;;;
260102;0600;7;;;
260102;0700;16;;;
260102;0800;25;;;
260102;0900;16;;;
260102;1000;19;;;
260102;1100;8;;;
260102;1200;10;;;
260102;1300;11;;;
260102;1400;11;;;
260102;1500;13;;;
260102;1600;13;;;
260102;1700;10;;;
260102;1800;5;;;
260102;1900;8;;;
260102;2000;7;;;
260102;2100;5;;;
260102;2200;9;;;
260102;2300;6;;;
260103;0000;4;;;
260103;0100;4;;;
260103;0200;5;;;
260103;0300;10;;;
260103;0400;8;;;
260103;0500;5;;;
260103;0600;7;;;
260103;0700;7;;;
260103;0800;9;;;
260103;0900;14;;;
260103;1000;11;;;
260103;1100;9;;;
260103;1200;9;;;
260103;1300;9;;;
260103;1400;11;;;
260103;1500;8;;;
260103;1600;11;;;
260103;1700;8;;;
260103;1800;9;;;
260103;1900;7;;;
260103;2000;8;;;
260103;2100;7;;;
260103;2200;7;;;
260103;2300;8;;;
260104;0000;5;;;
260104;0100;7;;;
260104;0200;8;;;
260104;0300;9;;;
260104;0400;16;;;
260104;0500;16;;;
260104;0600;15;;;
260104;0700;14;;;
260104;0800;9;;;
260104;0900;12;;;
260104;1000;13;;;
260104;1100;11;;;
260104;1200;13;;;
260104;1300;8;;;
260104;1400;8;;;
260104;1500;12;;;
260104;1600;7;;;
260104;1700;9;;;
260104;1800;8;;;
260104;1900;8;;;
260104;2000;7;;;
260104;2100;6;;;
260104;2200;3;;;
260104;2300;8;;;
260105;0000;6;;;
260105;0100;8;;;
260105;0200;7;;;
260105;0300;9;;;
260105;0400;10;;;
260105;0500;12;;;
260105;0600;9;;;
260105;0700;9;;;
260105;0800;17;;;
260105;0900;10;;;
260105;1000;8;;;
260105;1100;6;;;
260105;1200;4;;;
260105;1300;7;;;
260105;1400;6;;;
260105;1500;6;;;
260105;1600;7;;;
260105;1700;7;;;
260105;1800;7;;;
260105;1900;10;;;
260105;2000;12;;;
260105;2100;12;;;
260105;2200;10;;;
260105;2300;12;;;
260106;0000;12;;;
260106;0100;10;;;
260106;0200;9;;;
260106;0300;6;;;
260106;0400;8;;;
260106;0500;7;;;
260106;0600;13;;;
260106;0700;13;;;
260106;0800;12;;;
260106;0900;16;;;
260106;1000;15;;;
260106;1100;14;;;
260106;1200;13;;;
260106;1300;9;;;
260106;1400;6;;;
260106;1500;6;;;
260106;1600;7;;;
260106;1700;9;;;
260106;1800;10;;;
260106;1900;7;;;
260106;2000;5;;;
260106;2100;5;;;
260106;2200;4;;;
260106;2300;8;;;
260107;0000;5;;;
260107;0100;5;;;
260107;0200;9;;;
260107;0300;12;;;
260107;0400;13;;;
260107;0500;16;;;
260107;0600;29;;;
260107;0700;17;;;
260107;0800;22;;;
260107;0900;14;;;
260107;1000;14;;;
260107;1100;13;;;
260107;1200;9;;;
260107;1300;11;;;
260107;1400;15;;;
260107;1500;18;;;
260107;1600;14;;;
260107;1700;16;;;
260107;1800;9;;;
260107;1900;5;;;
260107;2000;5;;;
260107;2100;4;;;
260107;2200;9;;;
260107;2300;11;;;
260108;0000;7;;;
260108;0100;7;;;
260108;0200;11;;;
260108;0300;8;;;
260108;0400;9;;;
260108;0500;15;;;
260108;0600;16;;;
260108;0700;14;;;
260108;0800;11;;;
260108;0900;10;;;
260108;1000;17;;;
260108;1100;15;;;
260108;1200;15;;;
260108;1300;16;;;
260108;1400;15;;;
260108;1500;14;;;
260108;1600;21;;;
260108;1700;17;;;
260108;1800;10;;;
260108;1900;13;;;
260108;2000;14;;;
260108;2100;16;;;
260108;2200;17;;;
260108;2300;15;;;
260109;0000;17;;;
260109;0100;13;;;
260109;0200;11;;;
260109;0300;15;;;
260109;0400;20;;;
260109;0500;20;;;
260109;0600;28;;;
260109;0700;25;;;
260109;0800;15;;;
260109;0900;19;;;
260109;1000;9;;;
260109;1100;17;;;
260109;1200;10;;;
260109;1300;11;;;
260109;1400;10;;;
260109;1500;10;;;
260109;1600;11;;;
260109;1700;12;;;
260109;1800;6;;;
260109;1900;6;;;
260109;2000;7;;;
260109;2100;10;;;
260109;2200;11;;;
260109;2300;11;;;
260110;0000;12;;;
260110;0100;10;;;
260110;0200;13;;;
260110;0300;19;;;
260110;0400;17;;;
260110;0500;19;;;
260110;0600;18;;;
260110;0700;20;;;
260110;0800;9;;;
260110;0900;12;;;
260110;1000;19;;;
260110;1100;17;;;
260110;1200;12;;;
260110;1300;11;;;
260110;1400;14;;;
260110;1500;14;;;
260110;1600;12;;;
260110;1700;14;;;
260110;1800;15;;;
260110;1900;10;;;
260110;2000;9;;;
260110;2100;7;;;
260110;2200;7;;;
260110;2300;9;;;
260111;0000;12;;;
260111;0100;14;;;
260111;0200;14;;;
260111;0300;8;;;
260111;0400;7;;;
260111;0500;17;;;
260111;0600;17;;;
260111;0700;14;;;
260111;0800;17;;;
260111;0900;11;;;
260111;1000;13;;;
260111;1100;19;;;
260111;1200;7;;;
260111;1300;9;;;
260111;1400;9;;;
260111;1500;9;;;
260111;1600;12;;;
260111;1700;17;;;
260111;1800;9;;;
260111;1900;8;;;
260111;2000;8;;;
260111;2100;7;;;
260111;2200;6;;;
260111;2300;18;;;
260112;0000;10;;;
260112;0100;10;;;
260112;0200;13;;;
260112;0300;18;;;
260112;0400;20;;;
260112;0500;24;;;
260112;0600;27;;;
260112;0700;22;;;
260112;0800;20;;;
260112;0900;14;;;
260112;1000;14;;;
260112;1100;13;;;
260112;1200;18;;;
260112;1300;12;;;
260112;1400;11;;;
260112;1500;11;;;
260112;1600;13;;;
260112;1700;13;;;
260112;1800;16;;;
260112;1900;8;;;
260112;2000;8;;;
260112;2100;10;;;
260112;2200;10;;;
260112;2300;9;;;
260113;0000;9;;;
260113;0100;12;;;
260113;0200;16;;;
260113;0300;8;;;
260113;0400;10;;;
260113;0500;16;;;
260113;0600;17;;;
260113;0700;25;;;
260113;0800;10;;;
260113;0900;7;;;
260113;1000;10;;;
260113;1100;12;;;
260113;1200;14;;;
260113;1300;13;;;
260113;1400;9;;;
260113;1500;4;;;
260113;1600;8;;;
260113;1700;8;;;
260113;1800;13;;;
260113;1900;7;;;
260113;2000;3;;;
260113;2100;4;;;
260113;2200;5;;;
260113;2300;3;;;
260114;0000;1;;;
260114;0100;15;;;
260114;0200;10;;;
260114;0300;12;;;
260114;0400;21;;;
260114;0500;21;;;
260114;0600;19;;;
260114;0700;14;;;
260114;0800;10;;;
260114;0900;11;;;
260114;1000;9;;;
260114;1100;14;;;
260114;1200;18;;;
260114;1300;15;;;
260114;1400;9;;;
260114;1500;7;;;
260114;1600;5;;;
260114;1700;7;;;
260114;1800;4;;;
260114;1900;5;;;
260114;2000;7;;;
260114;2100;6;;;
260114;2200;6;;;
260114;2300;5;;;
260115;0000;6;;;
260115;0100;5;;;
260115;0200;4;;;
260115;0300;4;;;
260115;0400;7;;;
260115;0500;6;;;
260115;0600;7;;;
260115;0700;11;;;
260115;0800;10;;;
260115;0900;12;;;
260115;1000;12;;;
260115;1100;11;;;
260115;1200;13;;;
260115;1300;11;;;
260115;1400;11;;;
260115;1500;9;;;
260115;1600;8;;;
260115;1700;8;;;
260115;1800;19;;;
260115;1900;16;;;
260115;2000;18;;;
260115;2100;13;;;
260115;2200;19;;;
260115;2300;18;;;
260116;0000;17;;;
260116;0100;18;;;
260116;0200;21;;;
260116;0300;20;;;
260116;0400;25;;;
260116;0500;21;;;
260116;0600;30;;;
260116;0700;21;;;
260116;0800;22;;;
260116;0900;29;;;
260116;1000;29;;;
260116;1100;29;;;
260116;1200;16;;;
260116;1300;23;;;
260116;1400;34;;;
260116;1500;21;;;
260116;1600;22;;;
260116;1700;19;;;
260116;1800;15;;;
260116;1900;13;;;
260116;2000;12;;;
260116;2100;12;;;
260116;2200;8;;;
260116;2300;8;;;
260117;0000;21;;;
260117;0100;23;;;
260117;0200;22;;;
260117;0300;19;;;
260117;0400;18;;;
260117;0500;19;;;
260117;0600;28;;;
260117;0700;17;;;
260117;0800;14;;;
260117;0900;18;;;
260117;1000;16;;;
260117;1100;13;;;
260117;1200;13;;;
260117;1300;18;;;
260117;1400;14;;;
260117;1500;11;;;
260117;1600;16;;;
260117;1700;14;;;
260117;1800;13;;;
260117;1900;15;;;
260117;2000;13;;;
260117;2100;10;;;
260117;2200;11;;;
260117;2300;12;;;
260118;0000;7;;;
260118;0100;13;;;
260118;0200;14;;;
260118;0300;20;;;
260118;0400;22;;;
260118;0500;23;;;
260118;0600;25;;;
260118;0700;20;;;
260118;0800;17;;;
260118;0900;24;;;
260118;1000;17;;;
260118;1100;14;;;
260118;1200;15;;;
260118;1300;17;;;
260118;1400;14;;;
260118;1500;16;;;
260118;1600;22;;;
260118;1700;25;;;
260118;1800;21;;;
260118;1900;23;;;
260118;2000;21;;;
260118;2100;17;;;
260118;2200;16;;;
260118;2300;18;;;
260119;0000;17;;;
260119;0100;19;;;
260119;0200;20;;;
260119;0300;22;;;
260119;0400;21;;;
260119;0500;21;;;
260119;0600;26;;;
260119;0700;32;;;
260119;0800;26;;;
260119;0900;24;;;
260119;1000;35;;;
260119;1100;26;;;
260119;1200;23;;;
260119;1300;26;;;
260119;1400;29;;;
260119;1500;29;;;
260119;1600;33;;;
260119;1700;29;;;
260119;1800;28;;;
260119;1900;23;;;
260119;2000;32;;;
260119;2100;29;;;
260119;2200;25;;;
260119;2300;26;;;
260120;0000;27;;;
260120;0100;28;;;
260120;0200;32;;;
260120;0300;30;;;
260120;0400;29;;;
260120;0500;31;;;
260120;0600;34;;;
260120;0700;40;;;
260120;0800;29;;;
260120;0900;31;;;
260120;1000;30;;;
260120;1100;35;;;
260120;1200;39;;;
260120;1300;32;;;
260120;1400;33;;;
260120;1500;28;;;
260120;1600;34;;;
260120;1700;33;;;
260120;1800;31;;;
260120;1900;30;;;
260120;2000;20;;;
260120;2100;16;;;
260120;2200;19;;;
260120;2300;20;;;
260121;0000;21;;;
260121;0100;24;;;
260121;0200;19;;;
260121;0300;15;;;
260121;0400;23;;;
260121;0500;15;;;
260121;0600;24;;;
260121;0700;16;;;
260121;0800;24;;;
260121;0900;16;;;
260121;1000;22;;;
260121;1100;22;;;
260121;1200;16;;;
260121;1300;24;;;
260121;1400;20;;;
260121;1500;15;;;
260121;1600;20;;;
260121;1700;10;;;
260121;1800;19;;;
260121;1900;11;;;
260121;2000;11;;;
260121;2100;7;;;
260121;2200;13;;;
260121;2300;12;;;
260122;0000;12;;;
260122;0100;16;;;
260122;0200;14;;;
260122;0300;10;;;
260122;0400;12;;;
260122;0500;23;;;
260122;0600;20;;;
260122;0700;25;;;
260122;0800;20;;;
260122;0900;18;;;
260122;1000;16;;;
260122;1100;20;;;
260122;1200;21;;;
260122;1300;17;;;
260122;1400;23;;;
260122;1500;21;;;
260122;1600;19;;;
260122;1700;17;;;
260122;1800;16;;;
260122;1900;9;;;
260122;2000;16;;;
260122;2100;13;;;
260122;2200;12;;;
260122;2300;9;;;
260123;0000;11;;;
260123;0100;11;;;
260123;0200;13;;;
260123;0300;18;;;
260123;0400;16;;;
260123;0500;16;;;
260123;0600;20;;;
260123;0700;33;;;
260123;0800;18;;;
260123;0900;22;;;
260123;1000;17;;;
260123;1100;23;;;
260123;1200;22;;;
260123;1300;18;;;
260123;1400;15;;;
260123;1500;16;;;
260123;1600;18;;;
260123;1700;16;;;
260123;1800;15;;;
260123;1900;11;;;
260123;2000;15;;;
260123;2100;14;;;
260123;2200;16;;;
260123;2300;16;;;
260124;0000;17;;;
260124;0100;13;;;
260124;0200;14;;;
260124;0300;16;;;
260124;0400;21;;;
260124;0500;19;;;
260124;0600;16;;;
260124;0700;17;;;
260124;0800;19;;;
260124;0900;15;;;
260124;1000;16;;;
260124;1100;17;;;
260124;1200;11;;;
260124;1300;16;;;
260124;1400;14;;;
260124;1500;14;;;
260124;1600;14;;;
260124;1700;12;;;
260124;1800;12;;;
260124;1900;9;;;
260124;2000;10;;;
260124;2100;7;;;
260124;2200;6;;;
260124;2300;7;;;
260125;0000;7;;;
260125;0100;7;;;
260125;0200;7;;;
260125;0300;9;;;
260125;0400;8;;;
260125;0500;8;;;
260125;0600;9;;;
260125;0700;10;;;
260125;0800;10;;;
260125;0900;12;;;
260125;1000;8;;;
260125;1100;6;;;
260125;1200;11;;;
260125;1300;10;;;
260125;1400;11;;;
260125;1500;7;;;
260125;1600;10;;;
260125;1700;7;;;
260125;1800;10;;;
260125;1900;7;;;
260125;2000;8;;;
260125;2100;7;;;
260125;2200;9;;;
260125;2300;6;;;
260126;0000;4;;;
260126;0100;4;;;
260126;0200;6;;;
260126;0300;7;;;
260126;0400;6;;;
260126;0500;9;;;
260126;0600;8;;;
260126;0700;7;;;
260126;0800;7;;;
260126;0900;6;;;
260126;1000;9;;;
260126;1100;9;;;
260126;1200;9;;;
260126;1300;11;;;
260126;1400;16;;;
260126;1500;7;;;
260126;1600;10;;;
260126;1700;14;;;
260126;1800;10;;;
260126;1900;9;;;
260126;2000;9;;;
260126;2100;6;;;
260126;2200;4;;;
260126;2300;4;;;
260127;0000;2;;;
260127;0100;3;;;
260127;0200;8;;;
260127;0300;5;;;
260127;0400;7;;;
260127;0500;8;;;
260127;0600;9;;;
260127;0700;13;;;
260127;0800;10;;;
260127;0900;6;;;
260127;1000;14;;;
260127;1100;16;;;
260127;1200;;;;
260127;1300;16;;;
260127;1400;10;;;
260127;1500;7;;;
260127;1600;10;;;
260127;1700;9;;;
260127;1800;7;;;
260127;1900;12;;;
260127;2000;9;;;
260127;2100;8;;;
260127;2200;7;;;
260127;2300;6;;;
260128;0000;5;;;
260128;0100;8;;;
260128;0200;8;;;
260128;0300;8;;;
260128;0400;10;;;
260128;0500;18;;;
260128;0600;21;;;
260128;0700;20;;;
260128;0800;11;;;
260128;0900;10;;;
260128;1000;13;;;
260128;1100;18;;;
260128;1200;12;;;
260128;1300;15;;;
260128;1400;15;;;
260128;1500;13;;;
260128;1600;8;;;
260128;1700;20;;;
260128;1800;22;;;
260128;1900;27;;;
260128;2000;16;;;
260128;2100;12;;;
260128;2200;14;;;
260128;2300;12;;;
260129;0000;9;;;
260129;0100;20;;;
260129;0200;16;;;
260129;0300;19;;;
260129;0400;18;;;
260129;0500;20;;;
260129;0600;28;;;
260129;0700;46;;;
260129;0800;23;;;
260129;0900;10;;;
260129;1000;11;;;
260129;1100;15;;;
260129;1200;12;;;
260129;1300;15;;;
260129;1400;11;;;
260129;1500;12;;;
260129;1600;13;;;
260129;1700;10;;;
260129;1800;9;;;
260129;1900;7;;;
260129;2000;7;;;
260129;2100;4;;;
260129;2200;5;;;
260129;2300;5;;;
260130;0000;6;;;
260130;0100;9;;;
260130;0200;7;;;
260130;0300;7;;;
260130;0400;13;;;
260130;0500;7;;;
260130;0600;8;;;
260130;0700;14;;;
260130;0800;9;;;
260130;0900;12;;;
260130;1000;16;;;
260130;1100;15;;;
260130;1200;11;;;
260130;1300;14;;;
260130;1400;;;;
260130;1500;;;;
260130;1600;;;;
260130;1700;;;;
260130;1800;;;;
260130;1900;;;;
260130;2000;;;;
260130;2100;;;;
260130;2200;;;;
260130;2300;;;;
260131;0000;;;;
260131;0100;;;;
260131;0200;;;;
260131;0300;;;;
260131;0400;;;;
260131;0500;;;;
260131;0600;;;;
260131;0700;;;;
260131;0800;;;;
260131;0900;;;;
260131;1000;;;;
260131;1100;;;;
260131;1200;;;;
260131;1300;;;;
260131;1400;;;;
260131;1500;;;;
260131;1600;;;;
260131;1700;;;;
260131;1800;;;;
260131;1900;;;;
260131;2000;;;;
260131;2100;;;;
260131;2200;;;;
260131;2300;;;;
260201;0000;;;;
260201;0100;;;;
260201;0200;;;;
260201;0300;;;;
260201;0400;;;;
260201;0500;;;;
260201;0600;;;;
260201;0700;;;;
260201;0800;;;;
260201;0900;;;;
260201;1000;;;;
260201;1100;;;;
260201;1200;;;;
260201;1300;;;;
260201;1400;;;;
260201;1500;;;;
260201;1600;;;;
260201;1700;;;;
260201;1800;;;;
260201;1900;;;;
260201;2000;;;;
260201;2100;;;;
260201;2200;;;;
260201;2300;;;;
260202;0000;;;;
260202;0100;;;;
260202;0200;;;;
260202;0300;;;;
260202;0400;;;;
260202;0500;;;;
260202;0600;;;;
260202;0700;;;;
260202;0800;;;;
260202;0900;;;;
260202;1000;;;;
260202;1100;;;;
260202;1200;;;;
260202;1300;;;;
260202;1400;9;;;
260202;1500;10;;;
260202;1600;7;;;
260202;1700;4;;;
260202;1800;5;;;
260202;1900;5;;;
260202;2000;1;;;
260202;2100;0;;;
260202;2200;2;;;
260202;2300;5;;;
260203;0000;3;;;
260203;0100;2;;;
260203;0200;2;;;
260203;0300;2;;;
260203;0400;7;;;
260203;0500;6;;;
260203;0600;6;;;
260203;0700;7;;;
260203;0800;9;;;
260203;0900;7;;;
260203;1000;7;;;
260203;1100;18;;;
260203;1200;24;;;
260203;1300;11;;;
260203;1400;8;;;
260203;1500;5;;;
260203;1600;5;;;
260203;1700;10;;;
260203;1800;6;;;
260203;1900;6;;;
260203;2000;7;;;
260203;2100;6;;;
260203;2200;4;;;
260203;2300;1;;;
260204;0000;4;;;
260204;0100;5;;;
260204;0200;3;;;
260204;0300;8;;;
260204;0400;8;;;
260204;0500;7;;;
260204;0600;7;;;
260204;0700;17;;;
260204;0800;8;;;
260204;0900;7;;;
260204;1000;9;;;
260204;1100;9;;;
260204;1200;5;;;
260204;1300;5;;;
260204;1400;7;;;
260204;1500;7;;;
260204;1600;6;;;
260204;1700;7;;;
260204;1800;6;;;
260204;1900;3;;;
260204;2000;1;;;
260204;2100;2;;;
260204;2200;6;;;
260204;2300;7;;;
260205;0000;4;;;
260205;0100;4;;;
260205;0200;3;;;
260205;0300;2;;;
260205;0400;7;;;
260205;0500;5;;;
260205;0600;10;;;
260205;0700;11;;;
260205;0800;10;;;
260205;0900;14;;;
260205;1000;8;;;
260205;1100;7;;;
260205;1200;6;;;
260205;1300;7;;;
260205;1400;7;;;
260205;1500;6;;;
260205;1600;6;;;
260205;1700;7;;;
260205;1800;;;;
260205;1900;3;;;
260205;2000;7;;;
260205;2100;8;;;
260205;2200;7;;;
260205;2300;4;;;
260206;0000;8;;;
260206;0100;8;;;
260206;0200;7;;;
260206;0300;9;;;
260206;0400;10;;;
260206;0500;16;;;
260206;0600;24;;;
260206;0700;17;;;
260206;0800;12;;;
260206;0900;10;;;
260206;1000;10;;;
260206;1100;7;;;
260206;1200;9;;;
260206;1300;10;;;
260206;1400;8;;;
260206;1500;6;;;
260206;1600;7;;;
260206;1700;4;;;
260206;1800;6;;;
260206;1900;11;;;
260206;2000;9;;;
260206;2100;8;;;
260206;2200;7;;;
260206;2300;11;;;
260207;0000;8;;;
260207;0100;13;;;
260207;0200;12;;;
260207;0300;13;;;
260207;0400;10;;;
260207;0500;16;;;
260207;0600;29;;;
260207;0700;13;;;
260207;0800;11;;;
260207;0900;15;;;
260207;1000;14;;;
260207;1100;12;;;
260207;1200;16;;;
260207;1300;8;;;
260207;1400;7;;;
260207;1500;7;;;
260207;1600;11;;;
260207;1700;14;;;
260207;1800;8;;;
260207;1900;5;;;
260207;2000;4;;;
260207;2100;3;;;
260207;2200;8;;;
260207;2300;10;;;
260208;0000;10;;;
260208;0100;15;;;
260208;0200;13;;;
260208;0300;9;;;
260208;0400;9;;;
260208;0500;13;;;
260208;0600;15;;;
260208;0700;15;;;
260208;0800;15;;;
260208;0900;11;;;
260208;1000;12;;;
260208;1100;8;;;
260208;1200;5;;;
260208;1300;4;;;
260208;1400;3;;;
260208;1500;1;;;
260208;1600;3;;;
260208;1700;5;;;
260208;1800;3;;;
260208;1900;4;;;
260208;2000;7;;;
260208;2100;6;;;
260208;2200;2;;;
260208;2300;6;;;
260209;0000;4;;;
260209;0100;2;;;
260209;0200;2;;;
260209;0300;1;;;
260209;0400;2;;;
260209;0500;3;;;
260209;0600;5;;;
260209;0700;12;;;
260209;0800;8;;;
260209;0900;4;;;
260209;1000;5;;;
260209;1100;7;;;
260209;1200;9;;;
260209;1300;7;;;
260209;1400;4;;;
260209;1500;4;;;
260209;1600;9;;;
260209;1700;7;;;
260209;1800;5;;;
260209;1900;6;;;
260209;2000;4;;;
260209;2100;6;;;
260209;2200;7;;;
260209;2300;11;;;
260210;0000;6;;;
260210;0100;3;;;
260210;0200;1;;;
260210;0300;4;;;
260210;0400;6;;;
260210;0500;7;;;
260210;0600;7;;;
260210;0700;15;;;
260210;0800;10;;;
260210;0900;9;;;
260210;1000;10;;;
260210;1100;11;;;
260210;1200;7;;;
260210;1300;8;;;
260210;1400;5;;;
260210;1500;5;;;
260210;1600;17;;;
260210;1700;7;;;
260210;1800;6;;;
260210;1900;8;;;
260210;2000;7;;;
260210;2100;7;;;
260210;2200;8;;;
260210;2300;5;;;
260211;0000;5;;;
260211;0100;5;;;
260211;0200;1;;;
260211;0300;1;;;
260211;0400;7;;;
260211;0500;9;;;
260211;0600;12;;;
260211;0700;10;;;
260211;0800;10;;;
260211;0900;8;;;
260211;1000;10;;;
260211;1100;7;;;
260211;1200;6;;;
260211;1300;7;;;
260211;1400;9;;;
260211;1500;10;;;
260211;1600;6;;;
260211;1700;4;;;
260211;1800;5;;;
260211;1900;6;;;
260211;2000;7;;;
260211;2100;9;;;
260211;2200;9;;;
260211;2300;14;;;
260212;0000;8;;;
260212;0100;14;;;
260212;0200;9;;;
260212;0300;13;;;
260212;0400;20;;;
260212;0500;6;;;
260212;0600;11;;;
260212;0700;19;;;
260212;0800;17;;;
260212;0900;12;;;
260212;1000;24;;;
260212;1100;16;;;
260212;1200;8;;;
260212;1300;14;;;
260212;1400;10;;;
260212;1500;8;;;
260212;1600;5;;;
260212;1700;4;;;
260212;1800;7;;;
260212;1900;7;;;
260212;2000;9;;;
260212;2100;8;;;
260212;2200;10;;;
260212;2300;9;;;
260213;0000;11;;;
260213;0100;12;;;
260213;0200;12;;;
260213;0300;9;;;
260213;0400;15;;;
260213;0500;14;;;
260213;0600;24;;;
260213;0700;17;;;
260213;0800;14;;;
260213;0900;11;;;
260213;1000;9;;;
260213;1100;21;;;
260213;1200;17;;;
260213;1300;13;;;
260213;1400;12;;;
260213;1500;13;;;
260213;1600;8;;;
260213;1700;5;;;
260213;1800;6;;;
260213;1900;6;;;
260213;2000;6;;;
260213;2100;9;;;
260213;2200;8;;;
260213;2300;7;;;
260214;0000;10;;;
260214;0100;13;;;
260214;0200;10;;;
260214;0300;7;;;
260214;0400;7;;;
260214;0500;13;;;
260214;0600;16;;;
260214;0700;18;;;
260214;0800;21;;;
260214;0900;15;;;
260214;1000;13;;;
260214;1100;9;;;
260214;1200;12;;;
260214;1300;11;;;
260214;1400;5;;;
260214;1500;3;;;
260214;1600;6;;;
260214;1700;4;;;
260214;1800;6;;;
260214;1900;7;;;
260214;2000;4;;;
260214;2100;8;;;
260214;2200;6;;;
260214;2300;3;;;
260215;0000;4;;;
260215;0100;2;;;
260215;0200;5;;;
260215;0300;4;;;
260215;0400;6;;;
260215;0500;10;;;
260215;0600;9;;;
260215;0700;10;;;
260215;0800;17;;;
260215;0900;12;;;
260215;1000;7;;;
260215;1100;9;;;
260215;1200;9;;;
260215;1300;6;;;
260215;1400;4;;;
260215;1500;5;;;
260215;1600;17;;;
260215;1700;22;;;
260215;1800;11;;;
260215;1900;8;;;
260215;2000;7;;;
260215;2100;10;;;
260215;2200;8;;;
260215;2300;7;;;
260216;0000;6;;;
260216;0100;10;;;
260216;0200;11;;;
260216;0300;15;;;
260216;0400;13;;;
260216;0500;12;;;
260216;0600;17;;;
260216;0700;16;;;
260216;0800;14;;;
260216;0900;13;;;
260216;1000;14;;;
260216;1100;12;;;
260216;1200;17;;;
260216;1300;14;;;
260216;1400;11;;;
260216;1500;11;;;
260216;1600;10;;;
260216;1700;11;;;
260216;1800;11;;;
260216;1900;8;;;
260216;2000;4;;;
260216;2100;4;;;
260216;2200;4;;;
260216;2300;4;;;
260217;0000;5;;;
260217;0100;9;;;
260217;0200;9;;;
260217;0300;8;;;
260217;0400;11;;;
260217;0500;25;;;
260217;0600;25;;;
260217;0700;31;;;
260217;0800;20;;;
260217;0900;11;;;
260217;1000;11;;;
260217;1100;9;;;
260217;1200;10;;;
260217;1300;7;;;
260217;1400;7;;;
260217;1500;8;;;
260217;1600;4;;;
260217;1700;3;;;
260217;1800;11;;;
260217;1900;29;;;
260217;2000;16;;;
260217;2100;10;;;
260217;2200;14;;;
260217;2300;14;;;
260218;0000;10;;;
260218;0100;11;;;
260218;0200;12;;;
260218;0300;16;;;
260218;0400;17;;;
260218;0500;29;;;
260218;0600;26;;;
260218;0700;13;;;
260218;0800;14;;;
260218;0900;12;;;
260218;1000;17;;;
260218;1100;9;;;
260218;1200;9;;;
260218;1300;6;;;
260218;1400;4;;;
260218;1500;4;;;
260218;1600;6;;;
260218;1700;4;;;
260218;1800;7;;;
260218;1900;15;;;
260218;2000;4;;;
260218;2100;10;;;
260218;2200;6;;;
260218;2300;12;;;
260219;0000;12;;;
260219;0100;7;;;
260219;0200;4;;;
260219;0300;6;;;
260219;0400;12;;;
260219;0500;16;;;
260219;0600;15;;;
260219;0700;16;;;
260219;0800;22;;;
260219;0900;13;;;
260219;1000;14;;;
260219;1100;16;;;
260219;1200;17;;;
260219;1300;19;;;
260219;1400;15;;;
260219;1500;8;;;
260219;1600;10;;;
260219;1700;16;;;
260219;1800;18;;;
260219;1900;10;;;
260219;2000;11;;;
260219;2100;7;;;
260219;2200;7;;;
260219;2300;13;;;
260220;0000;9;;;
260220;0100;11;;;
260220;0200;11;;;
260220;0300;19;;;
260220;0400;10;;;
260220;0500;15;;;
260220;0600;15;;;
260220;0700;17;;;
260220;0800;15;;;
260220;0900;18;;;
260220;1000;13;;;
260220;1100;14;;;
260220;1200;9;;;
260220;1300;9;;;
260220;1400;11;;;
260220;1500;11;;;
260220;1600;9;;;
260220;1700;12;;;
260220;1800;14;;;
260220;1900;11;;;
260220;2000;10;;;
260220;2100;13;;;
260220;2200;10;;;
260220;2300;11;;;
260221;0000;7;;;
260221;0100;8;;;
260221;0200;7;;;
260221;0300;11;;;
260221;0400;14;;;
260221;0500;11;;;
260221;0600;16;;;
260221;0700;11;;;
260221;0800;27;;;
260221;0900;19;;;
260221;1000;22;;;
260221;1100;17;;;
260221;1200;19;;;
260221;1300;11;;;
260221;1400;9;;;
260221;1500;7;;;
260221;1600;14;;;
260221;1700;13;;;
260221;1800;12;;;
260221;1900;11;;;
260221;2000;12;;;
260221;2100;13;;;
260221;2200;11;;;
260221;2300;10;;;
260222;0000;8;;;
260222;0100;9;;;
260222;0200;16;;;
260222;0300;13;;;
260222;0400;14;;;
260222;0500;16;;;
260222;0600;21;;;
260222;0700;16;;;
260222;0800;25;;;
260222;0900;20;;;
260222;1000;16;;;
260222;1100;14;;;
260222;1200;9;;;
260222;1300;8;;;
260222;1400;11;;;
260222;1500;9;;;
260222;1600;11;;;
260222;1700;13;;;
260222;1800;12;;;
260222;1900;9;;;
260222;2000;7;;;
260222;2100;5;;;
260222;2200;5;;;
260222;2300;9;;;
260223;0000;10;;;
260223;0100;15;;;
260223;0200;10;;;
260223;0300;14;;;
260223;0400;12;;;
260223;0500;17;;;
260223;0600;14;;;
260223;0700;35;;;
260223;0800;16;;;
260223;0900;22;;;
260223;1000;19;;;
260223;1100;15;;;
260223;1200;9;;;
260223;1300;15;;;
260223;1400;15;;;
260223;1500;14;;;
260223;1600;13;;;
260223;1700;12;;;
260223;1800;10;;;
260223;1900;9;;;
260223;2000;7;;;
260223;2100;4;;;
260223;2200;14;;;
260223;2300;13;;;
260224;0000;14;;;
260224;0100;12;;;
260224;0200;10;;;
260224;0300;20;;;
260224;0400;24;;;
260224;0500;27;;;
260224;0600;33;;;
260224;0700;34;;;
260224;0800;36;;;
260224;0900;39;;;
260224;1000;28;;;
260224;1100;18;;;
260224;1200;16;;;
260224;1300;11;;;
260224;1400;16;;;
260224;1500;11;;;
260224;1600;18;;;
260224;1700;14;;;
260224;1800;10;;;
260224;1900;11;;;
260224;2000;10;;;
260224;2100;7;;;
260224;2200;5;;;
260224;2300;5;;;
260225;0000;6;;;
260225;0100;9;;;
260225;0200;11;;;
260225;0300;16;;;
260225;0400;12;;;
260225;0500;15;;;
260225;0600;21;;;
260225;0700;29;;;
260225;0800;34;;;
260225;0900;14;;;
260225;1000;10;;;
260225;1100;8;;;
260225;1200;7;;;
260225;1300;7;;;
260225;1400;18;;;
260225;1500;18;;;
260225;1600;15;;;
260225;1700;10;;;
260225;1800;7;;;
260225;1900;5;;;
260225;2000;7;;;
260225;2100;7;;;
260225;2200;4;;;
260225;2300;4;;;
260226;0000;9;;;
260226;0100;10;;;
260226;0200;12;;;
260226;0300;17;;;
260226;0400;20;;;
260226;0500;15;;;
260226;0600;21;;;
260226;0700;20;;;
260226;0800;20;;;
260226;0900;11;;;
260226;1000;27;;;
260226;1100;13;;;
260226;1200;9;;;
260226;1300;10;;;
260226;1400;6;;;
260226;1500;2;;;
260226;1600;7;;;
260226;1700;7;;;
260226;1800;3;;;
260226;1900;12;;;
260226;2000;9;;;
260226;2100;7;;;
260226;2200;7;;;
260226;2300;6;;;
260227;0000;8;;;
260227;0100;12;;;
260227;0200;12;;;
260227;0300;12;;;
260227;0400;11;;;
260227;0500;21;;;
260227;0600;27;;;
260227;0700;20;;;
260227;0800;17;;;
260227;0900;16;;;
260227;1000;8;;;
260227;1100;10;;;
260227;1200;6;;;
260227;1300;3;;;
260227;1400;5;;;
260227;1500;7;;;
260227;1600;7;;;
260227;1700;7;;;
260227;1800;7;;;
260227;1900;5;;;
260227;2000;3;;;
260227;2100;3;;;
260227;2200;6;;;
260227;2300;5;;;
260228;0000;8;;;
260228;0100;9;;;
260228;0200;10;;;
260228;0300;11;;;
260228;0400;8;;;
260228;0500;11;;;
260228;0600;18;;;
260228;0700;11;;;
260228;0800;12;;;
260228;0900;10;;;
260228;1000;11;;;
260228;1100;10;;;
260228;1200;16;;;
260228;1300;9;;;
260228;1400;8;;;
260228;1500;5;;;
260228;1600;3;;;
260228;1700;4;;;
260228;1800;7;;;
260228;1900;8;;;
260228;2000;6;;;
260228;2100;1;;;
260228;2200;1;;;
260228;2300;5;;;
260301;0000;7;;;
260301;0100;6;;;
260301;0200;5;;;
260301;0300;7;;;
260301;0400;7;;;
260301;0500;7;;;
260301;0600;20;;;
260301;0700;11;;;
260301;0800;19;;;
260301;0900;7;;;
260301;1000;6;;;
260301;1100;6;;;
260301;1200;8;;;
260301;1300;7;;;
260301;1400;6;;;
260301;1500;3;;;
260301;1600;6;;;
260301;1700;7;;;
260301;1800;8;;;
260301;1900;7;;;
260301;2000;4;;;
260301;2100;5;;;
260301;2200;4;;;
260301;2300;2;;;
260302;0000;1;;;
260302;0100;2;;;
260302;0200;5;;;
260302;0300;3;;;
260302;0400;5;;;
260302;0500;9;;;
260302;0600;8;;;
260302;0700;13;;;
260302;0800;12;;;
260302;0900;7;;;
260302;1000;5;;;
260302;1100;5;;;
260302;1200;6;;;
260302;1300;5;;;
260302;1400;4;;;
260302;1500;3;;;
260302;1600;9;;;
260302;1700;8;;;
260302;1800;6;;;
260302;1900;5;;;
260302;2000;4;;;
260302;2100;4;;;
260302;2200;4;;;
260302;2300;6;;;
260303;0000;6;;;
260303;0100;8;;;
260303;0200;6;;;
260303;0300;10;;;
260303;0400;19;;;
260303;0500;15;;;
260303;0600;12;;;
260303;0700;15;;;
260303;0800;18;;;
260303;0900;14;;;
260303;1000;19;;;
260303;1100;20;;;
260303;1200;12;;;
260303;1300;11;;;
260303;1400;9;;;
260303;1500;7;;;
260303;1600;5;;;
260303;1700;6;;;
260303;1800;13;;;
260303;1900;10;;;
260303;2000;12;;;
260303;2100;13;;;
260303;2200;13;;;
260303;2300;7;;;
260304;0000;10;;;
260304;0100;13;;;
260304;0200;16;;;
260304;0300;14;;;
260304;0400;13;;;
260304;0500;13;;;
260304;0600;14;;;
260304;0700;20;;;
260304;0800;12;;;
260304;0900;10;;;
260304;1000;18;;;
260304;1100;30;;;
260304;1200;15;;;
260304;1300;7;;;
260304;1400;19;;;
260304;1500;15;;;
260304;1600;12;;;
260304;1700;8;;;
260304;1800;6;;;
260304;1900;8;;;
260304;2000;9;;;
260304;2100;10;;;
260304;2200;8;;;
260304;2300;8;;;
260305;0000;9;;;
260305;0100;8;;;
260305;0200;11;;;
260305;0300;11;;;
260305;0400;10;;;
260305;0500;16;;;
260305;0600;21;;;
260305;0700;24;;;
260305;0800;19;;;
260305;0900;11;;;
260305;1000;12;;;
260305;1100;13;;;
260305;1200;15;;;
260305;1300;16;;;
260305;1400;13;;;
260305;1500;17;;;
260305;1600;29;;;
260305;1700;20;;;
260305;1800;10;;;
260305;1900;14;;;
260305;2000;11;;;
260305;2100;7;;;
260305;2200;10;;;
260305;2300;11;;;
260306;0000;18;;;
260306;0100;19;;;
260306;0200;13;;;
260306;0300;14;;;
260306;0400;21;;;
260306;0500;28;;;
260306;0600;30;;;
260306;0700;29;;;
260306;0800;28;;;
260306;0900;23;;;
260306;1000;21;;;
260306;1100;27;;;
260306;1200;16;;;
260306;1300;22;;;
260306;1400;14;;;
260306;1500;16;;;
260306;1600;20;;;
260306;1700;19;;;
260306;1800;13;;;
260306;1900;14;;;
260306;2000;13;;;
260306;2100;8;;;
260306;2200;5;;;
260306;2300;11;;;
260307;0000;8;;;
260307;0100;10;;;
260307;0200;7;;;
260307;0300;7;;;
260307;0400;14;;;
260307;0500;11;;;
260307;0600;13;;;
260307;0700;12;;;
260307;0800;9;;;
260307;0900;14;;;
260307;1000;12;;;
260307;1100;14;;;
260307;1200;13;;;
260307;1300;13;;;
260307;1400;13;;;
260307;1500;7;;;
260307;1600;7;;;
260307;1700;13;;;
260307;1800;8;;;
260307;1900;8;;;
260307;2000;8;;;
260307;2100;8;;;
260307;2200;12;;;
260307;2300;8;;;
260308;0000;6;;;
260308;0100;13;;;
260308;0200;10;;;
260308;0300;10;;;
260308;0400;9;;;
260308;0500;9;;;
260308;0600;9;;;
260308;0700;8;;;
260308;0800;14;;;
260308;0900;14;;;
260308;1000;14;;;
260308;1100;15;;;
260308;1200;13;;;
260308;1300;9;;;
260308;1400;7;;;
260308;1500;7;;;
260308;1600;11;;;
260308;1700;9;;;
260308;1800;7;;;
260308;1900;9;;;
260308;2000;5;;;
260308;2100;6;;;
260308;2200;7;;;
260308;2300;6;;;
260309;0000;9;;;
260309;0100;12;;;
260309;0200;8;;;
260309;0300;7;;;
260309;0400;10;;;
260309;0500;7;;;
260309;0600;17;;;
260309;0700;21;;;
260309;0800;16;;;
260309;0900;15;;;
260309;1000;8;;;
260309;1100;13;;;
260309;1200;18;;;
260309;1300;11;;;
260309;1400;9;;;
260309;1500;9;;;
260309;1600;9;;;
260309;1700;8;;;
260309;1800;6;;;
260309;1900;9;;;
260309;2000;8;;;
260309;2100;9;;;
260309;2200;6;;;
260309;2300;7;;;
260310;0000;14;;;
260310;0100;13;;;
260310;0200;12;;;
260310;0300;15;;;
260310;0400;14;;;
260310;0500;24;;;
260310;0600;28;;;
260310;0700;39;;;
260310;0800;15;;;
260310;0900;17;;;
260310;1000;11;;;
260310;1100;17;;;
260310;1200;18;;;
260310;1300;13;;;
260310;1400;8;;;
260310;1500;8;;;
260310;1600;7;;;
260310;1700;7;;;
260310;1800;19;;;
260310;1900;11;;;
260310;2000;10;;;
260310;2100;6;;;
260310;2200;11;;;
260310;2300;12;;;
260311;0000;7;;;
260311;0100;8;;;
260311;0200;8;;;
260311;0300;10;;;
260311;0400;9;;;
260311;0500;19;;;
260311;0600;27;;;
260311;0700;30;;;
260311;0800;33;;;
260311;0900;20;;;
260311;1000;17;;;
260311;1100;12;;;
260311;1200;13;;;
260311;1300;15;;;
260311;1400;11;;;
260311;1500;10;;;
260311;1600;14;;;
260311;1700;13;;;
260311;1800;12;;;
260311;1900;11;;;
260311;2000;10;;;
260311;2100;9;;;
260311;2200;8;;;
260311;2300;10;;;
260312;0000;8;;;
260312;0100;13;;;
260312;0200;13;;;
260312;0300;13;;;
260312;0400;16;;;
260312;0500;16;;;
260312;0600;32;;;
260312;0700;42;;;
260312;0800;26;;;
260312;0900;17;;;
260312;1000;20;;;
260312;1100;11;;;
260312;1200;28;;;
260312;1300;16;;;
260312;1400;16;;;
260312;1500;13;;;
260312;1600;14;;;
260312;1700;10;;;
260312;1800;7;;;
260312;1900;9;;;
260312;2000;28;;;
260312;2100;16;;;
260312;2200;13;;;
260312;2300;18;;;
260313;0000;14;;;
260313;0100;19;;;
260313;0200;12;;;
260313;0300;14;;;
260313;0400;19;;;
260313;0500;18;;;
260313;0600;16;;;
260313;0700;16;;;
260313;0800;28;;;
260313;0900;20;;;
260313;1000;20;;;
260313;1100;13;;;
260313;1200;17;;;
260313;1300;18;;;
260313;1400;18;;;
260313;1500;15;;;
260313;1600;14;;;
260313;1700;15;;;
260313;1800;10;;;
260313;1900;9;;;
260313;2000;11;;;
260313;2100;10;;;
260313;2200;15;;;
260313;2300;10;;;
260314;0000;12;;;
260314;0100;15;;;
260314;0200;10;;;
260314;0300;14;;;
260314;0400;13;;;
260314;0500;12;;;
260314;0600;14;;;
260314;0700;13;;;
260314;0800;17;;;
260314;0900;17;;;
260314;1000;15;;;
260314;1100;20;;;
260314;1200;11;;;
260314;1300;11;;;
260314;1400;12;;;
260314;1500;11;;;
260314;1600;12;;;
260314;1700;12;;;
260314;1800;10;;;
260314;1900;11;;;
260314;2000;13;;;
260314;2100;11;;;
260314;2200;8;;;
260314;2300;13;;;
260315;0000;9;;;
260315;0100;12;;;
260315;0200;10;;;
260315;0300;10;;;
260315;0400;9;;;
260315;0500;7;;;
260315;0600;6;;;
260315;0700;13;;;
260315;0800;10;;;
260315;0900;12;;;
260315;1000;12;;;
260315;1100;9;;;
260315;1200;13;;;
260315;1300;7;;;
260315;1400;9;;;
260315;1500;6;;;
260315;1600;5;;;
260315;1700;5;;;
260315;1800;2;;;
260315;1900;1;;;
260315;2000;5;;;
260315;2100;4;;;
260315;2200;3;;;
260315;2300;3;;;
260316;0000;3;;;
260316;0100;6;;;
260316;0200;4;;;
260316;0300;5;;;
260316;0400;4;;;
260316;0500;6;;;
260316;0600;11;;;
260316;0700;10;;;
260316;0800;19;;;
260316;0900;8;;;
260316;1000;15;;;
260316;1100;7;;;
260316;1200;9;;;
260316;1300;7;;;
260316;1400;4;;;
260316;1500;2;;;
260316;1600;4;;;
260316;1700;9;;;
260316;1800;7;;;
260316;1900;6;;;
260316;2000;8;;;
260316;2100;7;;;
260316;2200;4;;;
260316;2300;2;;;
260317;0000;3;;;
260317;0100;2;;;
260317;0200;2;;;
260317;0300;2;;;
260317;0400;2;;;
260317;0500;6;;;
260317;0600;7;;;
260317;0700;6;;;
260317;0800;16;;;
260317;0900;9;;;
260317;1000;13;;;
260317;1100;12;;;
260317;1200;14;;;
260317;1300;11;;;
260317;1400;7;;;
260317;1500;7;;;
260317;1600;9;;;
260317;1700;7;;;
260317;1800;6;;;
260317;1900;6;;;
260317;2000;4;;;
260317;2100;7;;;
260317;2200;7;;;
260317;2300;5;;;
260318;0000;9;;;
260318;0100;10;;;
260318;0200;7;;;
260318;0300;9;;;
260318;0400;9;;;
260318;0500;14;;;
260318;0600;22;;;
260318;0700;22;;;
260318;0800;19;;;
260318;0900;17;;;
260318;1000;17;;;
260318;1100;19;;;
260318;1200;15;;;
260318;1300;10;;;
260318;1400;15;;;
260318;1500;12;;;
260318;1600;17;;;
260318;1700;13;;;
260318;1800;10;;;
260318;1900;8;;;
260318;2000;10;;;
260318;2100;7;;;
260318;2200;7;;;
260318;2300;11;;;
260319;0000;7;;;
260319;0100;4;;;
260319;0200;17;;;
260319;0300;8;;;
260319;0400;7;;;
260319;0500;9;;;
260319;0600;8;;;
260319;0700;15;;;
260319;0800;15;;;
260319;0900;13;;;
260319;1000;11;;;
260319;1100;12;;;
260319;1200;14;;;
260319;1300;15;;;
260319;1400;11;;;
260319;1500;17;;;
260319;1600;9;;;
260319;1700;7;;;
260319;1800;5;;;
260319;1900;6;;;
260319;2000;9;;;
260319;2100;5;;;
260319;2200;2;;;
260319;2300;5;;;
260320;0000;4;;;
260320;0100;6;;;
260320;0200;3;;;
260320;0300;3;;;
260320;0400;2;;;
260320;0500;3;;;
260320;0600;14;;;
260320;0700;10;;;
260320;0800;10;;;
260320;0900;11;;;
260320;1000;11;;;
260320;1100;12;;;
260320;1200;11;;;
260320;1300;9;;;
260320;1400;7;;;
260320;1500;7;;;
260320;1600;4;;;
260320;1700;2;;;
260320;1800;4;;;
260320;1900;9;;;
260320;2000;6;;;
260320;2100;6;;;
260320;2200;5;;;
260320;2300;5;;;
260321;0000;3;;;
260321;0100;1;;;
260321;0200;2;;;
260321;0300;3;;;
260321;0400;5;;;
260321;0500;8;;;
260321;0600;7;;;
260321;0700;5;;;
260321;0800;8;;;
260321;0900;8;;;
260321;1000;7;;;
260321;1100;7;;;
260321;1200;15;;;
260321;1300;14;;;
260321;1400;9;;;
260321;1500;8;;;
260321;1600;8;;;
260321;1700;8;;;
260321;1800;4;;;
260321;1900;5;;;
260321;2000;7;;;
260321;2100;5;;;
260321;2200;3;;;
260321;2300;4;;;
260322;0000;5;;;
260322;0100;8;;;
260322;0200;6;;;
260322;0300;6;;;
260322;0400;6;;;
260322;0500;5;;;
260322;0600;4;;;
260322;0700;5;;;
260322;0800;8;;;
260322;0900;10;;;
260322;1000;8;;;
260322;1100;9;;;
260322;1200;9;;;
260322;1300;6;;;
260322;1400;9;;;
260322;1500;10;;;
260322;1600;7;;;
260322;1700;8;;;
260322;1800;6;;;
260322;1900;10;;;
260322;2000;22;;;
260322;2100;23;;;
260322;2200;25;;;
260322;2300;11;;;
260323;0000;12;;;
260323;0100;9;;;
260323;0200;16;;;
260323;0300;17;;;
260323;0400;16;;;
260323;0500;22;;;
260323;0600;20;;;
260323;0700;32;;;
260323;0800;23;;;
260323;0900;17;;;
260323;1000;15;;;
260323;1100;11;;;
260323;1200;16;;;
260323;1300;27;;;
260323;1400;14;;;
260323;1500;8;;;
260323;1600;6;;;
260323;1700;7;;;
260323;1800;6;;;
260323;1900;7;;;
260323;2000;8;;;
260323;2100;10;;;
260323;2200;14;;;
260323;2300;12;;;
260324;0000;12;;;
260324;0100;16;;;
260324;0200;12;;;
260324;0300;10;;;
260324;0400;12;;;
260324;0500;25;;;
260324;0600;27;;;
260324;0700;29;;;
260324;0800;19;;;
260324;0900;20;;;
260324;1000;31;;;
260324;1100;12;;;
260324;1200;13;;;
260324;1300;12;;;
260324;1400;12;;;
260324;1500;6;;;
260324;1600;6;;;
260324;1700;5;;;
260324;1800;7;;;
260324;1900;6;;;
260324;2000;11;;;
260324;2100;10;;;
260324;2200;7;;;
260324;2300;13;;;
260325;0000;14;;;
260325;0100;11;;;
260325;0200;8;;;
260325;0300;13;;;
260325;0400;7;;;
260325;0500;8;;;
260325;0600;10;;;
260325;0700;20;;;
260325;0800;20;;;
260325;0900;21;;;
260325;1000;16;;;
260325;1100;20;;;
260325;1200;13;;;
260325;1300;13;;;
260325;1400;9;;;
260325;1500;12;;;
260325;1600;8;;;
260325;1700;8;;;
260325;1800;7;;;
260325;1900;8;;;
260325;2000;9;;;
260325;2100;8;;;
260325;2200;15;;;
260325;2300;9;;;
260326;0000;9;;;
260326;0100;9;;;
260326;0200;15;;;
260326;0300;13;;;
260326;0400;11;;;
260326;0500;13;;;
260326;0600;16;;;
260326;0700;26;;;
260326;0800;17;;;
260326;0900;22;;;
260326;1000;17;;;
260326;1100;19;;;
260326;1200;20;;;
260326;1300;17;;;
260326;1400;12;;;
260326;1500;9;;;
260326;1600;9;;;
260326;1700;10;;;
260326;1800;11;;;
260326;1900;12;;;
260326;2000;9;;;
260326;2100;9;;;
260326;2200;11;;;
260326;2300;11;;;
260327;0000;9;;;
260327;0100;10;;;
260327;0200;16;;;
260327;0300;15;;;
260327;0400;20;;;
260327;0500;16;;;
260327;0600;25;;;
260327;0700;37;;;
260327;0800;33;;;
260327;0900;28;;;
260327;1000;16;;;
260327;1100;27;;;
260327;1200;18;;;
260327;1300;19;;;
260327;1400;18;;;
260327;1500;15;;;
260327;1600;13;;;
260327;1700;12;;;
260327;1800;9;;;
260327;1900;17;;;
260327;2000;17;;;
260327;2100;18;;;
260327;2200;17;;;
260327;2300;25;;;
260328;0000;15;;;
260328;0100;28;;;
260328;0200;28;;;
260328;0300;33;;;
260328;0400;33;;;
260328;0500;35;;;
260328;0600;38;;;
260328;0700;35;;;
260328;0800;31;;;
260328;0900;33;;;
260328;1000;26;;;
260328;1100;23;;;
260328;1200;21;;;
260328;1300;23;;;
260328;1400;14;;;
260328;1500;17;;;
260328;1600;11;;;
260328;1700;14;;;
260328;1800;13;;;
260328;1900;9;;;
260328;2000;13;;;
260328;2100;11;;;
260328;2200;7;;;
260328;2300;6;;;
260329;0000;7;;;
260329;0100;6;;;
260329;0200;5;;;
260329;0300;13;;;
260329;0400;13;;;
260329;0500;17;;;
260329;0600;22;;;
260329;0700;27;;;
260329;0800;24;;;
260329;0900;23;;;
260329;1000;27;;;
260329;1100;27;;;
260329;1200;20;;;
260329;1300;17;;;
260329;1400;18;;;
260329;1500;10;;;
260329;1600;10;;;
260329;1700;9;;;
260329;1800;13;;;
260329;1900;11;;;
260329;2000;7;;;
260329;2100;13;;;
260329;2200;11;;;
260329;2300;16;;;
260330;0000;26;;;
260330;0100;31;;;
260330;0200;33;;;
260330;0300;27;;;
260330;0400;29;;;
260330;0500;31;;;
260330;0600;34;;;
260330;0700;43;;;
260330;0800;22;;;
260330;0900;23;;;
260330;1000;20;;;
260330;1100;16;;;
260330;1200;16;;;
260330;1300;13;;;
260330;1400;11;;;
260330;1500;11;;;
260330;1600;16;;;
260330;1700;9;;;
260330;1800;9;;;
260330;1900;13;;;
260330;2000;15;;;
260330;2100;13;;;
260330;2200;14;;;
260330;2300;15;;;
260331;0000;15;;;
260331;0100;18;;;
260331;0200;17;;;
260331;0300;23;;;
260331;0400;33;;;
260331;0500;36;;;
260331;0600;35;;;
260331;0700;35;;;
260331;0800;28;;;
260331;0900;30;;;
260331;1000;27;;;
260331;1100;23;;;
260331;1200;33;;;
260331;1300;14;;;
260331;1400;14;;;
260331;1500;16;;;
260331;1600;14;;;
260331;1700;15;;;
260331;1800;14;;;
260331;1900;10;;;
260331;2000;10;;;
260331;2100;17;;;
260331;2200;22;;;
260331;2300;13;;;
260401;0000;15;;;
260401;0100;23;;;
260401;0200;21;;;
260401;0300;23;;;
260401;0400;21;;;
260401;0500;28;;;
260401;0600;31;;;
260401;0700;52;;;
260401;0800;37;;;
260401;0900;26;;;
260401;1000;23;;;
260401;1100;21;;;
260401;1200;25;;;
260401;1300;15;;;
260401;1400;11;;;
260401;1500;9;;;
260401;1600;16;;;
260401;1700;5;;;
260401;1800;14;;;
260401;1900;15;;;
260401;2000;13;;;
260401;2100;16;;;
260401;2200;8;;;
260401;2300;12;;;
260402;0000;14;;;
260402;0100;12;;;
260402;0200;13;;;
260402;0300;12;;;
260402;0400;20;;;
260402;0500;24;;;
260402;0600;36;;;
260402;0700;41;;;
260402;0800;34;;;
260402;0900;25;;;
260402;1000;25;;;
260402;1100;30;;;
260402;1200;20;;;
260402;1300;17;;;
260402;1400;18;;;
260402;1500;14;;;
260402;1600;13;;;
260402;1700;14;;;
260402;1800;20;;;
260402;1900;21;;;
260402;2000;23;;;
260402;2100;24;;;
260402;2200;33;;;
260402;2300;31;;;
260403;0000;25;;;
260403;0100;29;;;
260403;0200;26;;;
260403;0300;26;;;
260403;0400;27;;;
260403;0500;34;;;
260403;0600;34;;;
260403;0700;37;;;
260403;0800;39;;;
260403;0900;40;;;
260403;1000;28;;;
260403;1100;31;;;
260403;1200;32;;;
260403;1300;29;;;
260403;1400;24;;;
260403;1500;13;;;
260403;1600;10;;;
260403;1700;10;;;
260403;1800;7;;;
260403;1900;8;;;
260403;2000;12;;;
260403;2100;12;;;
260403;2200;17;;;
260403;2300;24;;;
260404;0000;25;;;
260404;0100;20;;;
260404;0200;24;;;
260404;0300;26;;;
260404;0400;34;;;
260404;0500;32;;;
260404;0600;31;;;
260404;0700;36;;;
260404;0800;26;;;
260404;0900;24;;;
260404;1000;32;;;
260404;1100;27;;;
260404;1200;23;;;
260404;1300;14;;;
260404;1400;9;;;
260404;1500;10;;;
260404;1600;9;;;
260404;1700;15;;;
260404;1800;14;;;
260404;1900;11;;;
260404;2000;9;;;
260404;2100;19;;;
260404;2200;18;;;
260404;2300;19;;;
260405;0000;24;;;
260405;0100;24;;;
260405;0200;28;;;
260405;0300;28;;;
260405;0400;29;;;
260405;0500;25;;;
260405;0600;18;;;
260405;0700;21;;;
260405;0800;15;;;
260405;0900;12;;;
260405;1000;7;;;
260405;1100;11;;;
260405;1200;16;;;
260405;1300;13;;;
260405;1400;9;;;
260405;1500;6;;;
260405;1600;4;;;
260405;1700;4;;;
260405;1800;6;;;
260405;1900;7;;;
260405;2000;5;;;
260405;2100;4;;;
260405;2200;2;;;
260405;2300;3;;;
260406;0000;7;;;
260406;0100;8;;;
260406;0200;8;;;
260406;0300;6;;;
260406;0400;3;;;
260406;0500;4;;;
260406;0600;12;;;
260406;0700;14;;;
260406;0800;16;;;
260406;0900;6;;;
260406;1000;23;;;
260406;1100;14;;;
260406;1200;13;;;
260406;1300;9;;;
260406;1400;9;;;
260406;1500;7;;;
260406;1600;6;;;
260406;1700;7;;;
260406;1800;10;;;
260406;1900;11;;;
260406;2000;14;;;
260406;2100;12;;;
260406;2200;12;;;
260406;2300;20;;;
260407;0000;24;;;
260407;0100;28;;;
260407;0200;32;;;
260407;0300;27;;;
260407;0400;26;;;
260407;0500;31;;;
260407;0600;23;;;
260407;0700;34;;;
260407;0800;29;;;
260407;0900;26;;;
260407;1000;22;;;
260407;1100;21;;;
260407;1200;19;;;
260407;1300;22;;;
260407;1400;18;;;
260407;1500;13;;;
260407;1600;11;;;
260407;1700;8;;;
260407;1800;7;;;
260407;1900;15;;;
260407;2000;13;;;
260407;2100;20;;;
260407;2200;21;;;
260407;2300;20;;;
260408;0000;19;;;
260408;0100;24;;;
260408;0200;27;;;
260408;0300;19;;;
260408;0400;25;;;
260408;0500;27;;;
260408;0600;27;;;
260408;0700;32;;;
260408;0800;31;;;
260408;0900;27;;;
260408;1000;30;;;
260408;1100;38;;;
260408;1200;24;;;
260408;1300;15;;;
260408;1400;15;;;
260408;1500;13;;;
260408;1600;13;;;
260408;1700;13;;;
260408;1800;17;;;
260408;1900;20;;;
260408;2000;22;;;
260408;2100;18;;;
260408;2200;15;;;
260408;2300;18;;;
260409;0000;13;;;
260409;0100;16;;;
260409;0200;17;;;
260409;0300;17;;;
260409;0400;11;;;
260409;0500;22;;;
260409;0600;21;;;
260409;0700;17;;;
260409;0800;25;;;
260409;0900;24;;;
260409;1000;31;;;
260409;1100;33;;;
260409;1200;31;;;
260409;1300;23;;;
260409;1400;;;;
260409;1500;20;;;
260409;1600;24;;;
260409;1700;23;;;
260409;1800;17;;;
260409;1900;16;;;
260409;2000;16;;;
260409;2100;1;;;
260409;2200;10;;;
260409;2300;16;;;
260410;0000;14;;;
260410;0100;22;;;
260410;0200;;;;
260410;0300;;;;
260410;0400;14;;;
260410;0500;19;;;
260410;0600;13;;;
260410;0700;8;;;
260410;0800;22;;;
260410;0900;15;;;
260410;1000;15;;;
260410;1100;22;;;
260410;1200;21;;;
260410;1300;17;;;
260410;1400;9;;;
260410;1500;13;;;
260410;1600;17;;;
260410;1700;15;;;
260410;1800;15;;;
260410;1900;11;;;
260410;2000;20;;;
260410;2100;16;;;
260410;2200;13;;;
260410;2300;14;;;
260411;0000;13;;;
260411;0100;12;;;
260411;0200;12;;;
260411;0300;10;;;
260411;0400;17;;;
260411;0500;19;;;
260411;0600;21;;;
260411;0700;25;;;
260411;0800;26;;;
260411;0900;24;;;
260411;1000;27;;;
260411;1100;26;;;
260411;1200;27;;;
260411;1300;15;;;
260411;1400;15;;;
260411;1500;10;;;
260411;1600;16;;;
260411;1700;11;;;
260411;1800;14;;;
260411;1900;11;;;
260411;2000;11;;;
260411;2100;9;;;
260411;2200;10;;;
260411;2300;12;;;
260412;0000;11;;;
260412;0100;17;;;
260412;0200;18;;;
260412;0300;14;;;
260412;0400;18;;;
260412;0500;35;;;
260412;0600;29;;;
260412;0700;35;;;
260412;0800;31;;;
260412;0900;25;;;
260412;1000;17;;;
260412;1100;23;;;
260412;1200;22;;;
260412;1300;17;;;
260412;1400;16;;;
260412;1500;17;;;
260412;1600;16;;;
260412;1700;9;;;
260412;1800;8;;;
260412;1900;16;;;
260412;2000;15;;;
260412;2100;25;;;
260412;2200;13;;;
260412;2300;21;;;
260413;0000;18;;;
260413;0100;18;;;
260413;0200;23;;;
260413;0300;26;;;
260413;0400;34;;;
260413;0500;28;;;
260413;0600;30;;;
260413;0700;32;;;
260413;0800;31;;;
260413;0900;28;;;
260413;1000;27;;;
260413;1100;25;;;
260413;1200;24;;;
260413;1300;28;;;
260413;1400;18;;;
260413;1500;16;;;
260413;1600;14;;;
260413;1700;12;;;
260413;1800;19;;;
260413;1900;13;;;
260413;2000;18;;;
260413;2100;17;;;
260413;2200;12;;;
260413;2300;15;;;
260414;0000;15;;;
260414;0100;21;;;
260414;0200;16;;;
260414;0300;16;;;
260414;0400;16;;;
260414;0500;16;;;
260414;0600;12;;;
260414;0700;12;;;
260414;0800;19;;;
260414;0900;11;;;
260414;1000;16;;;
260414;1100;18;;;
260414;1200;17;;;
260414;1300;25;;;
260414;1400;23;;;
260414;1500;25;;;
260414;1600;13;;;
260414;1700;18;;;
260414;1800;14;;;
260414;1900;22;;;
260414;2000;25;;;
260414;2100;38;;;
260414;2200;43;;;
260414;2300;47;;;
260415;0000;48;;;
260415;0100;49;;;
260415;0200;47;;;
260415;0300;36;;;
260415;0400;38;;;
260415;0500;36;;;
260415;0600;36;;;
260415;0700;41;;;
260415;0800;45;;;
260415;0900;46;;;
260415;1000;45;;;
260415;1100;44;;;
260415;1200;28;;;
260415;1300;19;;;
260415;1400;10;;;
260415;1500;14;;;
260415;1600;18;;;
260415;1700;10;;;
260415;1800;15;;;
260415;1900;13;;;
260415;2000;15;;;
260415;2100;23;;;
260415;2200;38;;;
260415;2300;49;;;
260416;0000;46;;;
260416;0100;46;;;
260416;0200;40;;;
260416;0300;37;;;
260416;0400;32;;;
260416;0500;35;;;
260416;0600;39;;;
260416;0700;34;;;
260416;0800;35;;;
260416;0900;51;;;
260416;1000;36;;;
260416;1100;;;;
260416;1200;;;;
260416;1300;;;;
260416;1400;;;;
260416;1500;;;;
260416;1600;;;;
260416;1700;;;;
260416;1800;;;;
260416;1900;;;;
260416;2000;;;;
260416;2100;;;;
260416;2200;;;;
260416;2300;;;;
260417;0000;;;;
260417;0100;;;;
260417;0200;;;;
260417;0300;;;;
260417;0400;;;;
260417;0500;;;;
260417;0600;;;;
260417;0700;;;;
260417;0800;;;;
260417;0900;;;;
260417;1000;;;;
260417;1100;;;;
260417;1200;;;;
260417;1300;;;;
260417;1400;;;;
260417;1500;;;;
260417;1600;;;;
260417;1700;;;;
260417;1800;;;;
260417;1900;;;;
260417;2000;;;;
260417;2100;;;;
260417;2200;;;;
260417;2300;;;;
260418;0000;;;;
260418;0100;;;;
260418;0200;;;;
260418;0300;;;;
260418;0400;;;;
260418;0500;;;;
260418;0600;;;;
260418;0700;;;;
260418;0800;;;;
260418;0900;;;;
260418;1000;;;;
260418;1100;;;;
260418;1200;;;;
260418;1300;;;;
260418;1400;;;;
260418;1500;;;;
260418;1600;;;;
260418;1700;;;;
260418;1800;;;;
260418;1900;;;;
260418;2000;;;;
260418;2100;;;;
260418;2200;;;;
260418;2300;;;;
260419;0000;;;;
260419;0100;;;;
260419;0200;;;;
260419;0300;;;;
260419;0400;;;;
260419;0500;;;;
260419;0600;;;;
260419;0700;;;;
260419;0800;;;;
260419;0900;;;;
260419;1000;;;;
260419;1100;;;;
260419;1200;;;;
260419;1300;;;;
260419;1400;;;;
260419;1500;;;;
260419;1600;;;;
260419;1700;;;;
260419;1800;;;;
260419;1900;;;;
260419;2000;;;;
260419;2100;;;;
260419;2200;;;;
260419;2300;;;;
260420;0000;;;;
260420;0100;;;;
260420;0200;;;;
260420;0300;;;;
260420;0400;;;;
260420;0500;;;;
260420;0600;;;;
260420;0700;;;;
260420;0800;;;;
260420;0900;;;;
260420;1000;;;;
260420;1100;;;;
260420;1200;;;;
260420;1300;;;;
260420;1400;2;;;
260420;1500;4;;;
260420;1600;21;;;
260420;1700;33;;;
260420;1800;17;;;
260420;1900;14;;;
260420;2000;16;;;
260420;2100;18;;;
260420;2200;24;;;
260420;2300;28;;;
260421;0000;40;;;
260421;0100;41;;;
260421;0200;34;;;
260421;0300;22;;;
260421;0400;24;;;
260421;0500;20;;;
260421;0600;18;;;
260421;0700;16;;;
260421;0800;21;;;
260421;0900;24;;;
260421;1000;25;;;
260421;1100;23;;;
260421;1200;31;;;
260421;1300;30;;;
260421;1400;35;;;
260421;1500;37;;;
260421;1600;25;;;
260421;1700;21;;;
260421;1800;14;;;
260421;1900;23;;;
260421;2000;29;;;
260421;2100;21;;;
260421;2200;17;;;
260421;2300;17;;;
260422;0000;15;;;
260422;0100;20;;;
260422;0200;27;;;
260422;0300;33;;;
260422;0400;30;;;
260422;0500;29;;;
260422;0600;33;;;
260422;0700;41;;;
260422;0800;16;;;
260422;0900;16;;;
260422;1000;22;;;
260422;1100;26;;;
260422;1200;30;;;
260422;1300;28;;;
260422;1400;23;;;
260422;1500;13;;;
260422;1600;11;;;
260422;1700;17;;;
260422;1800;12;;;
260422;1900;7;;;
260422;2000;8;;;
260422;2100;17;;;
260422;2200;18;;;
260422;2300;38;;;
260423;0000;37;;;
260423;0100;27;;;
260423;0200;21;;;
260423;0300;25;;;
260423;0400;30;;;
260423;0500;32;;;
260423;0600;32;;;
260423;0700;39;;;
260423;0800;36;;;
260423;0900;38;;;
260423;1000;30;;;
260423;1100;32;;;
260423;1200;21;;;
260423;1300;28;;;
260423;1400;15;;;
260423;1500;14;;;
260423;1600;15;;;
260423;1700;14;;;
260423;1800;8;;;
260423;1900;10;;;
260423;2000;19;;;
260423;2100;17;;;
260423;2200;22;;;
260423;2300;20;;;
260424;0000;20;;;
260424;0100;30;;;
260424;0200;31;;;
260424;0300;31;;;
260424;0400;27;;;
260424;0500;24;;;
260424;0600;25;;;
260424;0700;39;;;
260424;0800;40;;;
260424;0900;41;;;
260424;1000;30;;;
260424;1100;24;;;
260424;1200;17;;;
260424;1300;21;;;
260424;1400;20;;;
260424;1500;12;;;
260424;1600;14;;;
260424;1700;11;;;
260424;1800;15;;;
260424;1900;18;;;
260424;2000;30;;;
260424;2100;22;;;
260424;2200;28;;;
260424;2300;31;;;
260425;0000;33;;;
260425;0100;44;;;
260425;0200;39;;;
260425;0300;44;;;
260425;0400;43;;;
260425;0500;38;;;
260425;0600;45;;;
260425;0700;43;;;
260425;0800;40;;;
260425;0900;42;;;
260425;1000;35;;;
260425;1100;31;;;
260425;1200;26;;;
260425;1300;30;;;
260425;1400;14;;;
260425;1500;15;;;
260425;1600;12;;;
260425;1700;16;;;
260425;1800;15;;;
260425;1900;9;;;
260425;2000;14;;;
260425;2100;14;;;
260425;2200;24;;;
260425;2300;29;;;
260426;0000;31;;;
260426;0100;36;;;
260426;0200;47;;;
260426;0300;47;;;
260426;0400;40;;;
260426;0500;41;;;
260426;0600;36;;;
260426;0700;33;;;
260426;0800;37;;;
260426;0900;40;;;
260426;1000;38;;;
260426;1100;22;;;
260426;1200;17;;;
260426;1300;9;;;
260426;1400;7;;;
260426;1500;2;;;
260426;1600;3;;;
260426;1700;6;;;
260426;1800;5;;;
260426;1900;8;;;
260426;2000;14;;;
260426;2100;14;;;
260426;2200;18;;;
260426;2300;19;;;
260427;0000;26;;;
260427;0100;26;;;
260427;0200;23;;;
260427;0300;22;;;
260427;0400;26;;;
260427;0500;28;;;
260427;0600;23;;;
260427;0700;32;;;
260427;0800;40;;;
260427;0900;27;;;
260427;1000;32;;;
260427;1100;25;;;
260427;1200;23;;;
260427;1300;17;;;
260427;1400;12;;;
260427;1500;16;;;
260427;1600;17;;;
260427;1700;15;;;
260427;1800;17;;;
260427;1900;16;;;
260427;2000;13;;;
260427;2100;20;;;
260427;2200;13;;;
260427;2300;17;;;
260428;0000;15;;;
260428;0100;18;;;
260428;0200;16;;;
260428;0300;14;;;
260428;0400;17;;;
260428;0500;22;;;
260428;0600;22;;;
260428;0700;41;;;
260428;0800;43;;;
260428;0900;27;;;
260428;1000;31;;;
260428;1100;19;;;
260428;1200;24;;;
260428;1300;18;;;
260428;1400;12;;;
260428;1500;12;;;
260428;1600;8;;;
260428;1700;8;;;
260428;1800;15;;;
260428;1900;11;;;
260428;2000;11;;;
260428;2100;13;;;
260428;2200;11;;;
260428;2300;6;;;
260429;0000;5;;;
260429;0100;7;;;
260429;0200;8;;;
260429;0300;8;;;
260429;0400;12;;;
260429;0500;11;;;
260429;0600;18;;;
260429;0700;25;;;
260429;0800;29;;;
260429;0900;14;;;
260429;1000;20;;;
260429;1100;35;;;
260429;1200;21;;;
260429;1300;25;;;
260429;1400;20;;;
260429;1500;17;;;
260429;1600;14;;;
260429;1700;15;;;
260429;1800;16;;;
260429;1900;16;;;
260429;2000;14;;;
260429;2100;17;;;
260429;2200;26;;;
260429;2300;31;;;
260430;0000;44;;;
260430;0100;42;;;
260430;0200;39;;;
260430;0300;24;;;
260430;0400;26;;;
260430;0500;22;;;
260430;0600;23;;;
260430;0700;31;;;
260430;0800;34;;;
260430;0900;38;;;
260430;1000;26;;;
260430;1100;20;;;
260430;1200;18;;;
260430;1300;12;;;
260430;1400;12;;;
260430;1500;16;;;
260430;1600;12;;;
260430;1700;14;;;
260430;1800;12;;;
260430;1900;15;;;
260430;2000;13;;;
260430;2100;13;;;
260430;2200;20;;;
260430;2300;13;;;
260501;0000;17;;;
260501;0100;11;;;
260501;0200;14;;;
260501;0300;19;;;
260501;0400;14;;;
260501;0500;17;;;
260501;0600;12;;;
260501;0700;18;;;
260501;0800;14;;;
260501;0900;16;;;
260501;1000;18;;;
260501;1100;25;;;
260501;1200;26;;;
260501;1300;29;;;
260501;1400;36;;;
260501;1500;22;;;
260501;1600;24;;;
260501;1700;25;;;
260501;1800;43;;;
260501;1900;57;;;
260501;2000;76;;;
260501;2100;63;;;
260501;2200;40;;;
260501;2300;40;;;
260502;0000;38;;;
260502;0100;56;;;
260502;0200;54;;;
260502;0300;80;;;
260502;0400;70;;;
260502;0500;76;;;
260502;0600;74;;;
260502;0700;65;;;
260502;0800;55;;;
260502;0900;51;;;
260502;1000;52;;;
260502;1100;53;;;
260502;1200;41;;;
260502;1300;29;;;
260502;1400;32;;;
260502;1500;23;;;
260502;1600;16;;;
260502;1700;18;;;
260502;1800;25;;;
260502;1900;22;;;
260502;2000;19;;;
260502;2100;49;;;
260502;2200;32;;;
260502;2300;40;;;
260503;0000;48;;;
260503;0100;44;;;
260503;0200;39;;;
260503;0300;46;;;
260503;0400;43;;;
260503;0500;51;;;
260503;0600;39;;;
260503;0700;38;;;
260503;0800;34;;;
260503;0900;25;;;
260503;1000;26;;;
260503;1100;22;;;
260503;1200;21;;;
260503;1300;18;;;
260503;1400;11;;;
260503;1500;8;;;
260503;1600;10;;;
260503;1700;6;;;
260503;1800;6;;;
260503;1900;13;;;
260503;2000;15;;;
260503;2100;13;;;
260503;2200;17;;;
260503;2300;24;;;
260504;0000;24;;;
260504;0100;29;;;
260504;0200;29;;;
260504;0300;18;;;
260504;0400;22;;;
260504;0500;25;;;
260504;0600;30;;;
260504;0700;25;;;
260504;0800;28;;;
260504;0900;21;;;
260504;1000;15;;;
260504;1100;11;;;
260504;1200;22;;;
260504;1300;14;;;
260504;1400;12;;;
260504;1500;21;;;
260504;1600;15;;;
260504;1700;12;;;
260504;1800;20;;;
260504;1900;25;;;
260504;2000;34;;;
260504;2100;43;;;
260504;2200;45;;;
260504;2300;39;;;
260505;0000;40;;;
260505;0100;30;;;
260505;0200;30;;;
260505;0300;37;;;
260505;0400;39;;;
260505;0500;34;;;
260505;0600;37;;;
260505;0700;25;;;
260505;0800;40;;;
260505;0900;41;;;
260505;1000;27;;;
260505;1100;28;;;
260505;1200;26;;;
260505;1300;16;;;
260505;1400;20;;;
260505;1500;14;;;
260505;1600;12;;;
260505;1700;11;;;
260505;1800;10;;;
260505;1900;6;;;
260505;2000;5;;;
260505;2100;10;;;
260505;2200;5;;;
260505;2300;1;;;
260506;0000;8;;;
260506;0100;11;;;
260506;0200;12;;;
260506;0300;11;;;
260506;0400;12;;;
260506;0500;17;;;
260506;0600;16;;;
260506;0700;13;;;
260506;0800;29;;;
260506;0900;24;;;
260506;1000;21;;;
260506;1100;3;;;
260506;1200;7;;;
260506;1300;8;;;
260506;1400;8;;;
260506;1500;6;;;
260506;1600;2;;;
260506;1700;2;;;
260506;1800;3;;;
260506;1900;1;;;
260506;2000;3;;;
260506;2100;3;;;
260506;2200;1;;;
260506;2300;3;;;
260507;0000;5;;;
260507;0100;4;;;
260507;0200;5;;;
260507;0300;7;;;
260507;0400;8;;;
260507;0500;5;;;
260507;0600;4;;;
260507;0700;9;;;
260507;0800;8;;;
260507;0900;8;;;
260507;1000;16;;;
260507;1100;11;;;
260507;1200;14;;;
260507;1300;10;;;
260507;1400;8;;;
260507;1500;7;;;
260507;1600;10;;;
260507;1700;6;;;
260507;1800;9;;;
260507;1900;14;;;
260507;2000;12;;;
260507;2100;16;;;
260507;2200;14;;;
260507;2300;14;;;
260508;0000;18;;;
260508;0100;14;;;
260508;0200;10;;;
260508;0300;13;;;
260508;0400;12;;;
260508;0500;11;;;
260508;0600;16;;;
260508;0700;18;;;
260508;0800;28;;;
260508;0900;20;;;
260508;1000;26;;;
260508;1100;22;;;
260508;1200;19;;;
260508;1300;22;;;
260508;1400;20;;;
260508;1500;7;;;
260508;1600;10;;;
260508;1700;10;;;
260508;1800;9;;;
260508;1900;7;;;
260508;2000;5;;;
260508;2100;5;;;
260508;2200;16;;;
260508;2300;32;;;
260509;0000;41;;;
260509;0100;41;;;
260509;0200;51;;;
260509;0300;36;;;
260509;0400;25;;;
260509;0500;15;;;
260509;0600;20;;;
260509;0700;26;;;
260509;0800;31;;;
260509;0900;19;;;
260509;1000;22;;;
260509;1100;21;;;
260509;1200;18;;;
260509;1300;14;;;
260509;1400;21;;;
260509;1500;22;;;
260509;1600;17;;;
260509;1700;21;;;
260509;1800;25;;;
260509;1900;65;;;
260509;2000;70;;;
260509;2100;81;;;
260509;2200;94;;;
260509;2300;96;;;
260510;0000;88;;;
260510;0100;95;;;
260510;0200;80;;;
260510;0300;60;;;
260510;0400;45;;;
260510;0500;52;;;
260510;0600;49;;;
260510;0700;42;;;
260510;0800;39;;;
260510;0900;23;;;
260510;1000;25;;;
260510;1100;14;;;
260510;1200;13;;;
260510;1300;15;;;
260510;1400;8;;;
260510;1500;9;;;
260510;1600;13;;;
260510;1700;14;;;
260510;1800;54;;;
260510;1900;91;;;
260510;2000;99;;;
260510;2100;81;;;
260510;2200;71;;;
260510;2300;59;;;
260511;0000;52;;;
260511;0100;73;;;
260511;0200;32;;;
260511;0300;32;;;
260511;0400;24;;;
260511;0500;19;;;
260511;0600;26;;;
260511;0700;34;;;
260511;0800;36;;;
260511;0900;24;;;
260511;1000;38;;;
260511;1100;26;;;
260511;1200;20;;;
260511;1300;15;;;
260511;1400;14;;;
260511;1500;20;;;
260511;1600;22;;;
260511;1700;23;;;
260511;1800;24;;;
260511;1900;25;;;
260511;2000;29;;;
260511;2100;34;;;
260511;2200;22;;;
260511;2300;23;;;
260512;0000;19;;;
260512;0100;16;;;
260512;0200;15;;;
260512;0300;19;;;
260512;0400;11;;;
260512;0500;13;;;
260512;0600;15;;;
260512;0700;16;;;
260512;0800;15;;;
260512;0900;21;;;
260512;1000;32;;;
260512;1100;52;;;
260512;1200;50;;;
260512;1300;40;;;
260512;1400;41;;;
260512;1500;28;;;
260512;1600;30;;;
260512;1700;23;;;
260512;1800;29;;;
260512;1900;21;;;
260512;2000;24;;;
260512;2100;22;;;
260512;2200;28;;;
260512;2300;34;;;
260513;0000;25;;;
260513;0100;29;;;
260513;0200;34;;;
260513;0300;23;;;
260513;0400;38;;;
260513;0500;48;;;
260513;0600;33;;;
260513;0700;34;;;
260513;0800;30;;;
260513;0900;54;;;
260513;1000;58;;;
260513;1100;67;;;
260513;1200;75;;;
260513;1300;81;;;
260513;1400;62;;;
260513;1500;62;;;
260513;1600;61;;;
260513;1700;50;;;
260513;1800;51;;;
260513;1900;52;;;
260513;2000;57;;;
260513;2100;63;;;
260513;2200;62;;;
260513;2300;73;;;
260514;0000;71;;;
260514;0100;93;;;
260514;0200;84;;;
260514;0300;77;;;
260514;0400;94;;;
260514;0500;67;;;
260514;0600;94;;;
260514;0700;95;;;
260514;0800;88;;;
260514;0900;81;;;
260514;1000;81;;;
260514;1100;76;;;
260514;1200;64;;;
260514;1300;58;;;
260514;1400;62;;;
260514;1500;46;;;
260514;1600;28;;;
260514;1700;44;;;
260514;1800;48;;;
260514;1900;56;;;
260514;2000;60;;;
260514;2100;75;;;
260514;2200;66;;;
260514;2300;67;;;
260515;0000;51;;;
260515;0100;54;;;
260515;0200;60;;;
260515;0300;59;;;
260515;0400;63;;;
260515;0500;59;;;
260515;0600;55;;;
260515;0700;65;;;
260515;0800;58;;;
260515;0900;65;;;
260515;1000;59;;;
260515;1100;49;;;
260515;1200;59;;;
260515;1300;51;;;
260515;1400;42;;;
260515;1500;30;;;
260515;1600;36;;;
260515;1700;27;;;
260515;1800;39;;;
260515;1900;45;;;
260515;2000;42;;;
260515;2100;31;;;
260515;2200;35;;;
260515;2300;41;;;
260516;0000;38;;;
260516;0100;41;;;
260516;0200;49;;;
260516;0300;57;;;
260516;0400;59;;;
260516;0500;56;;;
260516;0600;67;;;
260516;0700;70;;;
260516;0800;69;;;
260516;0900;60;;;
260516;1000;54;;;
260516;1100;50;;;
260516;1200;46;;;
260516;1300;35;;;
260516;1400;26;;;
260516;1500;25;;;
260516;1600;26;;;
260516;1700;30;;;
260516;1800;35;;;
260516;1900;26;;;
260516;2000;41;;;
260516;2100;50;;;
260516;2200;70;;;
260516;2300;84;;;
260517;0000;97;;;
260517;0100;117;;;
260517;0200;100;;;
260517;0300;87;;;
260517;0400;78;;;
260517;0500;63;;;
260517;0600;56;;;
260517;0700;52;;;
260517;0800;53;;;
260517;0900;58;;;
260517;1000;56;;;
260517;1100;57;;;
260517;1200;28;;;
260517;1300;30;;;
260517;1400;23;;;
260517;1500;21;;;
260517;1600;25;;;
260517;1700;33;;;
260517;1800;30;;;
260517;1900;54;;;
260517;2000;67;;;
260517;2100;78;;;
260517;2200;77;;;
260517;2300;61;;;
260518;0000;35;;;
260518;0100;38;;;
260518;0200;29;;;
260518;0300;29;;;
260518;0400;25;;;
260518;0500;24;;;
260518;0600;29;;;
260518;0700;27;;;
260518;0800;32;;;
260518;0900;32;;;
260518;1000;52;;;
260518;1100;30;;;
260518;1200;21;;;
260518;1300;9;;;
260518;1400;10;;;
260518;1500;11;;;
260518;1600;24;;;
260518;1700;30;;;
260518;1800;33;;;
260518;1900;53;;;
260518;2000;59;;;
260518;2100;68;;;
260518;2200;72;;;
260518;2300;62;;;
260519;0000;47;;;
260519;0100;44;;;
260519;0200;36;;;
260519;0300;32;;;
260519;0400;28;;;
260519;0500;29;;;
260519;0600;28;;;
260519;0700;42;;;
260519;0800;46;;;
260519;0900;33;;;
260519;1000;27;;;
260519;1100;35;;;
260519;1200;40;;;
260519;1300;35;;;
260519;1400;35;;;
260519;1500;28;;;
260519;1600;34;;;
260519;1700;42;;;
260519;1800;46;;;
260519;1900;51;;;
260519;2000;55;;;
260519;2100;53;;;
260519;2200;66;;;
260519;2300;81;;;
260520;0000;85;;;
260520;0100;85;;;
260520;0200;78;;;
260520;0300;64;;;
260520;0400;64;;;
260520;0500;58;;;
260520;0600;60;;;
260520;0700;71;;;
260520;0800;88;;;
260520;0900;85;;;
260520;1000;59;;;
260520;1100;59;;;
260520;1200;82;;;
260520;1300;80;;;
260520;1400;75;;;
260520;1500;67;;;
260520;1600;53;;;
260520;1700;50;;;
260520;1800;50;;;
260520;1900;47;;;
260520;2000;35;;;
260520;2100;37;;;
260520;2200;40;;;
260520;2300;33;;;
260521;0000;36;;;
260521;0100;30;;;
260521;0200;30;;;
260521;0300;33;;;
260521;0400;32;;;
260521;0500;34;;;
260521;0600;39;;;
260521;0700;39;;;
260521;0800;46;;;
260521;0900;48;;;
260521;1000;51;;;
260521;1100;73;;;
260521;1200;57;;;
260521;1300;56;;;
260521;1400;55;;;
260521;1500;56;;;
260521;1600;56;;;
260521;1700;61;;;
260521;1800;66;;;
260521;1900;69;;;
260521;2000;56;;;
260521;2100;62;;;
260521;2200;56;;;
260521;2300;63;;;
260522;0000;69;;;
260522;0100;62;;;
260522;0200;57;;;
260522;0300;55;;;
260522;0400;36;;;
260522;0500;40;;;
260522;0600;35;;;
260522;0700;34;;;
260522;0800;35;;;
260522;0900;39;;;
260522;1000;53;;;
260522;1100;68;;;
260522;1200;77;;;
260522;1300;74;;;
260522;1400;84;;;
260522;1500;73;;;
260522;1600;74;;;
260522;1700;69;;;
260522;1800;66;;;
260522;1900;63;;;
260522;2000;60;;;
260522;2100;48;;;
260522;2200;44;;;
260522;2300;37;;;
260523;0000;27;;;
260523;0100;34;;;
260523;0200;39;;;
260523;0300;29;;;
260523;0400;28;;;
260523;0500;37;;;
260523;0600;32;;;
260523;0700;31;;;
260523;0800;27;;;
260523;0900;38;;;
260523;1000;34;;;
260523;1100;41;;;
260523;1200;55;;;
260523;1300;76;;;
260523;1400;70;;;
260523;1500;75;;;
260523;1600;78;;;
260523;1700;71;;;
260523;1800;64;;;
260523;1900;77;;;
260523;2000;99;;;
260523;2100;125;;;
260523;2200;94;;;
260523;2300;67;;;
260524;0000;82;;;
260524;0100;83;;;
260524;0200;83;;;
260524;0300;83;;;
260524;0400;84;;;
260524;0500;80;;;
260524;0600;81;;;
260524;0700;87;;;
260524;0800;86;;;
260524;0900;89;;;
260524;1000;93;;;
260524;1100;96;;;
260524;1200;101;;;
260524;1300;96;;;
260524;1400;94;;;
260524;1500;92;;;
260524;1600;88;;;
260524;1700;88;;;
260524;1800;91;;;
260524;1900;100;;;
260524;2000;108;;;
260524;2100;133;;;
260524;2200;141;;;
260524;2300;131;;;
260525;0000;134;;;
260525;0100;123;;;
260525;0200;109;;;
260525;0300;104;;;
260525;0400;88;;;
260525;0500;70;;;
260525;0600;71;;;
260525;0700;64;;;
260525;0800;63;;;
260525;0900;44;;;
260525;1000;37;;;
260525;1100;45;;;
260525;1200;44;;;
260525;1300;24;;;
260525;1400;18;;;
260525;1500;18;;;
260525;1600;15;;;
260525;1700;23;;;
260525;1800;58;;;
260525;1900;73;;;
260525;2000;70;;;
260525;2100;67;;;
260525;2200;63;;;
260525;2300;52;;;
260526;0000;50;;;
260526;0100;37;;;
260526;0200;28;;;
260526;0300;23;;;
260526;0400;22;;;
260526;0500;25;;;
260526;0600;26;;;
260526;0700;32;;;
260526;0800;43;;;
260526;0900;28;;;
260526;1000;23;;;
260526;1100;25;;;
260526;1200;20;;;
260526;1300;12;;;
260526;1400;16;;;
260526;1500;17;;;
260526;1600;19;;;
260526;1700;21;;;
260526;1800;36;;;
260526;1900;34;;;
260526;2000;52;;;
260526;2100;56;;;
260526;2200;71;;;
260526;2300;54;;;
260527;0000;66;;;
260527;0100;49;;;
260527;0200;34;;;
260527;0300;38;;;
260527;0400;24;;;
260527;0500;23;;;
260527;0600;30;;;
260527;0700;48;;;
260527;0800;54;;;
260527;0900;52;;;
260527;1000;63;;;
260527;1100;51;;;
260527;1200;42;;;
260527;1300;36;;;
260527;1400;24;;;
260527;1500;22;;;
260527;1600;21;;;
260527;1700;16;;;
260527;1800;20;;;
260527;1900;23;;;
260527;2000;32;;;
260527;2100;42;;;
260527;2200;52;;;
260527;2300;50;;;
260528;0000;54;;;
260528;0100;56;;;
260528;0200;69;;;
260528;0300;63;;;
260528;0400;53;;;
260528;0500;40;;;
260528;0600;46;;;
260528;0700;57;;;
260528;0800;62;;;
260528;0900;45;;;
260528;1000;46;;;
260528;1100;47;;;
260528;1200;29;;;
260528;1300;26;;;
260528;1400;26;;;
260528;1500;24;;;
260528;1600;25;;;
260528;1700;19;;;
260528;1800;31;;;
260528;1900;49;;;
260528;2000;66;;;
260528;2100;67;;;
260528;2200;82;;;
260528;2300;66;;;
260529;0000;62;;;
260529;0100;60;;;
260529;0200;53;;;
260529;0300;54;;;
260529;0400;49;;;
260529;0500;45;;;
260529;0600;51;;;
260529;0700;51;;;
260529;0800;49;;;
260529;0900;51;;;
260529;1000;46;;;
260529;1100;56;;;
260529;1200;54;;;
260529;1300;57;;;
260529;1400;58;;;
260529;1500;64;;;
260529;1600;56;;;
260529;1700;52;;;
260529;1800;60;;;
260529;1900;91;;;
260529;2000;95;;;
260529;2100;108;;;
260529;2200;108;;;
260529;2300;122;;;
260530;0000;107;;;
260530;0100;97;;;
260530;0200;86;;;
260530;0300;78;;;
260530;0400;65;;;
260530;0500;57;;;
260530;0600;58;;;
260530;0700;56;;;
260530;0800;55;;;
260530;0900;50;;;
260530;1000;49;;;
260530;1100;46;;;
260530;1200;40;;;
260530;1300;46;;;
260530;1400;16;;;
260530;1500;34;;;
260530;1600;54;;;
260530;1700;49;;;
260530;1800;57;;;
260530;1900;74;;;
260530;2000;100;;;
260530;2100;71;;;
260530;2200;59;;;
260530;2300;76;;;
260531;0000;58;;;
260531;0100;40;;;
260531;0200;30;;;
260531;0300;24;;;
260531;0400;30;;;
260531;0500;28;;;
260531;0600;26;;;
260531;0700;33;;;
260531;0800;31;;;
260531;0900;32;;;
260531;1000;30;;;
260531;1100;39;;;
260531;1200;34;;;
260531;1300;37;;;
260531;1400;38;;;
260531;1500;34;;;
260531;1600;33;;;
260531;1700;37;;;
260531;1800;32;;;
260531;1900;36;;;
260531;2000;37;;;
260531;2100;36;;;
260531;2200;41;;;
260531;2300;33;;;
260601;0000;36;;;
260601;0100;27;;;
260601;0200;36;;;
260601;0300;30;;;
260601;0400;39;;;
260601;0500;37;;;
260601;0600;39;;;
260601;0700;42;;;
260601;0800;47;;;
260601;0900;51;;;
260601;1000;50;;;
260601;1100;57;;;
260601;1200;60;;;
260601;1300;68;;;
260601;1400;72;;;
260601;1500;69;;;
260601;1600;71;;;
260601;1700;64;;;
260601;1800;59;;;
260601;1900;53;;;
260601;2000;66;;;
260601;2100;63;;;
260601;2200;73;;;
260601;2300;75;;;
260602;0000;77;;;
260602;0100;74;;;
260602;0200;77;;;
260602;0300;82;;;
260602;0400;80;;;
260602;0500;85;;;
260602;0600;70;;;
260602;0700;70;;;
260602;0800;84;;;
260602;0900;102;;;
260602;1000;111;;;
260602;1100;90;;;
260602;1200;93;;;
260602;1300;89;;;
260602;1400;69;;;
260602;1500;71;;;
260602;1600;69;;;
260602;1700;56;;;
260602;1800;54;;;
260602;1900;57;;;
260602;2000;40;;;
260602;2100;60;;;
260602;2200;71;;;
260602;2300;81;;;
260603;0000;86;;;
260603;0100;76;;;
260603;0200;63;;;
260603;0300;56;;;
260603;0400;60;;;
260603;0500;47;;;
260603;0600;46;;;
260603;0700;63;;;
260603;0800;68;;;
260603;0900;62;;;
260603;1000;54;;;
260603;1100;50;;;
260603;1200;44;;;
260603;1300;65;;;
260603;1400;49;;;
260603;1500;41;;;
260603;1600;43;;;
260603;1700;51;;;
260603;1800;63;;;
260603;1900;69;;;
260603;2000;56;;;
260603;2100;55;;;
260603;2200;61;;;
260603;2300;74;;;
260604;0000;89;;;
260604;0100;86;;;
260604;0200;55;;;
260604;0300;51;;;
260604;0400;39;;;
260604;0500;40;;;
260604;0600;40;;;
260604;0700;35;;;
260604;0800;49;;;
260604;0900;48;;;
260604;1000;48;;;
260604;1100;35;;;
260604;1200;46;;;
260604;1300;25;;;
260604;1400;13;;;
260604;1500;37;;;
260604;1600;37;;;
260604;1700;40;;;
260604;1800;28;;;
260604;1900;31;;;
260604;2000;35;;;
260604;2100;43;;;
260604;2200;45;;;
260604;2300;51;;;
260605;0000;35;;;
260605;0100;32;;;
260605;0200;21;;;
260605;0300;23;;;
260605;0400;49;;;
260605;0500;38;;;
260605;0600;44;;;
260605;0700;65;;;
260605;0800;60;;;
260605;0900;65;;;
260605;1000;49;;;
260605;1100;56;;;
260605;1200;54;;;
260605;1300;48;;;
260605;1400;48;;;
260605;1500;45;;;
260605;1600;46;;;
260605;1700;35;;;
260605;1800;47;;;
260605;1900;52;;;
260605;2000;53;;;
260605;2100;51;;;
260605;2200;48;;;
260605;2300;51;;;
260606;0000;48;;;
260606;0100;59;;;
260606;0200;62;;;
260606;0300;43;;;
260606;0400;48;;;
260606;0500;54;;;
260606;0600;54;;;
260606;0700;53;;;
260606;0800;51;;;
260606;0900;57;;;
260606;1000;57;;;
260606;1100;63;;;
260606;1200;64;;;
260606;1300;65;;;
260606;1400;71;;;
260606;1500;57;;;
260606;1600;46;;;
260606;1700;46;;;
260606;1800;51;;;
260606;1900;38;;;
260606;2000;35;;;
260606;2100;62;;;
260606;2200;87;;;
260606;2300;63;;;
260607;0000;76;;;
260607;0100;117;;;
260607;0200;114;;;
260607;0300;110;;;
260607;0400;104;;;
260607;0500;91;;;
260607;0600;89;;;
260607;0700;74;;;
260607;0800;81;;;
260607;0900;75;;;
260607;1000;69;;;
260607;1100;68;;;
260607;1200;64;;;
260607;1300;57;;;
260607;1400;52;;;
260607;1500;48;;;
260607;1600;39;;;
260607;1700;41;;;
260607;1800;43;;;
260607;1900;67;;;
260607;2000;79;;;
260607;2100;79;;;
260607;2200;81;;;
260607;2300;74;;;
260608;0000;77;;;
260608;0100;53;;;
260608;0200;55;;;
260608;0300;40;;;
260608;0400;42;;;
260608;0500;44;;;
260608;0600;44;;;
260608;0700;54;;;
260608;0800;61;;;
260608;0900;52;;;
260608;1000;78;;;
260608;1100;58;;;
260608;1200;51;;;
260608;1300;43;;;
260608;1400;37;;;
260608;1500;34;;;
260608;1600;34;;;
260608;1700;39;;;
260608;1800;37;;;
260608;1900;28;;;
260608;2000;37;;;
260608;2100;37;;;
260608;2200;22;;;
260608;2300;26;;;
260609;0000;24;;;
260609;0100;23;;;
260609;0200;22;;;
260609;0300;24;;;
260609;0400;25;;;
260609;0500;25;;;
260609;0600;22;;;
260609;0700;15;;;
260609;0800;19;;;
260609;0900;25;;;
260609;1000;26;;;
260609;1100;27;;;
260609;1200;18;;;
260609;1300;16;;;
260609;1400;10;;;
260609;1500;11;;;
260609;1600;18;;;
260609;1700;15;;;
260609;1800;22;;;
260609;1900;25;;;
260609;2000;24;;;
260609;2100;36;;;
260609;2200;46;;;
260609;2300;41;;;
260610;0000;36;;;
260610;0100;36;;;
260610;0200;39;;;
260610;0300;35;;;
260610;0400;30;;;
260610;0500;31;;;
260610;0600;33;;;
260610;0700;35;;;
260610;0800;33;;;
260610;0900;33;;;
260610;1000;38;;;
260610;1100;38;;;
260610;1200;31;;;
260610;1300;20;;;
260610;1400;14;;;
260610;1500;15;;;
260610;1600;9;;;
260610;1700;6;;;
260610;1800;11;;;
260610;1900;25;;;
260610;2000;37;;;
260610;2100;42;;;
260610;2200;45;;;
260610;2300;54;;;
260611;0000;52;;;
260611;0100;52;;;
260611;0200;49;;;
260611;0300;38;;;
260611;0400;32;;;
260611;0500;23;;;
260611;0600;27;;;
260611;0700;27;;;
260611;0800;31;;;
260611;0900;30;;;
260611;1000;28;;;
260611;1100;22;;;
260611;1200;18;;;
260611;1300;13;;;
260611;1400;8;;;
260611;1500;27;;;
260611;1600;24;;;
260611;1700;32;;;
260611;1800;41;;;
260611;1900;42;;;
260611;2000;43;;;
260611;2100;58;;;
260611;2200;65;;;
260611;2300;77;;;
260612;0000;63;;;
260612;0100;73;;;
260612;0200;68;;;
260612;0300;55;;;
260612;0400;71;;;
260612;0500;44;;;
260612;0600;49;;;
260612;0700;55;;;
260612;0800;36;;;
260612;0900;33;;;
260612;1000;31;;;
260612;1100;41;;;
260612;1200;26;;;
260612;1300;29;;;
260612;1400;26;;;
260612;1500;20;;;
260612;1600;29;;;
260612;1700;42;;;
260612;1800;57;;;
260612;1900;56;;;
260612;2000;72;;;
260612;2100;80;;;
260612;2200;84;;;
260612;2300;76;;;
260613;0000;86;;;
260613;0100;81;;;
260613;0200;75;;;
260613;0300;66;;;
260613;0400;52;;;
260613;0500;50;;;
260613;0600;40;;;
260613;0700;35;;;
260613;0800;30;;;
260613;0900;35;;;
260613;1000;47;;;
260613;1100;47;;;
260613;1200;61;;;
260613;1300;52;;;
260613;1400;45;;;
260613;1500;49;;;
260613;1600;50;;;
260613;1700;48;;;
260613;1800;50;;;
260613;1900;84;;;
260613;2000;104;;;
260613;2100;125;;;
260613;2200;145;;;
260613;2300;142;;;
260614;0000;124;;;
260614;0100;117;;;
260614;0200;123;;;
260614;0300;82;;;
260614;0400;69;;;
260614;0500;59;;;
260614;0600;57;;;
260614;0700;57;;;
260614;0800;48;;;
260614;0900;45;;;
260614;1000;54;;;
260614;1100;56;;;
260614;1200;113;;;
260614;1300;112;;;
260614;1400;90;;;
260614;1500;67;;;
260614;1600;55;;;
260614;1700;50;;;
260614;1800;67;;;
260614;1900;96;;;
260614;2000;110;;;
260614;2100;113;;;
260614;2200;126;;;
260614;2300;130;;;
260615;0000;117;;;
260615;0100;97;;;
260615;0200;84;;;
260615;0300;74;;;
260615;0400;72;;;
260615;0500;65;;;
260615;0600;58;;;
260615;0700;62;;;
260615;0800;66;;;
260615;0900;71;;;
260615;1000;70;;;
260615;1100;113;;;
260615;1200;70;;;
260615;1300;64;;;
260615;1400;48;;;
260615;1500;35;;;
260615;1600;44;;;
260615;1700;70;;;
260615;1800;91;;;
260615;1900;83;;;
260615;2000;89;;;
260615;2100;105;;;
260615;2200;109;;;
260615;2300;103;;;
260616;0000;94;;;
260616;0100;68;;;
260616;0200;69;;;
260616;0300;49;;;
260616;0400;45;;;
260616;0500;40;;;
260616;0600;41;;;
260616;0700;51;;;
260616;0800;52;;;
260616;0900;58;;;
260616;1000;;;;
260616;1100;88;;;
260616;1200;64;;;
260616;1300;96;;;
260616;1400;109;;;
260616;1500;73;;;
260616;1600;70;;;
260616;1700;86;;;
260616;1800;89;;;
260616;1900;95;;;
260616;2000;116;;;
260616;2100;146;;;
260616;2200;130;;;
260616;2300;126;;;
260617;0000;92;;;
260617;0100;90;;;
260617;0200;79;;;
260617;0300;64;;;
260617;0400;62;;;
260617;0500;83;;;
260617;0600;90;;;
260617;0700;102;;;
260617;0800;32;;;
260617;0900;26;;;
260617;1000;41;;;
260617;1100;33;;;
260617;1200;27;;;
260617;1300;35;;;
260617;1400;33;;;
260617;1500;34;;;
260617;1600;24;;;
260617;1700;33;;;
260617;1800;28;;;
260617;1900;37;;;
260617;2000;35;;;
260617;2100;30;;;
260617;2200;28;;;
260617;2300;34;;;
260618;0000;20;;;
260618;0100;27;;;
260618;0200;34;;;
260618;0300;25;;;
260618;0400;23;;;
260618;0500;31;;;
260618;0600;33;;;
260618;0700;30;;;
260618;0800;35;;;
260618;0900;42;;;
260618;1000;32;;;
260618;1100;;;;
260618;1200;36;;;
260618;1300;32;;;
260618;1400;24;;;
260618;1500;21;;;
260618;1600;24;;;
260618;1700;21;;;
260618;1800;16;;;
260618;1900;20;;;
260618;2000;16;;;
260618;2100;29;;;
260618;2200;27;;;
260618;2300;37;;;
260619;0000;43;;;
260619;0100;42;;;
260619;0200;49;;;
260619;0300;38;;;
260619;0400;28;;;
260619;0500;25;;;
260619;0600;30;;;
260619;0700;48;;;
260619;0800;49;;;
260619;0900;35;;;
260619;1000;45;;;
260619;1100;35;;;
260619;1200;31;;;
260619;1300;21;;;
260619;1400;19;;;
260619;1500;17;;;
260619;1600;16;;;
260619;1700;12;;;
260619;1800;23;;;
260619;1900;51;;;
260619;2000;79;;;
260619;2100;77;;;
260619;2200;93;;;
260619;2300;87;;;
260620;0000;65;;;
260620;0100;35;;;
260620;0200;42;;;
260620;0300;28;;;
260620;0400;27;;;
260620;0500;51;;;
260620;0600;39;;;
260620;0700;18;;;
260620;0800;24;;;
260620;0900;27;;;
260620;1000;31;;;
260620;1100;30;;;
260620;1200;34;;;
260620;1300;29;;;
260620;1400;26;;;
260620;1500;27;;;
260620;1600;14;;;
260620;1700;11;;;
260620;1800;10;;;
260620;1900;18;;;
260620;2000;13;;;
260620;2100;20;;;
260620;2200;21;;;
260620;2300;32;;;
260621;0000;27;;;
260621;0100;23;;;
260621;0200;18;;;
260621;0300;14;;;
260621;0400;9;;;
260621;0500;4;;;
260621;0600;8;;;
260621;0700;6;;;
260621;0800;4;;;
260621;0900;5;;;
260621;1000;9;;;
260621;1100;9;;;
260621;1200;10;;;
260621;1300;9;;;
260621;1400;8;;;
260621;1500;5;;;
260621;1600;8;;;
260621;1700;6;;;
260621;1800;16;;;
260621;1900;36;;;
260621;2000;63;;;
260621;2100;60;;;
260621;2200;78;;;
260621;2300;62;;;
260622;0000;58;;;
260622;0100;63;;;
260622;0200;54;;;
260622;0300;30;;;
260622;0400;29;;;
260622;0500;23;;;
260622;0600;34;;;
260622;0700;37;;;
260622;0800;38;;;
260622;0900;34;;;
260622;1000;26;;;
260622;1100;20;;;
260622;1200;14;;;
260622;1300;11;;;
260622;1400;16;;;
260622;1500;14;;;
260622;1600;11;;;
260622;1700;8;;;
260622;1800;10;;;
260622;1900;9;;;
260622;2000;14;;;
260622;2100;40;;;
260622;2200;37;;;
260622;2300;37;;;
260623;0000;39;;;
260623;0100;35;;;
260623;0200;36;;;
260623;0300;26;;;
260623;0400;37;;;
260623;0500;41;;;
260623;0600;33;;;
260623;0700;39;;;
260623;0800;39;;;
260623;0900;25;;;
260623;1000;24;;;
260623;1100;27;;;
260623;1200;23;;;
260623;1300;22;;;
260623;1400;20;;;
260623;1500;20;;;
260623;1600;4;;;
260623;1700;13;;;
260623;1800;14;;;
260623;1900;24;;;
260623;2000;22;;;
260623;2100;26;;;
260623;2200;43;;;
260623;2300;60;;;
260624;0000;71;;;
260624;0100;59;;;
260624;0200;47;;;
260624;0300;47;;;
260624;0400;44;;;
260624;0500;31;;;
260624;0600;42;;;
260624;0700;52;;;
260624;0800;56;;;
260624;0900;62;;;
260624;1000;46;;;
260624;1100;46;;;
260624;1200;62;;;
260624;1300;56;;;
260624;1400;49;;;
260624;1500;48;;;
260624;1600;36;;;
260624;1700;45;;;
260624;1800;60;;;
260624;1900;76;;;
260624;2000;101;;;
260624;2100;105;;;
260624;2200;105;;;
260624;2300;86;;;
260625;0000;72;;;
260625;0100;61;;;
260625;0200;55;;;
260625;0300;39;;;
260625;0400;38;;;
260625;0500;31;;;
260625;0600;35;;;
260625;0700;40;;;
260625;0800;42;;;
260625;0900;46;;;
260625;1000;40;;;
260625;1100;36;;;
260625;1200;29;;;
260625;1300;19;;;
260625;1400;13;;;
260625;1500;24;;;
260625;1600;13;;;
260625;1700;30;;;
260625;1800;53;;;
260625;1900;71;;;
260625;2000;81;;;
260625;2100;74;;;
260625;2200;66;;;
260625;2300;56;;;
260626;0000;57;;;
260626;0100;57;;;
260626;0200;46;;;
260626;0300;49;;;
260626;0400;50;;;
260626;0500;39;;;
260626;0600;43;;;
260626;0700;36;;;
260626;0800;46;;;
260626;0900;43;;;
260626;1000;44;;;
260626;1100;45;;;
260626;1200;39;;;
260626;1300;29;;;
260626;1400;28;;;
260626;1500;32;;;
260626;1600;42;;;
260626;1700;23;;;
260626;1800;32;;;
260626;1900;44;;;
260626;2000;23;;;
260626;2100;22;;;
260626;2200;19;;;
260626;2300;26;;;
260627;0000;41;;;
260627;0100;47;;;
260627;0200;51;;;
260627;0300;55;;;
260627;0400;59;;;
260627;0500;56;;;
260627;0600;59;;;
260627;0700;61;;;
260627;0800;55;;;
260627;0900;30;;;
260627;1000;38;;;
260627;1100;45;;;
260627;1200;43;;;
260627;1300;40;;;
260627;1400;39;;;
260627;1500;27;;;
260627;1600;30;;;
260627;1700;25;;;
260627;1800;26;;;
260627;1900;17;;;
260627;2000;31;;;
260627;2100;46;;;
260627;2200;37;;;
260627;2300;41;;;
260628;0000;56;;;
260628;0100;96;;;
260628;0200;107;;;
260628;0300;91;;;
260628;0400;79;;;
260628;0500;82;;;
260628;0600;86;;;
260628;0700;84;;;
260628;0800;65;;;
260628;0900;46;;;
260628;1000;39;;;
260628;1100;33;;;
260628;1200;43;;;
260628;1300;32;;;
260628;1400;31;;;
260628;1500;24;;;
260628;1600;1;;;
260628;1700;17;;;
260628;1800;9;;;
260628;1900;27;;;
260628;2000;47;;;
260628;2100;31;;;
260628;2200;31;;;
260628;2300;43;;;
260629;0000;64;;;
260629;0100;58;;;
260629;0200;73;;;
260629;0300;75;;;
260629;0400;61;;;
260629;0500;58;;;
260629;0600;40;;;
260629;0700;34;;;
260629;0800;34;;;
260629;0900;47;;;
260629;1000;73;;;
260629;1100;56;;;
260629;1200;37;;;
260629;1300;29;;;
260629;1400;26;;;
260629;1500;12;;;
260629;1600;16;;;
260629;1700;16;;;
260629;1800;19;;;
260629;1900;26;;;
260629;2000;48;;;
260629;2100;32;;;
260629;2200;37;;;
260629;2300;36;;;
260630;0000;60;;;
260630;0100;70;;;
260630;0200;54;;;
260630;0300;51;;;
260630;0400;39;;;
260630;0500;41;;;
260630;0600;34;;;
260630;0700;38;;;
260630;0800;44;;;
260630;0900;42;;;
260630;1000;54;;;
260630;1100;37;;;
260630;1200;25;;;
260630;1300;28;;;
260630;1400;24;;;
260630;1500;20;;;
260630;1600;11;;;
260630;1700;23;;;
260630;1800;25;;;
260630;1900;29;;;
260630;2000;36;;;
260630;2100;20;;;
260630;2200;14;;;
260630;2300;21;;;
260701;0000;35;;;
260701;0100;42;;;
260701;0200;32;;;
260701;0300;43;;;
260701;0400;35;;;
260701;0500;40;;;
260701;0600;24;;;
260701;0700;48;;;
260701;0800;41;;;
260701;0900;43;;;
260701;1000;25;;;
260701;1100;34;;;
260701;1200;19;;;
260701;1300;11;;;
260701;1400;13;;;
260701;1500;16;;;
260701;1600;7;;;
260701;1700;7;;;
260701;1800;13;;;
260701;1900;13;;;
260701;2000;16;;;
260701;2100;24;;;
260701;2200;21;;;
260701;2300;38;;;
260702;0000;61;;;
260702;0100;69;;;
260702;0200;78;;;
260702;0300;70;;;
260702;0400;59;;;
260702;0500;53;;;
260702;0600;43;;;
260702;0700;53;;;
260702;0800;58;;;
260702;0900;35;;;
260702;1000;28;;;
260702;1100;30;;;
260702;1200;34;;;
260702;1300;44;;;
260702;1400;32;;;
260702;1500;32;;;
260702;1600;30;;;
260702;1700;30;;;
260702;1800;25;;;
260702;1900;46;;;
260702;2000;70;;;
260702;2100;81;;;
260702;2200;86;;;
260702;2300;99;;;
260703;0000;105;;;
260703;0100;90;;;
260703;0200;88;;;
260703;0300;78;;;
260703;0400;81;;;
260703;0500;77;;;
260703;0600;78;;;
260703;0700;81;;;
260703;0800;81;;;
260703;0900;89;;;
260703;1000;81;;;
260703;1100;55;;;
260703;1200;59;;;
260703;1300;44;;;
260703;1400;46;;;
260703;1500;33;;;
260703;1600;25;;;
260703;1700;30;;;
260703;1800;38;;;
260703;1900;37;;;
260703;2000;37;;;
260703;2100;17;;;
260703;2200;19;;;
260703;2300;42;;;
260704;0000;52;;;
260704;0100;62;;;
260704;0200;43;;;
260704;0300;58;;;
260704;0400;80;;;
260704;0500;80;;;
260704;0600;82;;;
260704;0700;78;;;
260704;0800;66;;;
260704;0900;50;;;
260704;1000;48;;;
260704;1100;53;;;
260704;1200;33;;;
260704;1300;12;;;
260704;1400;20;;;
260704;1500;20;;;
260704;1600;12;;;
260704;1700;11;;;
260704;1800;13;;;
260704;1900;30;;;
260704;2000;49;;;
260704;2100;43;;;
260704;2200;85;;;
260704;2300;85;;;
260705;0000;67;;;
260705;0100;51;;;
260705;0200;32;;;
260705;0300;29;;;
260705;0400;30;;;
260705;0500;38;;;
260705;0600;43;;;
260705;0700;40;;;
260705;0800;43;;;
260705;0900;35;;;
260705;1000;29;;;
260705;1100;19;;;
260705;1200;18;;;
260705;1300;15;;;
260705;1400;13;;;
260705;1500;24;;;
260705;1600;22;;;
260705;1700;27;;;
260705;1800;31;;;
260705;1900;70;;;
260705;2000;70;;;
260705;2100;71;;;
260705;2200;69;;;
260705;2300;54;;;
260706;0000;54;;;
260706;0100;51;;;
260706;0200;49;;;
260706;0300;41;;;
260706;0400;36;;;
260706;0500;40;;;
260706;0600;30;;;
260706;0700;34;;;
260706;0800;42;;;
260706;0900;41;;;
260706;1000;42;;;
260706;1100;31;;;
260706;1200;29;;;
260706;1300;31;;;
260706;1400;30;;;
260706;1500;35;;;
260706;1600;28;;;
260706;1700;38;;;
260706;1800;61;;;
260706;1900;75;;;
260706;2000;79;;;
260706;2100;80;;;
260706;2200;77;;;
260706;2300;58;;;
260707;0000;51;;;
260707;0100;60;;;
260707;0200;43;;;
260707;0300;45;;;
260707;0400;39;;;
260707;0500;32;;;
260707;0600;27;;;
260707;0700;35;;;
260707;0800;52;;;
260707;0900;34;;;
260707;1000;38;;;
260707;1100;38;;;
260707;1200;20;;;
260707;1300;29;;;
260707;1400;36;;;
260707;1500;38;;;
260707;1600;54;;;
260707;1700;42;;;
260707;1800;54;;;
260707;1900;62;;;
260707;2000;68;;;
260707;2100;70;;;
260707;2200;82;;;
260707;2300;75;;;
260708;0000;54;;;
260708;0100;55;;;
260708;0200;52;;;
260708;0300;52;;;
260708;0400;44;;;
260708;0500;39;;;
260708;0600;35;;;
260708;0700;40;;;
260708;0800;46;;;
260708;0900;53;;;
260708;1000;57;;;
260708;1100;58;;;
260708;1200;44;;;
260708;1300;33;;;
260708;1400;43;;;
260708;1500;41;;;
260708;1600;46;;;
260708;1700;53;;;
260708;1800;60;;;
260708;1900;63;;;
260708;2000;68;;;
260708;2100;68;;;
260708;2200;75;;;
260708;2300;77;;;
260709;0000;65;;;
260709;0100;59;;;
260709;0200;58;;;
260709;0300;53;;;
260709;0400;51;;;
260709;0500;56;;;
260709;0600;47;;;
260709;0700;47;;;
260709;0800;57;;;
260709;0900;60;;;
260709;1000;67;;;
260709;1100;76;;;
260709;1200;67;;;
260709;1300;79;;;
260709;1400;101;;;
260709;1500;53;;;
260709;1600;53;;;
260709;1700;77;;;
260709;1800;63;;;
260709;1900;70;;;
260709;2000;68;;;
260709;2100;75;;;
260709;2200;76;;;
260709;2300;74;;;
260710;0000;79;;;
260710;0100;84;;;
260710;0200;51;;;
260710;0300;54;;;
260710;0400;73;;;
260710;0500;56;;;
260710;0600;54;;;
260710;0700;49;;;
260710;0800;49;;;
260710;0900;43;;;
260710;1000;42;;;
260710;1100;47;;;
260710;1200;39;;;
260710;1300;32;;;
260710;1400;22;;;
260710;1500;17;;;
260710;1600;22;;;
260710;1700;21;;;
260710;1800;32;;;
260710;1900;32;;;
260710;2000;42;;;
260710;2100;75;;;
260710;2200;73;;;
260710;2300;67;;;
260711;0000;57;;;
260711;0100;58;;;
260711;0200;63;;;
260711;0300;52;;;
260711;0400;50;;;
260711;0500;39;;;
260711;0600;42;;;
260711;0700;43;;;
260711;0800;39;;;
260711;0900;37;;;
260711;1000;26;;;
260711;1100;34;;;
260711;1200;23;;;
260711;1300;24;;;
260711;1400;10;;;
260711;1500;11;;;
260711;1600;26;;;
260711;1700;20;;;
260711;1800;24;;;
260711;1900;50;;;
260711;2000;83;;;
260711;2100;102;;;
260711;2200;110;;;
260711;2300;110;;;
260712;0000;99;;;
260712;0100;89;;;
260712;0200;84;;;
260712;0300;77;;;
260712;0400;71;;;
260712;0500;57;;;
260712;0600;47;;;
260712;0700;41;;;
260712;0800;39;;;
260712;0900;37;;;
260712;1000;49;;;
260712;1100;45;;;
260712;1200;40;;;
260712;1300;33;;;
260712;1400;19;;;
260712;1500;21;;;
260712;1600;29;;;
260712;1700;34;;;
260712;1800;35;;;
260712;1900;40;;;
260712;2000;59;;;
260712;2100;83;;;
260712;2200;77;;;
260712;2300;69;;;
260713;0000;70;;;
260713;0100;60;;;
260713;0200;45;;;
260713;0300;38;;;
260713;0400;40;;;
260713;0500;54;;;
260713;0600;53;;;
260713;0700;53;;;
260713;0800;63;;;
260713;0900;57;;;
260713;1000;45;;;
260713;1100;41;;;
260713;1200;27;;;
260713;1300;37;;;
260713;1400;26;;;
260713;1500;16;;;
260713;1600;25;;;
260713;1700;16;;;
260713;1800;19;;;
260713;1900;29;;;
260713;2000;27;;;
260713;2100;33;;;
260713;2200;31;;;
260713;2300;33;;;
260714;0000;43;;;
260714;0100;40;;;
260714;0200;44;;;
260714;0300;24;;;
260714;0400;31;;;
260714;0500;34;;;
260714;0600;24;;;
260714;0700;16;;;
260714;0800;14;;;
260714;0900;15;;;
260714;1000;23;;;
260714;1100;28;;;
260714;1200;29;;;
260714;1300;21;;;
260714;1400;18;;;
260714;1500;17;;;
260714;1600;38;;;
260714;1700;29;;;
260714;1800;18;;;
260714;1900;26;;;
260714;2000;34;;;
260714;2100;47;;;
260714;2200;53;;;
260714;2300;46;;;
260715;0000;47;;;
260715;0100;44;;;
260715;0200;39;;;
260715;0300;41;;;
260715;0400;38;;;
260715;0500;32;;;
260715;0600;24;;;
260715;0700;40;;;
260715;0800;33;;;
260715;0900;30;;;
260715;1000;21;;;
260715;1100;30;;;
260715;1200;30;;;
260715;1300;32;;;
260715;1400;21;;;
260715;1500;21;;;
260715;1600;17;;;
260715;1700;5;;;
260715;1800;3;;;
260715;1900;20;;;
260715;2000;10;;;
260715;2100;11;;;
260715;2200;13;;;
260715;2300;13;;;
260716;0000;12;;;
260716;0100;14;;;
260716;0200;16;;;
260716;0300;16;;;
260716;0400;19;;;
260716;0500;16;;;
260716;0600;13;;;
260716;0700;15;;;
260716;0800;10;;;
260716;0900;7;;;
260716;1000;10;;;
260716;1100;9;;;
260716;1200;5;;;
260716;1300;2;;;
260716;1400;6;;;
260716;1500;3;;;
260716;1600;3;;;
260716;1700;3;;;
260716;1800;8;;;
260716;1900;7;;;
260716;2000;10;;;
260716;2100;10;;;
260716;2200;5;;;
260716;2300;4;;;
260717;0000;2;;;
260717;0100;2;;;
260717;0200;3;;;
260717;0300;3;;;
260717;0400;3;;;
260717;0500;6;;;
260717;0600;7;;;
260717;0700;6;;;
260717;0800;4;;;
260717;0900;6;;;
260717;1000;4;;;
260717;1100;12;;;
260717;1200;9;;;
260717;1300;12;;;
260717;1400;14;;;
260717;1500;11;;;
260717;1600;12;;;
260717;1700;13;;;
260717;1800;7;;;
260717;1900;1;;;
260717;2000;3;;;
260717;2100;8;;;
260717;2200;4;;;
260717;2300;1;;;
260718;0000;2;;;
260718;0100;3;;;
260718;0200;3;;;
260718;0300;6;;;
260718;0400;6;;;
260718;0500;4;;;
260718;0600;3;;;
260718;0700;5;;;
260718;0800;5;;;
260718;0900;7;;;
260718;1000;5;;;
260718;1100;2;;;
260718;1200;1;;;
260718;1300;2;;;
260718;1400;2;;;
260718;1500;2;;;
260718;1600;1;;;
260718;1700;8;;;
260718;1800;8;;;
260718;1900;5;;;
260718;2000;17;;;
260718;2100;33;;;
260718;2200;39;;;
260718;2300;42;;;
260719;0000;31;;;
260719;0100;42;;;
260719;0200;40;;;
260719;0300;40;;;
260719;0400;44;;;
260719;0500;32;;;
260719;0600;27;;;
260719;0700;22;;;
260719;0800;19;;;
260719;0900;23;;;
260719;1000;24;;;
260719;1100;19;;;
260719;1200;27;;;
260719;1300;18;;;
260719;1400;19;;;
260719;1500;14;;;
260719;1600;23;;;
260719;1700;20;;;
260719;1800;28;;;
260719;1900;42;;;
260719;2000;45;;;
260719;2100;41;;;
260719;2200;49;;;
260719;2300;37;;;
260720;0000;43;;;
260720;0100;41;;;
260720;0200;32;;;
260720;0300;11;;;
260720;0400;9;;;
260720;0500;14;;;
260720;0600;8;;;
260720;0700;6;;;
260720;0800;8;;;
260720;0900;9;;;
260720;1000;6;;;
260720;1100;9;;;
260720;1200;8;;;
260720;1300;5;;;
260720;1400;8;;;
260720;1500;12;;;
260720;1600;11;;;
260720;1700;12;;;
260720;1800;22;;;
260720;1900;18;;;
260720;2000;23;;;
260720;2100;19;;;
260720;2200;16;;;
260720;2300;17;;;
260721;0000;24;;;
260721;0100;20;;;
260721;0200;15;;;
260721;0300;9;;;
260721;0400;8;;;
260721;0500;18;;;
260721;0600;17;;;
260721;0700;11;;;
260721;0800;18;;;
260721;0900;16;;;
260721;1000;17;;;
260721;1100;17;;;
260721;1200;10;;;
260721;1300;7;;;
260721;1400;4;;;
260721;1500;5;;;
260721;1600;6;;;
260721;1700;4;;;
260721;1800;15;;;
260721;1900;16;;;
260721;2000;18;;;
260721;2100;19;;;
260721;2200;33;;;
260721;2300;23;;;
260722;0000;13;;;
260722;0100;16;;;
260722;0200;13;;;
260722;0300;16;;;
260722;0400;14;;;
260722;0500;26;;;
260722;0600;30;;;
260722;0700;21;;;
260722;0800;21;;;
260722;0900;23;;;
260722;1000;29;;;
260722;1100;23;;;
260722;1200;21;;;
260722;1300;13;;;
260722;1400;13;;;
260722;1500;9;;;
260722;1600;10;;;
260722;1700;14;;;
260722;1800;22;;;
260722;1900;27;;;
260722;2000;26;;;
260722;2100;37;;;
260722;2200;35;;;
260722;2300;29;;;
260723;0000;40;;;
260723;0100;31;;;
260723;0200;22;;;
260723;0300;25;;;
260723;0400;17;;;
260723;0500;14;;;
260723;0600;21;;;
260723;0700;20;;;
260723;0800;20;;;
260723;0900;11;;;
260723;1000;17;;;
260723;1100;17;;;
260723;1200;16;;;
260723;1300;12;;;
260723;1400;15;;;
260723;1500;23;;;
260723;1600;16;;;
260723;1700;20;;;
260723;1800;12;;;
260723;1900;15;;;
260723;2000;13;;;
260723;2100;7;;;
260723;2200;9;;;
260723;2300;7;;;
260724;0000;8;;;
260724;0100;15;;;
260724;0200;12;;;
260724;0300;15;;;
260724;0400;15;;;
260724;0500;14;;;
260724;0600;18;;;
260724;0700;24;;;
260724;0800;34;;;
260724;0900;25;;;
260724;1000;32;;;
260724;1100;25;;;
260724;1200;22;;;
260724;1300;27;;;
260724;1400;20;;;
260724;1500;18;;;
260724;1600;17;;;
260724;1700;15;;;
260724;1800;32;;;
260724;1900;54;;;
260724;2000;71;;;
260724;2100;92;;;
260724;2200;56;;;
260724;2300;41;;;
260725;0000;26;;;
260725;0100;54;;;
260725;0200;60;;;
260725;0300;49;;;
260725;0400;37;;;
260725;0500;31;;;
260725;0600;30;;;
260725;0700;30;;;
260725;0800;24;;;
260725;0900;25;;;
260725;1000;13;;;
260725;1100;16;;;
260725;1200;24;;;
260725;1300;21;;;
260725;1400;17;;;
260725;1500;14;;;
260725;1600;8;;;
260725;1700;9;;;
260725;1800;19;;;
260725;1900;31;;;
260725;2000;38;;;
260725;2100;45;;;
260725;2200;52;;;
260725;2300;54;;;
260726;0000;57;;;
260726;0100;55;;;
260726;0200;55;;;
260726;0300;53;;;
260726;0400;52;;;
260726;0500;40;;;
260726;0600;40;;;
260726;0700;30;;;
260726;0800;37;;;
260726;0900;21;;;
260726;1000;24;;;
260726;1100;26;;;
260726;1200;29;;;
260726;1300;19;;;
260726;1400;7;;;
260726;1500;6;;;
260726;1600;11;;;
260726;1700;13;;;
260726;1800;23;;;
260726;1900;34;;;
260726;2000;33;;;
260726;2100;35;;;
260726;2200;39;;;
260726;2300;37;;;
260727;0000;52;;;
260727;0100;27;;;
260727;0200;31;;;
260727;0300;15;;;
260727;0400;8;;;
260727;0500;6;;;
260727;0600;5;;;
260727;0700;12;;;
260727;0800;12;;;
260727;0900;23;;;
260727;1000;10;;;
260727;1100;6;;;
260727;1200;12;;;
260727;1300;8;;;
260727;1400;6;;;
260727;1500;3;;;
260727;1600;2;;;
260727;1700;3;;;
260727;1800;3;;;
260727;1900;4;;;
260727;2000;5;;;
260727;2100;5;;;
260727;2200;7;;;
260727;2300;6;;;
260728;0000;10;;;
260728;0100;7;;;
260728;0200;6;;;
260728;0300;8;;;
260728;0400;5;;;
260728;0500;5;;;
260728;0600;7;;;
260728;0700;6;;;
260728;0800;10;;;
260728;0900;7;;;
260728;1000;7;;;
260728;1100;5;;;
260728;1200;4;;;
260728;1300;7;;;
260728;1400;10;;;
260728;1500;10;;;
260728;1600;8;;;
260728;1700;9;;;
260728;1800;13;;;
260728;1900;19;;;
260728;2000;25;;;
260728;2100;22;;;
260728;2200;21;;;
260728;2300;20;;;
260729;0000;24;;;
260729;0100;29;;;
260729;0200;27;;;
260729;0300;29;;;
260729;0400;12;;;
260729;0500;20;;;
260729;0600;27;;;
260729;0700;25;;;
260729;0800;22;;;
260729;0900;24;;;
260729;1000;27;;;
260729;1100;27;;;
260729;1200;25;;;
260729;1300;29;;;
260729;1400;31;;;
260729;1500;38;;;
260729;1600;44;;;
260729;1700;52;;;
260729;1800;65;;;
260729;1900;62;;;
260729;2000;57;;;
260729;2100;29;;;
260729;2200;18;;;
260729;2300;30;;;
260730;0000;30;;;
260730;0100;36;;;
260730;0200;32;;;
260730;0300;27;;;
260730;0400;26;;;
260730;0500;34;;;
260730;0600;28;;;
260730;0700;24;;;
260730;0800;42;;;
260730;0900;39;;;
260730;1000;30;;;
260730;1100;14;;;
260730;1200;14;;;
260730;1300;7;;;
260730;1400;3;;;
260730;1500;7;;;
260730;1600;6;;;
260730;1700;7;;;
260730;1800;8;;;
260730;1900;6;;;
260730;2000;15;;;
260730;2100;13;;;
260730;2200;22;;;
260730;2300;18;;;
260731;0000;25;;;
260731;0100;32;;;
260731;0200;36;;;
260731;0300;22;;;
260731;0400;30;;;
260731;0500;15;;;
260731;0600;15;;;
260731;0700;20;;;
260731;0800;24;;;
260731;0900;17;;;
260731;1000;1;;;
260731;1100;3;;;
260731;1200;4;;;
260731;1300;1;;;
260731;1400;1;;;
260731;1500;3;;;
260731;1600;3;;;
260731;1700;4;;;
260731;1800;4;;;
260731;1900;13;;;
260731;2000;50;;;
260731;2100;54;;;
260731;2200;74;;;
260731;2300;58;;;
260801;0000;48;;;
260801;0100;61;;;
260801;0200;46;;;
260801;0300;31;;;
260801;0400;47;;;
260801;0500;35;;;
260801;0600;26;;;
260801;0700;20;;;
260801;0800;27;;;
260801;0900;36;;;
260801;1000;30;;;
260801;1100;29;;;
260801;1200;30;;;
260801;1300;36;;;
260801;1400;45;;;
260801;1500;54;;;
260801;1600;47;;;
260801;1700;44;;;
260801;1800;38;;;
260801;1900;26;;;
260801;2000;41;;;
260801;2100;28;;;
260801;2200;21;;;
260801;2300;31;;;
260802;0000;18;;;
260802;0100;16;;;
260802;0200;1;;;
260802;0300;2;;;
260802;0400;4;;;
260802;0500;1;;;
260802;0600;1;;;
260802;0700;1;;;
260802;0800;1;;;
260802;0900;3;;;
260802;1000;4;;;
260802;1100;6;;;
260802;1200;7;;;
260802;1300;6;;;
260802;1400;12;;;
260802;1500;15;;;
260802;1600;15;;;
260802;1700;24;;;
260802;1800;24;;;
260802;1900;32;;;
260802;2000;32;;;
260802;2100;27;;;
260802;2200;27;;;
260802;2300;32;;;
260803;0000;42;;;
260803;0100;39;;;
260803;0200;42;;;
260803;0300;44;;;
260803;0400;42;;;
260803;0500;36;;;
260803;0600;39;;;
260803;0700;34;;;
260803;0800;30;;;
260803;0900;38;;;
260803;1000;35;;;
260803;1100;29;;;
260803;1200;28;;;
260803;1300;23;;;
260803;1400;23;;;
260803;1500;16;;;
260803;1600;20;;;
260803;1700;10;;;
260803;1800;12;;;
260803;1900;23;;;
260803;2000;31;;;
260803;2100;40;;;
260803;2200;52;;;
260803;2300;40;;;
260804;0000;36;;;
260804;0100;37;;;
260804;0200;33;;;
260804;0300;38;;;
260804;0400;37;;;
260804;0500;29;;;
260804;0600;29;;;
260804;0700;45;;;
260804;0800;35;;;
260804;0900;36;;;
260804;1000;29;;;
260804;1100;35;;;
260804;1200;26;;;
260804;1300;29;;;
260804;1400;21;;;
260804;1500;20;;;
260804;1600;16;;;
260804;1700;15;;;
260804;1800;17;;;
260804;1900;22;;;
260804;2000;27;;;
260804;2100;43;;;
260804;2200;34;;;
260804;2300;47;;;
260805;0000;49;;;
260805;0100;43;;;
260805;0200;44;;;
260805;0300;38;;;
260805;0400;49;;;
260805;0500;51;;;
260805;0600;48;;;
260805;0700;44;;;
260805;0800;50;;;
260805;0900;50;;;
260805;1000;57;;;
260805;1100;73;;;
260805;1200;54;;;
260805;1300;49;;;
260805;1400;7;;;
260805;1500;8;;;
260805;1600;25;;;
260805;1700;19;;;
260805;1800;27;;;
260805;1900;29;;;
260805;2000;16;;;
260805;2100;29;;;
260805;2200;23;;;
260805;2300;22;;;
260806;0000;11;;;
260806;0100;6;;;
260806;0200;1;;;
260806;0300;1;;;
260806;0400;1;;;
260806;0500;9;;;
260806;0600;6;;;
260806;0700;5;;;
260806;0800;5;;;
260806;0900;11;;;
260806;1000;10;;;
260806;1100;13;;;
260806;1200;8;;;
260806;1300;4;;;
260806;1400;8;;;
260806;1500;8;;;
260806;1600;8;;;
260806;1700;10;;;
260806;1800;12;;;
260806;1900;16;;;
260806;2000;14;;;
260806;2100;18;;;
260806;2200;15;;;
260806;2300;23;;;
260807;0000;26;;;
260807;0100;27;;;
260807;0200;24;;;
260807;0300;24;;;
260807;0400;18;;;
260807;0500;29;;;
260807;0600;35;;;
260807;0700;38;;;
260807;0800;24;;;
260807;0900;18;;;
260807;1000;13;;;
260807;1100;17;;;
260807;1200;24;;;
260807;1300;21;;;
260807;1400;11;;;
260807;1500;8;;;
260807;1600;6;;;
260807;1700;5;;;
260807;1800;2;;;
260807;1900;2;;;
260807;2000;2;;;
260807;2100;8;;;
260807;2200;9;;;
260807;2300;5;;;
260808;0000;6;;;
260808;0100;19;;;
260808;0200;16;;;
260808;0300;7;;;
260808;0400;6;;;
260808;0500;4;;;
260808;0600;4;;;
260808;0700;4;;;
260808;0800;5;;;
260808;0900;6;;;
260808;1000;7;;;
260808;1100;5;;;
260808;1200;7;;;
260808;1300;5;;;
260808;1400;2;;;
260808;1500;3;;;
260808;1600;2;;;
260808;1700;4;;;
260808;1800;7;;;
260808;1900;8;;;
260808;2000;6;;;
260808;2100;4;;;
260808;2200;11;;;
260808;2300;10;;;
260809;0000;15;;;
260809;0100;13;;;
260809;0200;12;;;
260809;0300;10;;;
260809;0400;13;;;
260809;0500;20;;;
260809;0600;22;;;
260809;0700;40;;;
260809;0800;42;;;
260809;0900;32;;;
260809;1000;22;;;
260809;1100;18;;;
260809;1200;19;;;
260809;1300;5;;;
260809;1400;5;;;
260809;1500;8;;;
260809;1600;7;;;
260809;1700;4;;;
260809;1800;5;;;
260809;1900;9;;;
260809;2000;12;;;
260809;2100;8;;;
260809;2200;12;;;
260809;2300;8;;;
260810;0000;18;;;
260810;0100;14;;;
260810;0200;15;;;
260810;0300;9;;;
260810;0400;8;;;
260810;0500;9;;;
260810;0600;11;;;
260810;0700;13;;;
260810;0800;14;;;
260810;0900;14;;;
260810;1000;18;;;
260810;1100;13;;;
260810;1200;34;;;
260810;1300;34;;;
260810;1400;28;;;
260810;1500;26;;;
260810;1600;17;;;
260810;1700;15;;;
260810;1800;17;;;
260810;1900;12;;;
260810;2000;29;;;
260810;2100;32;;;
260810;2200;36;;;
260810;2300;34;;;
260811;0000;36;;;
260811;0100;16;;;
260811;0200;25;;;
260811;0300;38;;;
260811;0400;36;;;
260811;0500;36;;;
260811;0600;28;;;
260811;0700;27;;;
260811;0800;28;;;
260811;0900;28;;;
260811;1000;25;;;
260811;1100;29;;;
260811;1200;33;;;
260811;1300;33;;;
260811;1400;34;;;
260811;1500;40;;;
260811;1600;39;;;
260811;1700;41;;;
260811;1800;39;;;
260811;1900;43;;;
260811;2000;44;;;
260811;2100;41;;;
260811;2200;39;;;
260811;2300;36;;;
260812;0000;38;;;
260812;0100;48;;;
260812;0200;41;;;
260812;0300;47;;;
260812;0400;51;;;
260812;0500;56;;;
260812;0600;64;;;
260812;0700;63;;;
260812;0800;62;;;
260812;0900;65;;;
260812;1000;52;;;
260812;1100;54;;;
260812;1200;57;;;
260812;1300;53;;;
260812;1400;42;;;
260812;1500;55;;;
260812;1600;48;;;
260812;1700;39;;;
260812;1800;30;;;
260812;1900;38;;;
260812;2000;37;;;
260812;2100;63;;;
260812;2200;58;;;
260812;2300;66;;;
260813;0000;73;;;
260813;0100;72;;;
260813;0200;66;;;
260813;0300;60;;;
260813;0400;63;;;
260813;0500;74;;;
260813;0600;54;;;
260813;0700;53;;;
260813;0800;57;;;
260813;0900;61;;;
260813;1000;73;;;
260813;1100;67;;;
260813;1200;68;;;
260813;1300;65;;;
260813;1400;13;;;
260813;1500;31;;;
260813;1600;38;;;
260813;1700;37;;;
260813;1800;42;;;
260813;1900;7;;;
260813;2000;16;;;
260813;2100;14;;;
260813;2200;14;;;
260813;2300;17;;;
260814;0000;8;;;
260814;0100;10;;;
260814;0200;11;;;
260814;0300;10;;;
260814;0400;14;;;
260814;0500;10;;;
260814;0600;16;;;
260814;0700;18;;;
260814;0800;20;;;
260814;0900;20;;;
260814;1000;10;;;
260814;1100;7;;;
260814;1200;7;;;
260814;1300;8;;;
260814;1400;7;;;
260814;1500;6;;;
260814;1600;10;;;
260814;1700;8;;;
260814;1800;6;;;
260814;1900;10;;;
260814;2000;14;;;
260814;2100;8;;;
260814;2200;8;;;
260814;2300;8;;;
260815;0000;16;;;
260815;0100;19;;;
260815;0200;18;;;
260815;0300;18;;;
260815;0400;18;;;
260815;0500;21;;;
260815;0600;18;;;
260815;0700;19;;;
260815;0800;18;;;
260815;0900;8;;;
260815;1000;7;;;
260815;1100;5;;;
260815;1200;5;;;
260815;1300;3;;;
260815;1400;6;;;
260815;1500;4;;;
260815;1600;5;;;
260815;1700;7;;;
260815;1800;6;;;
260815;1900;9;;;
260815;2000;19;;;
260815;2100;23;;;
260815;2200;13;;;
260815;2300;19;;;
260816;0000;26;;;
260816;0100;34;;;
260816;0200;28;;;
260816;0300;28;;;
260816;0400;31;;;
260816;0500;30;;;
260816;0600;16;;;
260816;0700;18;;;
260816;0800;16;;;
260816;0900;17;;;
260816;1000;17;;;
260816;1100;18;;;
260816;1200;18;;;
260816;1300;16;;;
260816;1400;19;;;
260816;1500;16;;;
260816;1600;14;;;
260816;1700;11;;;
260816;1800;10;;;
260816;1900;13;;;
260816;2000;12;;;
260816;2100;14;;;
260816;2200;13;;;
260816;2300;13;;;
260817;0000;13;;;
260817;0100;14;;;
260817;0200;11;;;
260817;0300;15;;;
260817;0400;17;;;
260817;0500;14;;;
260817;0600;13;;;
260817;0700;13;;;
260817;0800;15;;;
260817;0900;13;;;
260817;1000;15;;;
260817;1100;19;;;
260817;1200;8;;;
260817;1300;6;;;
260817;1400;8;;;
260817;1500;10;;;
260817;1600;10;;;
260817;1700;9;;;
260817;1800;15;;;
260817;1900;8;;;
260817;2000;14;;;
260817;2100;19;;;
260817;2200;23;;;
260817;2300;22;;;
260818;0000;29;;;
260818;0100;30;;;
260818;0200;27;;;
260818;0300;32;;;
260818;0400;28;;;
260818;0500;38;;;
260818;0600;33;;;
260818;0700;41;;;
260818;0800;35;;;
260818;0900;22;;;
260818;1000;20;;;
260818;1100;26;;;
260818;1200;29;;;
260818;1300;16;;;
260818;1400;9;;;
260818;1500;9;;;
260818;1600;8;;;
260818;1700;11;;;
260818;1800;14;;;
260818;1900;9;;;
260818;2000;8;;;
260818;2100;12;;;
260818;2200;19;;;
260818;2300;34;;;
260819;0000;36;;;
260819;0100;39;;;
260819;0200;31;;;
260819;0300;23;;;
260819;0400;26;;;
260819;0500;19;;;
260819;0600;18;;;
260819;0700;34;;;
260819;0800;26;;;
260819;0900;34;;;
260819;1000;27;;;
260819;1100;25;;;
260819;1200;17;;;
260819;1300;19;;;
260819;1400;12;;;
260819;1500;13;;;
260819;1600;19;;;
260819;1700;15;;;
260819;1800;11;;;
260819;1900;14;;;
260819;2000;19;;;
260819;2100;17;;;
260819;2200;18;;;
260819;2300;24;;;
260820;0000;27;;;
260820;0100;20;;;
260820;0200;37;;;
260820;0300;38;;;
260820;0400;42;;;
260820;0500;38;;;
260820;0600;37;;;
260820;0700;46;;;
260820;0800;27;;;
260820;0900;24;;;
260820;1000;29;;;
260820;1100;31;;;
260820;1200;33;;;
260820;1300;29;;;
260820;1400;31;;;
260820;1500;29;;;
260820;1600;17;;;
260820;1700;14;;;
260820;1800;15;;;
260820;1900;18;;;
260820;2000;23;;;
260820;2100;50;;;
260820;2200;46;;;
260820;2300;53;;;
260821;0000;43;;;
260821;0100;24;;;
260821;0200;34;;;
260821;0300;33;;;
260821;0400;45;;;
260821;0500;43;;;
260821;0600;51;;;
260821;0700;60;;;
260821;0800;51;;;
260821;0900;59;;;
260821;1000;48;;;
260821;1100;45;;;
260821;1200;35;;;
260821;1300;32;;;
260821;1400;26;;;
260821;1500;36;;;
260821;1600;24;;;
260821;1700;23;;;
260821;1800;21;;;
260821;1900;10;;;
260821;2000;24;;;
260821;2100;49;;;
260821;2200;70;;;
260821;2300;73;;;
260822;0000;69;;;
260822;0100;59;;;
260822;0200;62;;;
260822;0300;48;;;
260822;0400;47;;;
260822;0500;32;;;
260822;0600;32;;;
260822;0700;45;;;
260822;0800;37;;;
260822;0900;29;;;
260822;1000;33;;;
260822;1100;47;;;
260822;1200;42;;;
260822;1300;34;;;
260822;1400;19;;;
260822;1500;18;;;
260822;1600;12;;;
260822;1700;12;;;
260822;1800;17;;;
260822;1900;13;;;
260822;2000;20;;;
260822;2100;29;;;
260822;2200;42;;;
260822;2300;54;;;
260823;0000;66;;;
260823;0100;79;;;
260823;0200;50;;;
260823;0300;68;;;
260823;0400;46;;;
260823;0500;40;;;
260823;0600;44;;;
260823;0700;40;;;
260823;0800;38;;;
260823;0900;39;;;
260823;1000;28;;;
260823;1100;35;;;
260823;1200;32;;;
260823;1300;25;;;
260823;1400;24;;;
260823;1500;23;;;
260823;1600;23;;;
260823;1700;21;;;
260823;1800;20;;;
260823;1900;23;;;
260823;2000;23;;;
260823;2100;23;;;
260823;2200;27;;;
260823;2300;20;;;
260824;0000;;29;;
260824;0100;;24;;
260824;0200;;23;;
260824;0300;;26;;
260824;0400;;26;;
260824;0500;;24;;
260824;0600;;23;;
260824;0700;;28;;
260824;0800;;32;;
260824;0900;;33;;
260824;1000;;43;;
260824;1100;;41;;
260824;1200;;49;;
260824;1300;;42;;
260824;1400;;44;;
260824;1500;;36;;
260824;1600;;33;;
260824;1700;;33;;
260824;1800;;38;;
260824;1900;;34;;
260824;2000;;41;;
260824;2100;;39;;
260824;2200;;47;;
260824;2300;;32;;
260825;0000;;29;;
260825;0100;;28;;
260825;0200;;27;;
260825;0300;;30;;
260825;0400;;30;;
260825;0500;;18;;
260825;0600;;16;;
260825;0700;;8;;
260825;0800;;14;;
260825;0900;;7;;
260825;1000;;4;;
260825;1100;;8;;
260825;1200;;12;;
260825;1300;;11;;
260825;1400;;8;;
260825;1500;;9;;
260825;1600;;10;;
260825;1700;;11;;
260825;1800;;13;;
260825;1900;;12;;
260825;2000;;11;;
260825;2100;;9;;
260825;2200;;10;;
260825;2300;;10;;
260826;0000;;15;;
260826;0100;;5;;
260826;0200;;4;;
260826;0300;;11;;
260826;0400;;6;;
260826;0500;;5;;
260826;0600;;7;;
260826;0700;;8;;
260826;0800;;9;;
260826;0900;;6;;
260826;1000;;14;;
260826;1100;;14;;
260826;1200;;13;;
260826;1300;;16;;
260826;1400;;16;;
260826;1500;;;;
260826;1600;;10;;
260826;1700;;13;;
260826;1800;;11;;
260826;1900;;13;;
260826;2000;;15;;
260826;2100;;11;;
260826;2200;;10;;
260826;2300;;11;;
260827;0000;;9;;
260827;0100;;18;;
260827;0200;;21;;
260827;0300;;20;;
260827;0400;;22;;
260827;0500;;30;;
260827;0600;;24;;
260827;0700;;27;;
260827;0800;;26;;
260827;0900;;13;;
260827;1000;;28;;
260827;1100;;14;;
260827;1200;;13;;
260827;1300;;10;;
260827;1400;;9;;
260827;1500;;7;;
260827;1600;;4;;
260827;1700;;6;;
260827;1800;;6;;
260827;1900;;10;;
260827;2000;;10;;
260827;2100;;9;;
260827;2200;;11;;
260827;2300;;14;;
260828;0000;;15;;
260828;0100;;19;;
260828;0200;;19;;
260828;0300;;10;;
260828;0400;;10;;
260828;0500;;13;;
260828;0600;;20;;
260828;0700;;20;;
260828;0800;;19;;
260828;0900;;14;;
260828;1000;;20;;
260828;1100;;14;;
260828;1200;;9;;
260828;1300;;6;;
260828;1400;;6;;
260828;1500;;6;;
260828;1600;;4;;
260828;1700;;3;;
260828;1800;;4;;
260828;1900;;3;;
260828;2000;;4;;
260828;2100;;13;;
260828;2200;;23;;
260828;2300;;26;;
260829;0000;;19;;
260829;0100;;22;;
260829;0200;;18;;
260829;0300;;24;;
260829;0400;;33;;
260829;0500;;32;;
260829;0600;;35;;
260829;0700;;42;;
260829;0800;;32;;
260829;0900;;20;;
260829;1000;;15;;
260829;1100;;11;;
260829;1200;;10;;
260829;1300;;6;;
260829;1400;;3;;
260829;1500;;1;;
260829;1600;;5;;
260829;1700;;7;;
260829;1800;;5;;
260829;1900;;9;;
260829;2000;;10;;
260829;2100;;13;;
260829;2200;;16;;
260829;2300;;22;;
260830;0000;;34;;
260830;0100;;50;;
260830;0200;;41;;
260830;0300;;39;;
260830;0400;;32;;
260830;0500;;33;;
260830;0600;;28;;
260830;0700;;43;;
260830;0800;;35;;
260830;0900;;22;;
260830;1000;;18;;
260830;1100;;4;;
260830;1200;;7;;
260830;1300;;7;;
260830;1400;;7;;
260830;1500;;7;;
260830;1600;;5;;
260830;1700;;3;;
260830;1800;;6;;
260830;1900;;4;;
260830;2000;;9;;
260830;2100;;7;;
260830;2200;;7;;
260830;2300;;3;;
260831;0000;;3;;
260831;0100;;5;;
260831;0200;;3;;
260831;0300;;4;;
260831;0400;;4;;
260831;0500;;3;;
260831;0600;;4;;
260831;0700;;3;;
260831;0800;;4;;
260831;0900;;4;;
260831;1000;;6;;
260831;1100;;4;;
260831;1200;;5;;
260831;1300;;5;;
260831;1400;;2;;
260831;1500;;1;;
260831;1600;;1;;
260831;1700;;2;;
260831;1800;;9;;
260831;1900;;9;;
260831;2000;;14;;
260831;2100;;33;;
260831;2200;;47;;
260831;2300;;50;;
260901;0000;;30;;
260901;0100;;28;;
260901;0200;;28;;
260901;0300;;31;;
260901;0400;;18;;
260901;0500;;18;;
260901;0600;;30;;
260901;0700;;31;;
260901;0800;;25;;
260901;0900;;35;;
260901;1000;;23;;
260901;1100;;11;;
260901;1200;;12;;
260901;1300;;17;;
260901;1400;;20;;
260901;1500;;15;;
260901;1600;;12;;
260901;1700;;8;;
260901;1800;;17;;
260901;1900;;17;;
260901;2000;;16;;
260901;2100;;16;;
260901;2200;;29;;
260901;2300;;27;;
260902;0000;;28;;
260902;0100;;13;;
260902;0200;;13;;
260902;0300;;12;;
260902;0400;;16;;
260902;0500;;11;;
260902;0600;;23;;
260902;0700;;28;;
260902;0800;;47;;
260902;0900;;35;;
260902;1000;;24;;
260902;1100;;17;;
260902;1200;;13;;
260902;1300;;14;;
260902;1400;;10;;
260902;1500;;8;;
260902;1600;;12;;
260902;1700;;8;;
260902;1800;;4;;
260902;1900;;3;;
260902;2000;;3;;
260902;2100;;1;;
260902;2200;;6;;
260902;2300;;4;;
260903;0000;;6;;
260903;0100;;8;;
260903;0200;;7;;
260903;0300;;7;;
260903;0400;;7;;
260903;0500;;12;;
260903;0600;;28;;
260903;0700;;13;;
260903;0800;;15;;
260903;0900;;12;;
260903;1000;;12;;
260903;1100;;14;;
260903;1200;;9;;
260903;1300;;6;;
260903;1400;;4;;
260903;1500;;4;;
260903;1600;;7;;
260903;1700;;6;;
260903;1800;;7;;
260903;1900;;8;;
260903;2000;;6;;
260903;2100;;7;;
260903;2200;;18;;
260903;2300;;10;;
260904;0000;;10;;
260904;0100;;16;;
260904;0200;;6;;
260904;0300;;17;;
260904;0400;;14;;
260904;0500;;10;;
260904;0600;;13;;
260904;0700;;19;;
260904;0800;;16;;
260904;0900;;18;;
260904;1000;;18;;
260904;1100;;15;;
260904;1200;;19;;
260904;1300;;9;;
260904;1400;;8;;
260904;1500;;8;;
260904;1600;;5;;
260904;1700;;6;;
260904;1800;;6;;
260904;1900;;4;;
260904;2000;;10;;
260904;2100;;13;;
260904;2200;;20;;
260904;2300;;21;;
260905;0000;;24;;
260905;0100;;38;;
260905;0200;;40;;
260905;0300;;36;;
260905;0400;;42;;
260905;0500;;43;;
260905;0600;;51;;
260905;0700;;52;;
260905;0800;;39;;
260905;0900;;31;;
260905;1000;;34;;
260905;1100;;23;;
260905;1200;;15;;
260905;1300;;13;;
260905;1400;;9;;
260905;1500;;9;;
260905;1600;;6;;
260905;1700;;7;;
260905;1800;;10;;
260905;1900;;8;;
260905;2000;;16;;
260905;2100;;61;;
260905;2200;;71;;
260905;2300;;65;;
260906;0000;;75;;
260906;0100;;94;;
260906;0200;;84;;
260906;0300;;73;;
260906;0400;;61;;
260906;0500;;57;;
260906;0600;;45;;
260906;0700;;37;;
260906;0800;;37;;
260906;0900;;30;;
260906;1000;;23;;
260906;1100;;15;;
260906;1200;;14;;
260906;1300;;11;;
260906;1400;;9;;
260906;1500;;11;;
260906;1600;;9;;
260906;1700;;8;;
260906;1800;;11;;
260906;1900;;11;;
260906;2000;;10;;
260906;2100;;5;;
260906;2200;;5;;
260906;2300;;4;;
260907;0000;;8;;
260907;0100;;11;;
260907;0200;;11;;
260907;0300;;8;;
260907;0400;;13;;
260907;0500;;23;;
260907;0600;;11;;
260907;0700;;17;;
260907;0800;;17;;
260907;0900;;14;;
260907;1000;;12;;
260907;1100;;13;;
260907;1200;;11;;
260907;1300;;13;;
260907;1400;;8;;
260907;1500;;8;;
260907;1600;;5;;
260907;1700;;7;;
260907;1800;;7;;
260907;1900;;6;;
260907;2000;;6;;
260907;2100;;10;;
260907;2200;;13;;
260907;2300;;8;;
260908;0000;;7;;
260908;0100;;10;;
260908;0200;;20;;
260908;0300;;10;;
260908;0400;;9;;
260908;0500;;13;;
260908;0600;;20;;
260908;0700;;22;;
260908;0800;;25;;
260908;0900;;18;;
260908;1000;;19;;
260908;1100;;25;;
260908;1200;;21;;
260908;1300;;16;;
260908;1400;;4;;
260908;1500;;7;;
260908;1600;;7;;
260908;1700;;6;;
260908;1800;;6;;
260908;1900;;6;;
260908;2000;;9;;
260908;2100;;9;;
260908;2200;;7;;
260908;2300;;10;;
260909;0000;;10;;
260909;0100;;7;;
260909;0200;;8;;
260909;0300;;8;;
260909;0400;;19;;
260909;0500;;20;;
260909;0600;;18;;
260909;0700;;25;;
260909;0800;;22;;
260909;0900;;24;;
260909;1000;;24;;
260909;1100;;14;;
260909;1200;;10;;
260909;1300;;7;;
260909;1400;;8;;
260909;1500;;11;;
260909;1600;;8;;
260909;1700;;11;;
260909;1800;;8;;
260909;1900;;10;;
260909;2000;;12;;
260909;2100;;14;;
260909;2200;;10;;
260909;2300;;15;;
260910;0000;;19;;
260910;0100;;18;;
260910;0200;;16;;
260910;0300;;21;;
260910;0400;;13;;
260910;0500;;25;;
260910;0600;;35;;
260910;0700;;27;;
260910;0800;;26;;
260910;0900;;27;;
260910;1000;;26;;
260910;1100;;27;;
260910;1200;;26;;
260910;1300;;14;;
260910;1400;;16;;
260910;1500;;16;;
260910;1600;;10;;
260910;1700;;9;;
260910;1800;;9;;
260910;1900;;11;;
260910;2000;;8;;
260910;2100;;11;;
260910;2200;;13;;
260910;2300;;10;;
260911;0000;;7;;
260911;0100;;6;;
260911;0200;;8;;
260911;0300;;5;;
260911;0400;;1;;
260911;0500;;7;;
260911;0600;;7;;
260911;0700;;6;;
260911;0800;;13;;
260911;0900;;11;;
260911;1000;;9;;
260911;1100;;12;;
260911;1200;;12;;
260911;1300;;9;;
260911;1400;;7;;
260911;1500;;5;;
260911;1600;;6;;
260911;1700;;3;;
260911;1800;;6;;
260911;1900;;6;;
260911;2000;;4;;
260911;2100;;3;;
260911;2200;;4;;
260911;2300;;9;;
260912;0000;;11;;
260912;0100;;;;
260912;0200;;24;;
260912;0300;;20;;
260912;0400;;16;;
260912;0500;;19;;
260912;0600;;20;;
260912;0700;;25;;
260912;0800;;25;;
260912;0900;;16;;
260912;1000;;21;;
260912;1100;;17;;
260912;1200;;14;;
260912;1300;;15;;
260912;1400;;10;;
260912;1500;;7;;
260912;1600;;10;;
260912;1700;;9;;
260912;1800;;7;;
260912;1900;;14;;
260912;2000;;13;;
260912;2100;;20;;
260912;2200;;39;;
260912;2300;;37;;
260913;0000;;50;;
260913;0100;;59;;
260913;0200;;39;;
260913;0300;;27;;
260913;0400;;20;;
260913;0500;;31;;
260913;0600;;22;;
260913;0700;;25;;
260913;0800;;29;;
260913;0900;;34;;
260913;1000;;23;;
260913;1100;;17;;
260913;1200;;18;;
260913;1300;;14;;
260913;1400;;12;;
260913;1500;;7;;
260913;1600;;7;;
260913;1700;;7;;
260913;1800;;8;;
260913;1900;;5;;
260913;2000;;9;;
260913;2100;;14;;
260913;2200;;14;;
260913;2300;;20;;
260914;0000;;22;;
260914;0100;;8;;
260914;0200;;21;;
260914;0300;;21;;
260914;0400;;22;;
260914;0500;;27;;
260914;0600;;26;;
260914;0700;;35;;
260914;0800;;36;;
260914;0900;;26;;
260914;1000;;20;;
260914;1100;;13;;
260914;1200;;15;;
260914;1300;;15;;
260914;1400;;11;;
260914;1500;;16;;
260914;1600;;13;;
260914;1700;;12;;
260914;1800;;9;;
260914;1900;;14;;
260914;2000;;15;;
260914;2100;;26;;
260914;2200;;29;;
260914;2300;;37;;
260915;0000;;30;;
260915;0100;;24;;
260915;0200;;27;;
260915;0300;;25;;
260915;0400;;32;;
260915;0500;;34;;
260915;0600;;33;;
260915;0700;;38;;
260915;0800;;37;;
260915;0900;;41;;
260915;1000;;25;;
260915;1100;;23;;
260915;1200;;18;;
260915;1300;;14;;
260915;1400;;9;;
260915;1500;;9;;
260915;1600;;6;;
260915;1700;;11;;
260915;1800;;12;;
260915;1900;;14;;
260915;2000;;9;;
260915;2100;;14;;
260915;2200;;20;;
260915;2300;;21;;
260916;0000;;13;;
260916;0100;;19;;
260916;0200;;17;;
260916;0300;;51;;
260916;0400;;32;;
260916;0500;;32;;
260916;0600;;32;;
260916;0700;;31;;
260916;0800;;29;;
260916;0900;;26;;
260916;1000;24;;;
260916;1100;22;;;
260916;1200;15;;;
260916;1300;20;;;
260916;1400;28;;;
260916;1500;20;;;
260916;1600;14;;;
260916;1700;13;;;
260916;1800;16;;;
260916;1900;21;;;
260916;2000;17;;;
260916;2100;31;;;
260916;2200;40;;;
260916;2300;54;;;
260917;0000;52;;;
260917;0100;42;;;
260917;0200;39;;;
260917;0300;34;;;
260917;0400;34;;;
260917;0500;34;;;
260917;0600;42;;;
260917;0700;36;;;
260917;0800;34;;;
260917;0900;45;;;
260917;1000;35;;;
260917;1100;37;;;
260917;1200;26;;;
260917;1300;22;;;
260917;1400;17;;;
260917;1500;20;;;
260917;1600;19;;;
260917;1700;16;;;
260917;1800;15;;;
260917;1900;20;;;
260917;2000;16;;;
260917;2100;16;;;
260917;2200;13;;;
260917;2300;14;;;
260918;0000;16;;;
260918;0100;18;;;
260918;0200;14;;;
260918;0300;26;;;
260918;0400;24;;;
260918;0500;20;;;
260918;0600;27;;;
260918;0700;37;;;
260918;0800;40;;;
260918;0900;33;;;
260918;1000;33;;;
260918;1100;28;;;
260918;1200;25;;;
260918;1300;29;;;
260918;1400;26;;;
260918;1500;22;;;
260918;1600;23;;;
260918;1700;17;;;
260918;1800;19;;;
260918;1900;16;;;
260918;2000;16;;;
260918;2100;10;;;
260918;2200;16;;;
260918;2300;23;;;
260919;0000;17;;;
260919;0100;22;;;
260919;0200;22;;;
260919;0300;30;;;
260919;0400;19;;;
260919;0500;16;;;
260919;0600;15;;;
260919;0700;10;;;
260919;0800;11;;;
260919;0900;12;;;
260919;1000;12;;;
260919;1100;20;;;
260919;1200;17;;;
260919;1300;21;;;
260919;1400;21;;;
260919;1500;16;;;
260919;1600;15;;;
260919;1700;12;;;
260919;1800;10;;;
260919;1900;21;;;
260919;2000;13;;;
260919;2100;11;;;
260919;2200;10;;;
260919;2300;7;;;
260920;0000;4;;;
260920;0100;5;;;
260920;0200;9;;;
260920;0300;6;;;
260920;0400;9;;;
260920;0500;10;;;
260920;0600;7;;;
260920;0700;5;;;
260920;0800;4;;;
260920;0900;4;;;
260920;1000;2;;;
260920;1100;1;;;
260920;1200;1;;;
260920;1300;1;;;
260920;1400;1;;;
260920;1500;4;;;
260920;1600;3;;;
260920;1700;1;;;
260920;1800;6;;;
260920;1900;4;;;
260920;2000;1;;;
260920;2100;2;;;
260920;2200;6;;;
260920;2300;5;;;
260921;0000;3;;;
260921;0100;3;;;
260921;0200;9;;;
260921;0300;7;;;
260921;0400;5;;;
260921;0500;6;;;
260921;0600;6;;;
260921;0700;8;;;
260921;0800;18;;;
260921;0900;7;;;
260921;1000;;9;;
260921;1100;;9;;
260921;1200;;15;;
260921;1300;;10;;
260921;1400;;10;;
260921;1500;;6;;
260921;1600;;4;;
260921;1700;;4;;
260921;1800;;5;;
260921;1900;;5;;
260921;2000;;11;;
260921;2100;;7;;
260921;2200;;8;;
260921;2300;;5;;
260922;0000;;9;;
260922;0100;;8;;
260922;0200;;14;;
260922;0300;;17;;
260922;0400;;13;;
260922;0500;;15;;
260922;0600;;20;;
260922;0700;;20;;
260922;0800;;15;;
260922;0900;;17;;
260922;1000;;22;;
260922;1100;;15;;
260922;1200;;20;;
260922;1300;;23;;
260922;1400;;13;;
260922;1500;;9;;
260922;1600;;11;;
260922;1700;;10;;
260922;1800;;15;;
260922;1900;;14;;
260922;2000;;10;;
260922;2100;;8;;
260922;2200;;9;;
260922;2300;;14;;
260923;0000;;16;;
260923;0100;;13;;
260923;0200;;12;;
260923;0300;;15;;
260923;0400;;10;;
260923;0500;;18;;
260923;0600;;22;;
260923;0700;;20;;
260923;0800;;14;;
260923;0900;;23;;
260923;1000;;18;;
260923;1100;;20;;
260923;1200;;20;;
260923;1300;;19;;
260923;1400;;17;;
260923;1500;;22;;
260923;1600;;19;;
260923;1700;;17;;
260923;1800;;13;;
260923;1900;;19;;
260923;2000;;21;;
260923;2100;;33;;
260923;2200;;31;;
260923;2300;;19;;
260924;0000;;;25;
260924;0100;;;38;
260924;0200;;;37;
260924;0300;;;40;
260924;0400;;;29;
260924;0500;;;39;
260924;0600;;;33;
260924;0700;;;30;
260924;0800;;;36;
260924;0900;;;36;
260924;1000;;41;;
260924;1100;;38;;
260924;1200;;33;;
260924;1300;;46;;
260924;1400;;32;;
260924;1500;;17;;
260924;1600;;9;;
260924;1700;;10;;
260924;1800;;7;;
260924;1900;;5;;
260924;2000;;6;;
260924;2100;;11;;
260924;2200;;9;;
260924;2300;;9;;
260925;0000;;8;;
260925;0100;;10;;
260925;0200;;9;;
260925;0300;;14;;
260925;0400;;18;;
260925;0500;;16;;
260925;0600;;18;;
260925;0700;;21;;
260925;0800;;13;;
260925;0900;;18;;
260925;1000;;;15;
260925;1100;;;12;
260925;1200;;;12;
260925;1300;;;15;
260925;1400;;;18;
260925;1500;;;15;
260925;1600;;;26;
260925;1700;;;20;
260925;1800;;;18;
260925;1900;;;24;
260925;2000;;;28;
260925;2100;;;35;
260925;2200;;;43;
260925;2300;;;52;
260926;0000;;;48;
260926;0100;;;50;
260926;0200;;;35;
260926;0300;;;34;
260926;0400;;;25;
260926;0500;;;24;
260926;0600;;;27;
260926;0700;;;26;
260926;0800;;;33;
260926;0900;;;38;
260926;1000;;;29;
260926;1100;;;28;
260926;1200;;;22;
260926;1300;;;23;
260926;1400;;;18;
260926;1500;;;29;
260926;1600;;;26;
260926;1700;;;27;
260926;1800;;;25;
260926;1900;;;18;
260926;2000;;;12;
260926;2100;;;11;
260926;2200;;;10;
260926;2300;;;7;
260927;0000;;;3;
260927;0100;;;1;
260927;0200;;;4;
260927;0300;;;3;
260927;0400;;;10;
260927;0500;;;11;
260927;0600;;;15;
260927;0700;;;16;
260927;0800;;;19;
260927;0900;;;15;
260927;1000;;;12;
260927;1100;;;16;
260927;1200;;;16;
260927;1300;;;11;
260927;1400;;;7;
260927;1500;;;6;
260927;1600;;;6;
260927;1700;;;7;
260927;1800;;;5;
260927;1900;;;;
260927;2000;;;;
260927;2100;;;;
260927;2200;;;;
260927;2300;;;;
